i,alpha_hat
0,-1.0319005081477144
1,-0.7079370845795753
2,1.133531782687006
3,-0.34856042900406625
4,0.051115251503513315
5,1.0430658079706034
6,-0.06585270759216355
7,-1.7895496027428155
8,-0.9374602151316118
9,-0.837287756241494
10,0.9558714315799838
11,-0.6039981548726999
12,-0.2780742459342304
13,-0.04936065096144138
14,-0.7929238675492122
15,1.357344163616426
16,-0.11231787172769067
17,-2.876036687505951
18,0.21825981249545823
19,-0.6906483247346571
20,-1.4378004214787223
21,-0.8489536473414288
22,-1.5316663573424936
23,-1.3885914925148888
24,-1.2606905429893132
25,-2.2491680105867897
26,0.613558616886258
27,-0.3221360912472129
28,-2.146481092093051
29,0.8279157729239714
30,0.12123408569359373
31,-1.0199766409523572
32,0.4774585726063971
33,0.930402298652061
34,0.09240191589035784
35,0.6583873611067017
36,-0.0979030541300126
37,-0.6544691768705444
38,-0.34588202962499526
39,-1.1011686690170501
40,-1.4689542762824455
41,-1.0435785663374146
42,-1.837571788743813
43,1.5771880463124788
44,0.7352303494157897
45,-2.093587878683739
46,-0.34031940970364566
47,-1.2013252038923006
48,0.375475612127375
49,-0.3141075554911034
50,-0.13084800160139617
51,-0.34304454113928795
52,-0.8649842347999033
53,0.7264624374184842
54,-0.47929235713884966
55,0.77463528633688
56,-1.9813834627820737
57,-0.36229761758674606
58,-0.4506173989120662
59,-0.4134703529005383
60,0.07474284129045222
61,-0.9740901366778586
62,-0.7328686922888785
63,-1.7516673934284883
64,-1.3761263926321532
65,-0.001575924941300516
66,0.0227973311435612
67,-0.6246502906842487
68,0.8009830948634293
69,1.2576752078887785
70,-0.9680025835476956
71,-2.6699408664078743
72,0.7316400085655919
73,-1.3686254313583666
74,-1.1462541318241497
75,0.5657935088799658
76,-0.7156887373106144
77,-1.7389380195879838
78,-0.03251322590712569
79,-0.8639984504449431
80,-0.896856265626067
81,0.10131747832291416
82,-0.9347288278114283
83,0.1649181533043902
84,-1.105010927080687
85,-0.16423062255124626
86,0.376178227088237
87,-0.0006379896022183917
88,-0.7337647754182559
89,0.5717029503924064
90,0.4578480545009968
91,-0.05864041370806716
92,-0.3876993313520902
93,-1.508017837162094
94,0.9358858023435395
95,-0.8307172126279169
96,1.4656276719008172
97,0.8837831710548929
98,-0.9823284856574211
99,-1.577432036971203
100,-1.2846727382831753
101,-0.6583788858201761
102,-0.584767215932458
103,-0.7267848920546792
104,-1.5301501208316228
105,-0.37235032143928193
106,-1.605976814250654
107,-2.377222376968223
108,-0.849039161144735
109,0.19629229117757424
110,-0.9182183994973203
111,-0.11154732789005184
112,-2.001376584613931
113,-0.7177912334980316
114,-0.08849246180247872
115,-0.002933887282058012
116,-0.30669764960127655
117,-0.5988604860639766
118,-1.5109547385577038
119,-1.280726132363004
120,-0.4264078845403974
121,-1.2071270596647314
122,-0.6718397964799578
123,-1.0459409394125343
124,1.3185426564145777
125,-1.1802716842287468
126,0.10180015552536903
127,-0.6683998334483047
128,-1.1334221432499412
129,-0.4856481631282693
130,0.9763552483752738
131,0.1306742472428859
132,-0.32540865576306877
133,-1.3700152084520472
134,-2.89184939415132
135,0.794050847763378
136,-2.027179831003161
137,0.4504701009892211
138,1.5453736188075102
139,-1.9956351667295866
140,-0.057814085640773005
141,-0.23821474183814895
142,-1.8463827978842093
143,-1.7675846925621124
144,-2.078203591038233
145,-0.6866804095377709
146,-1.2602224753435685
147,0.5614803729978355
148,2.101950430216985
149,-1.8305671796358594
150,-0.38199310338963444
151,0.3425531525713905
152,0.0654713199877861
153,-1.5731219669856296
154,-0.2942784805960831
155,-0.96833416266355
156,0.07979009176420902
157,-1.1802673227422447
158,0.04883095813986538
159,-0.8358824358314418
160,0.5803291520970704
161,-1.6002963310779514
162,-1.6818392367424169
163,2.285196215428947
164,-1.0393330923227528
165,-0.29247499367429586
166,0.24710700954449494
167,-0.8060912937714444
168,0.24764325141358332
169,-0.10952743711550239
170,-1.235276007896665
171,-0.14735895068360705
172,-0.7193490281980338
173,1.6934574935789175
174,-1.6154454823900242
175,-1.2707409947851556
176,-0.35942538568946125
177,-0.25034190438264003
178,-0.011937589550789829
179,-0.5263863533208455
180,-1.2853228944509247
181,0.6919250619379306
182,-0.7526476988107563
183,-1.6205343098567384
184,-0.6244868593313794
185,-0.2862611232623036
186,0.5842294540351933
187,-0.3177107710159164
188,0.266729650902068
189,-1.22396579664528
190,-0.39488364194532943
191,-0.93567530117947
192,-0.3602427671639401
193,-1.1837407415177177
194,-1.6509343561481922
195,1.9138555902006664
196,0.35963137644039084
197,-1.5823954490299144
198,-1.0130574568298294
199,-1.9202041489158619
200,0.9823484458182603
201,1.1388214171852655
202,-1.6003053195335784
203,-0.19962106691558357
204,-0.7552323187333325
205,-1.5233730134249264
206,-1.259847974767892
207,-0.970673404529155
208,1.1688036559357555
209,-0.7096774249499864
210,0.12250517149854234
211,0.3908887554592937
212,0.6585543465294672
213,-1.584521388710808
214,-1.2873396854982644
215,0.8256415130468757
216,-1.1659135931875526
217,-1.592694957189681
218,-1.6371204447487333
219,-1.9524817968813966
220,-1.293171754440546
221,0.30319787951101596
222,0.3979803280510532
223,0.15744702438507424
224,-0.624534812022786
225,-0.6960462085961518
226,-1.1474719293578928
227,-1.1745160171678113
228,0.2553183431265494
229,-1.3134098402569725
230,1.487299608006733
231,-0.7833940320410588
232,-0.28536208787136064
233,-1.4987551687895566
234,-0.998567620222151
235,-1.5518729630049537
236,-0.653119535169377
237,-0.2679243538490147
238,-0.3776998226795412
239,-1.4719635797325772
240,-1.3658506920022009
241,-0.918739158836757
242,1.0950020320866378
243,-1.4232671786294715
244,-0.8760695515511697
245,1.0701332334632334
246,-0.5713808439345612
247,-1.8825172299639021
248,-1.5880780388245999
249,-0.5421405382284649
250,-0.5632998368277682
251,-1.530733664598858
252,-1.0318085916524242
253,0.008577993646179727
254,0.6706467965797448
255,-0.568984632662163
256,0.2325529246257848
257,0.023796118411483436
258,-0.8602882907220991
259,-1.7761697472660476
260,-0.911894505230842
261,-1.4627113497781903
262,-0.7063696279215187
263,0.636827406920827
264,2.1334321864142316
265,1.465028833498229
266,-0.6135577130617194
267,-2.0517039893217595
268,-0.9134522701623234
269,-0.4712625070017333
270,0.21336978308320076
271,0.535223655844778
272,0.534955580234661
273,-2.163321530084093
274,0.6657220760475708
275,-0.58055498716665
276,-0.42941090646337576
277,-0.4739822755206191
278,0.01951897723271101
279,-0.8106153648614711
280,-2.011614780977337
281,0.13645885199388164
282,0.009667254321881424
283,-1.1629565546667688
284,-0.07780081412715387
285,-0.5450358443626253
286,-0.1802279772615809
287,0.9309290937329597
288,-0.6610153445512557
289,-0.13592196357052783
290,0.2959511665342702
291,0.43598913020129115
292,0.545494714164439
293,-1.3808280741802885
294,1.4781646624165288
295,-0.06489181621105439
296,1.2425045814159015
297,-1.9005883947837663
298,-0.5535950302440964
299,0.41439422667438774
300,-1.4726388233311156
301,-1.4178879659595325
302,-1.6859146295282579
303,-1.736640096464544
304,-1.3937150669073823
305,-0.46606534097389757
306,-2.7916330131644562
307,0.02283537972654054
308,0.5148997749864026
309,1.569792042076747
310,0.5267362682844952
311,0.32572424195409844
312,-1.977685801632579
313,-0.5529271505432793
314,-0.5540321850508256
315,0.08060660374064965
316,-0.05868806570149443
317,-1.6206133043362687
318,0.8509118698026061
319,0.6755959842046133
320,-0.6776851899725943
321,0.8862003183492051
322,-2.0368002100491376
323,0.667639011596866
324,-1.1380600287609626
325,-0.056643677798877023
326,-0.34766782760099263
327,0.14842565920187134
328,0.8444133560775642
329,-0.7116069522735147
330,0.3747322513958108
331,-2.1851784399358976
332,-0.9586722196583504
333,0.8958507187267086
334,-0.35314411642190136
335,-2.549021117029783
336,-1.451040952619477
337,-1.2976671047531547
338,0.04476432861817048
339,-0.585043531338996
340,-0.6051983865975146
341,0.32362783367900794
342,1.3500603599257461
343,-0.8233786340851891
344,-0.6293726100912336
345,-2.7337393119920828
346,-0.30067627451768797
347,-1.3696285191761934
348,-1.5765308475584463
349,-0.6737879525321203
350,-0.23995324877073
351,-2.544824761463369
352,-0.82763461849074
353,-0.2651006994145325
354,-1.1330435252563449
355,-0.3729277792839031
356,-0.4730068473756676
357,-0.759332797138894
358,-3.014655291623761
359,2.0627975513979893
360,-0.9759977613738837
361,-0.007338764274774867
362,-0.44656578555155757
363,0.5720274520739952
364,0.7606264925595275
365,-1.224780222269969
366,-0.046705523802703874
367,-1.4254717626643476
368,0.5418006404942339
369,-1.0331928565777495
370,1.9305968172658372
371,-1.6763634797531102
372,-1.0152569113507437
373,0.16668479575390638
374,-0.0670083717935227
375,-1.1033870889593733
376,-1.512302180903666
377,-0.594543007364607
378,-0.16422120795234818
379,-2.2965098059430344
380,-0.13332613889594724
381,-0.01622128821522062
382,-0.1531214011307982
383,-1.6612751090817208
384,-0.19034405662003828
385,0.6242021511866003
386,-0.07918287969845295
387,-1.5509606471943365
388,-0.7380665898434119
389,-0.27695707132667713
390,-0.9645904722355974
391,-2.8031465668197684
392,0.47970227686074507
393,-1.1412358250093522
394,-1.149965593273944
395,1.285386846013262
396,-1.488154510390646
397,0.45053473263691257
398,-1.3500021299391576
399,-1.0430218141973047
400,-0.5165473291940919
401,-2.133919648053771
402,-0.916131717220765
403,-0.34133182700468073
404,0.2922362728086631
405,-2.0731933319047346
406,-0.1442296949623007
407,0.5843610636135619
408,-0.903122763347846
409,-0.07540166910391517
410,0.13314314392733345
411,0.09637351531275212
412,-0.812562854838501
413,-0.6692546353150466
414,-1.1311058237904676
415,-2.8317128456576044
416,-0.4479281350730355
417,0.484879908498409
418,-0.2352149633573717
419,-1.0079983854815486
420,1.2328646983784393
421,-0.22016395741355854
422,-0.29848682322788256
423,0.8091615939687633
424,-1.4125722328958292
425,-1.1222457150175804
426,1.7387096003055351
427,-0.6649268480355769
428,1.6444624999976596
429,-2.2181271018677107
430,0.010433041927114362
431,-0.35734892072956337
432,-0.16953785136168742
433,-1.8377524513549925
434,-0.5633539113223932
435,-1.5634273223408486
436,-0.0931958974658027
437,0.4505376115619987
438,-2.3441410714253923
439,0.8864479432840657
440,-2.522551485431645
441,-0.21179593409020414
442,0.11155764191392747
443,-0.11361358739253347
444,-1.5978746089887716
445,-0.4253448821449262
446,-0.19699359403944683
447,0.11114529414853719
448,-2.497415554643969
449,-1.9746782768814812
450,0.5677066614988748
451,0.3874979247493624
452,0.023300515235830155
453,0.4015693397850907
454,0.1660037470041369
455,-3.292203108623939
456,0.7056740910142043
457,-0.8607979505419041
458,-0.4777310602990758
459,-0.8374915854847904
460,0.10251320807756614
461,-0.7078900807828232
462,0.41531972521642113
463,-0.669676721940163
464,-1.5899165681093579
465,1.0344787308427466
466,0.06540069406117621
467,1.1254522287407032
468,0.039053363319571655
469,1.02257227675974
470,1.5764042081524132
471,-0.8249809521162755
472,-1.811385946954019
473,-0.6629849275737747
474,-0.6007407262288965
475,-0.6544866173225395
476,1.1025606709773337
477,-1.0310723249994513
478,-0.19043166036261605
479,-0.8194947216769541
480,-0.7678478642735416
481,-0.3636222018352523
482,1.0530034142594804
483,-0.2697171612357506
484,0.2178073626798892
485,0.44430010758964894
486,0.5824233953905134
487,-1.0804980539440407
488,1.3880723278445932
489,-1.0763658538208043
490,-0.7113539040992425
491,0.5277753159092772
492,0.38528780972528354
493,-2.0503838896632467
494,-0.9852506568519606
495,-2.0892905515580824
496,-0.34921236996635296
497,-0.7450709395504309
498,-0.029787454095898336
499,0.2385420130681435
500,-0.5667492125799947
501,-2.1369023875168023
502,0.2469277148630677
503,0.2596734394608111
504,-2.0159712464276276
505,-0.21202534278174312
506,-1.6080753869592455
507,-2.5368957355624078
508,-0.17159396066851096
509,-0.8148522690775258
510,-0.8090718229000871
511,-0.473217070213938
512,0.3046366869211026
513,-0.0019431440648201154
514,-1.0457006279310654
515,-1.2531492679273426
516,-0.7663921098441828
517,-0.3043262541637548
518,-1.7095188738086171
519,-1.256016232793761
520,0.19398255757996863
521,-0.7974373546092106
522,-1.7192322726431675
523,-1.23946153354213
524,0.9530051009924408
525,-0.07193065390925091
526,0.716643576915411
527,-0.1948183758109944
528,-0.08340674981164065
529,-1.0117801414012462
530,-0.2940913857122766
531,-1.2819985895296897
532,-1.6308308843324484
533,-0.3648264528468444
534,1.5041418348144853
535,-0.07042165379579773
536,0.39294288368586683
537,-0.012899367561536312
538,-1.0208073279799188
539,-0.11989223652846509
540,-1.007845198888996
541,-0.9279376358663936
542,0.1381693112763986
543,-1.60254422148212
544,0.918459882763561
545,0.08170705134099276
546,-1.7597803130932061
547,-0.07970773739461748
548,1.8603079076865707
549,-1.1919645181473644
550,-0.06324116124857015
551,-1.3805054590466634
552,0.6289948264948056
553,0.12536172815543256
554,1.385355233923675
555,-1.7228723095656981
556,-0.7474358432819297
557,-1.1356754659789023
558,-0.6498766692461501
559,-1.0224772506739268
560,-1.733722225049789
561,-0.43817783412888534
562,-1.6460843320578515
563,1.13187106295315
564,-1.8084051796690201
565,-0.37165822582349267
566,0.21591965205074698
567,-0.24861161394106557
568,-1.1433459846644514
569,-0.323099690028396
570,0.4803060186146517
571,-1.7439655591876217
572,-1.2995877693697164
573,-0.03815275493902681
574,-0.8022926649347987
575,0.7692436721179252
576,0.008972479655615095
577,-0.8751343242897586
578,-2.09717073293349
579,-0.6040783129696566
580,-0.8334713238488005
581,-0.47095536807672644
582,-1.8539703284433393
583,-0.16681382923178423
584,-2.059276646859996
585,-0.5093506857824711
586,0.4081888763614089
587,-0.988339559841294
588,-0.050990546915310464
589,-1.6276202012002359
590,-4.01089558956305
591,-0.2504202934707875
592,-0.14411897186616607
593,-0.6799885392643241
594,0.14439609679290955
595,-1.6523093002655358
596,-0.637474667239897
597,-2.6164334977529045
598,0.6598793471766554
599,1.486350183847084
600,0.48577049292653174
601,-0.31047767454897635
602,-0.6651209540088981
603,-1.9940807430119065
604,0.2767698094075405
605,-0.5331859232993029
606,-1.4002221493235705
607,-1.8286449121314843
608,-0.5140973712584427
609,-1.0237612529256204
610,-0.74952910789128
611,-1.3874991175008027
612,0.9562552595790992
613,-0.7121161699461447
614,0.5429115955586962
615,-3.208581576596822
616,-1.310781380941413
617,-1.2904159755741706
618,-1.4249664716507915
619,1.3079970997712564
620,-1.6189876643530066
621,0.08763858008566805
622,0.151505930515482
623,-0.381286241412384
624,-1.1191672972127213
625,0.15704363015028838
626,-0.3924067688623581
627,-1.9159244405735119
628,-1.9571503855751504
629,1.4411442922194495
630,-1.2537661707852807
631,-2.6749134071380287
632,0.23484252584879184
633,-0.12078703260764156
634,-2.157672679821138
635,-2.086987721795615
636,-0.2157535048204411
637,0.6333425541316442
638,-0.18804661068753947
639,-1.4563639272840319
640,-1.6789217331961925
641,-0.23047289355839484
642,-0.03291373354521232
643,0.2847864730704269
644,-0.9018292209932606
645,0.4289296742874427
646,-1.6503469378479123
647,-0.9315002396387967
648,-0.01890385235531694
649,-0.42367013214198135
650,-2.7468683552721282
651,-0.8160798783868838
652,0.037230623350210934
653,-1.5428619441771478
654,0.4081145257095258
655,-1.3253234415912067
656,0.7300388054694605
657,-0.3241469750020275
658,-0.0038120533973691195
659,-0.48969263494630044
660,0.0750229600306771
661,0.9741045439068792
662,1.621731858643559
663,0.05499727061510451
664,-2.4719414083475595
665,-0.22936401309496746
666,-0.06660095541763877
667,-0.6910212475197235
668,-0.5073692978612214
669,0.9371533466822646
670,-1.1393500970006902
671,-0.6375145438143099
672,0.34738200807951825
673,-1.2165768315750778
674,-0.5448629494281044
675,-2.343553155997466
676,-1.810327693499455
677,-2.0785826118570703
678,-1.1560672130221255
679,-0.5988659411638737
680,-0.2655312861313649
681,0.6104925041000815
682,-0.501697272756888
683,-1.5333140014601687
684,-1.3679806402819223
685,-1.0031418202596454
686,-0.609340380787258
687,-0.4261977464689619
688,-0.4984351947104423
689,-3.0744896637941697
690,-0.9721216720979825
691,0.5605291277310356
692,0.7339380969179821
693,-1.3801554307073631
694,-1.8362027847722917
695,1.900836251946062
696,-0.9057448705852127
697,-0.6906069767726791
698,-0.06559153808141191
699,-2.4107155581624826
700,-1.2358030781120215
701,-2.1036005422574817
702,-1.539391976378346
703,-0.5491350310310092
704,-2.1378932518470384
705,0.37412019637735106
706,-0.0004548587750108357
707,-1.1909458373473516
708,-0.3836014979442844
709,0.08390741757223336
710,0.6358300415690358
711,-0.5103760313039732
712,-0.43286737456388513
713,-0.434392190585815
714,1.4112917426152611
715,0.33383997720718595
716,0.37828695207475327
717,-1.1114169542861168
718,-0.15099423274720003
719,-0.4296851800811733
720,-1.2452301036398226
721,-2.142348173528231
722,0.3487223105654785
723,-1.774000862436383
724,-0.4952326401438474
725,-0.561038503081757
726,0.010695579604744987
727,-0.4280748524911705
728,-1.5060145136690597
729,0.6311741740295949
730,1.0044100520642663
731,0.5827735846290771
732,-2.2316787226716195
733,0.7803584208311406
734,-0.6709592652996755
735,0.018052866786878285
736,0.08510246379941125
737,-0.490799100947636
738,-0.19985622168130443
739,0.23620833654065798
740,0.35818108287823547
741,0.6829346990476179
742,1.8323213212665168
743,0.24802368420225263
744,-0.5261649731603314
745,-2.785457037945172
746,1.905504392208862
747,-1.2664404820744688
748,1.3014242266919813
749,-0.27576636321515235
750,1.1253922341914415
751,-0.5639556030811077
752,0.34357415610236214
753,-0.44011933732387165
754,-0.6010424090916233
755,-0.4189656212648833
756,0.6491782489206896
757,-0.4125589555912421
758,-2.8924270796315534
759,-0.6770870964687419
760,0.6700776221741416
761,0.09443056519480306
762,0.039940040876273786
763,-1.802459250833767
764,-0.6733481741265943
765,-0.09678129862508245
766,0.21284036179812238
767,-0.9562988347148708
768,-0.9751200881472036
769,1.081770213674953
770,-2.102031584649301
771,-1.257643259415047
772,0.003154435583976767
773,-2.2122668020872958
774,-0.24666624387179617
775,1.5492301298563307
776,-0.8449628315761321
777,-0.8516378463805088
778,-0.2467925239076254
779,-0.763926283492929
780,0.18563762325784272
781,0.034628774309096944
782,-1.0541832773164224
783,-2.038165411537676
784,-2.035994531448341
785,-1.1775875318658777
786,0.48938303194382404
787,-2.462681551759282
788,-2.2962437064320937
789,-1.3863730186757106
790,-0.14955298538845
791,-1.3606567673045864
792,0.23804339755179516
793,-0.2685597564476181
794,-0.6283953761921595
795,0.42893343906518966
796,-0.34188824019510416
797,-1.3767796511497574
798,-0.3357280232298583
799,0.276096410774799
800,-0.12092107952601122
801,-1.1993359489699187
802,0.49516804462252423
803,0.46019769314205294
804,-0.6582250143766887
805,-0.2714723397390937
806,-0.8099432314207561
807,1.5484304998023242
808,-0.3028653571295271
809,-0.48927740092894323
810,-3.148317454061676
811,-2.018728317158509
812,-0.42557459673754605
813,0.1995044926734182
814,-0.06467879739956861
815,0.4481057049699835
816,-0.5428402779691336
817,0.5406767606720918
818,-1.838231921703485
819,-1.7856577018693367
820,-1.3510180113453498
821,0.39725555638975807
822,-0.2701594997083874
823,0.616513183455847
824,-0.47103912718390145
825,-1.5419429687892763
826,-0.763974500061593
827,-2.03416430304512
828,-0.8006525828303029
829,-1.7213165348006685
830,0.27235592349230175
831,-1.0903949047722197
832,0.19620081667342856
833,1.0672677458366548
834,-0.8719986707349277
835,-0.11936465191253093
836,-2.2045632389395484
837,-1.6305098583305715
838,-0.5343728397308867
839,-0.175662321920942
840,-1.4506799484143298
841,1.6589926701885978
842,-0.9017978757014347
843,-0.42846489997729587
844,0.10274950451079934
845,0.001529993629215659
846,-1.2172632989947791
847,0.47235066132337683
848,1.1565210970624489
849,-0.7140240256197306
850,0.061979694404565855
851,-0.198804943527521
852,0.4410099959518894
853,-2.0771885707813227
854,1.4518666073966298
855,-1.1445406361217734
856,-1.9352295548792031
857,-0.7481692833620786
858,-0.37248189303242796
859,1.2043760866810342
860,0.8703978151759336
861,-0.7043102064336846
862,-1.951826768097373
863,-1.8632167897589722
864,-0.19641645175537048
865,2.2276157373732883
866,-2.7684934165630413
867,0.9571829106615144
868,-0.9490795782580523
869,1.0978471888025065
870,-1.5688388870896746
871,-0.39512596097324315
872,-1.3954376334613503
873,0.26557631273914173
874,0.1623825960071008
875,1.6906692545593105
876,0.20604845534888008
877,1.5964841114193447
878,0.22132085018170436
879,-0.7998717511381847
880,-0.09700104777413643
881,-1.5736798338090807
882,-0.9156491582772055
883,0.7902191907063845
884,-0.35685925920043776
885,-0.46938552683650053
886,-1.3946371311263168
887,-1.3006862950425426
888,-1.5563505014470667
889,-0.46341158964308404
890,-1.540956474285963
891,0.4173501495693802
892,-1.765629893041949
893,1.339266922073852
894,0.05908863492508609
895,-1.2330390891458536
896,0.18898833965375708
897,-0.5178942063987886
898,0.07373449808208976
899,-0.26310704685056274
900,-1.3205057825348452
901,-1.2290994647399893
902,-0.48902996673918236
903,1.2965879447612707
904,0.9294508361580593
905,-1.0507564289293447
906,0.502981231975431
907,-0.4725984144113377
908,0.09194550628995146
909,-0.6293197327249864
910,1.9642544431076705
911,-1.2488624392158678
912,-0.3349754041407254
913,-2.1366964379642392
914,-0.0013300737364879134
915,0.6102571842964547
916,0.48275071053420515
917,-2.4933370498640137
918,-0.22521576496736967
919,1.0138739054528112
920,-1.1761813008862207
921,-0.6397385679514801
922,-0.07337785892809567
923,0.0030865915586187342
924,-0.18765199897558804
925,0.8674525207985198
926,-0.5158144479148958
927,0.18199057457228324
928,2.382528111522222
929,-0.3126731367870696
930,-0.2682445404323998
931,-1.9008654413644344
932,-0.24990866762566843
933,-0.5530030350898463
934,-0.5107953177323549
935,-1.2360606139714938
936,-1.5028855819011329
937,-1.3201185335479904
938,-0.8595249365261471
939,0.5594968038106973
940,0.3189343445246767
941,-1.2500173686010791
942,-2.2033074851098244
943,-1.276027023816169
944,-0.9694804675005877
945,-0.42294838660233836
946,-1.307768597468587
947,1.226824820076639
948,-1.096994808538328
949,-1.368017836903019
950,-0.269588648151085
951,-1.3598496752672422
952,0.06464560879766035
953,-0.13179969522461144
954,8.518378831534612e-05
955,-1.8391156583877548
956,-0.3887339490606866
957,-0.4937723786490439
958,-2.0037747970796067
959,0.29673066665719194
960,0.39936312318656786
961,2.162899613671544
962,-0.034664695669304774
963,-0.38812737419133825
964,-0.5343321411317521
965,-0.935914114297919
966,-2.6646516694004703
967,-2.1974634284813668
968,-0.5455685753962201
969,-1.2679019588296065
970,-0.40680778157322384
971,-2.479013321488849
972,-1.6953144124375954
973,-1.5743160384987254
974,0.329957923218471
975,-1.8451242116640025
976,-1.5597351888710822
977,-0.21596387113710513
978,-0.893773270386719
979,-0.420922876543137
980,1.6351792136688599
981,-2.020281988353873
982,-0.5645708171149317
983,-1.1637129361675265
984,1.0684160818476478
985,-1.3427639348629674
986,-0.6214376783730056
987,0.7062099054085894
988,-1.4373650434675278
989,0.9652103206580754
990,0.4037792002285775
991,-1.3539124713828794
992,-0.26999026332332277
993,-0.41934706233709285
994,-0.18990838715375857
995,-0.5951712248469447
996,0.6876544427861959
997,-1.9563142370585953
998,-0.6941610279819916
999,-1.1709930614555963
1000,-1.8189419698328368
1001,-1.2287805204368047
1002,-0.472117948468591
1003,-0.8227573224730298
1004,-2.767727302669475
1005,0.45405222242832055
1006,-0.3248751330309449
1007,2.32610551623023
1008,0.1662614038867243
1009,-1.3652782373975523
1010,2.0695717270962426
1011,2.2464500984718843
1012,-1.505978860826409
1013,-0.02249124784677803
1014,-0.7517515464322708
1015,-0.2520551661502153
1016,-0.14610426340735033
1017,-0.8130067544383897
1018,-0.3630649947623137
1019,1.0800595558697887
1020,-0.8443490217730089
1021,-0.6699603819295896
1022,0.7180633918975612
1023,0.3846956911100694
1024,-2.308044963835497
1025,-0.779810440069417
1026,0.870645562989501
1027,1.0942197443145356
1028,-0.11723139881834377
1029,0.6752132342777581
1030,-1.5695761023058985
1031,-0.3903809119850796
1032,-1.512677768680075
1033,-1.434852905081509
1034,0.3004121528502779
1035,-1.386747022217378
1036,0.07906038799853854
1037,0.23362201747153344
1038,-0.5904692614822933
1039,1.5568114175444645
1040,-1.3801265246781131
1041,0.09770856264355432
1042,-1.2336719926881698
1043,-0.7038456552740258
1044,0.15783283739824516
1045,-1.239831406247059
1046,-1.8896900586543888
1047,-1.224000354126098
1048,1.0154872091216582
1049,-0.5499693795990428
1050,-0.33926739409254214
1051,-0.5458722408977104
1052,-0.021076703233136707
1053,-1.4059549837036163
1054,0.564931356384748
1055,0.6868674388555573
1056,-1.4176609885569333
1057,-0.1716889546604491
1058,-0.1856234704500897
1059,-0.15155677068524556
1060,1.0989020341320868
1061,-0.9365787155183405
1062,0.4901511683788258
1063,0.5888714394894279
1064,-0.8701199272684133
1065,-1.328440565060811
1066,-1.4839081147741804
1067,0.23673128360726692
1068,-0.520532023773654
1069,1.475683493004704
1070,0.2886114326605129
1071,-0.9552185121069798
1072,-1.6342541067733505
1073,-1.177581059585863
1074,-0.12305028685606367
1075,-1.1159189018105764
1076,-0.022967371401230174
1077,-1.0575697801269146
1078,-0.3861917240588113
1079,-1.147623753209482
1080,1.6558716238809823
1081,-0.201014652119073
1082,-0.06090493348821735
1083,-1.8619207690369703
1084,-0.10653784728587853
1085,-1.2564911283319145
1086,-1.268606039001421
1087,0.17778263230587965
1088,-1.1986980494829977
1089,-2.5093548165067143
1090,1.3779632375425734
1091,-2.8783219640477116
1092,0.3684088921289914
1093,-0.15743491639739027
1094,-0.9502509134341992
1095,-0.5558361661204921
1096,-0.23320778544798035
1097,0.761341969896661
1098,0.024797309442355975
1099,-0.9275150449936544
1100,0.6508982304632184
1101,0.13341090332334885
1102,-1.6447209707623436
1103,-1.3257802842946171
1104,-0.17208064077822532
1105,-0.8533288874987797
1106,-1.6205990625840632
1107,-0.30247465956556385
1108,-1.5983817058254277
1109,-0.24650374903104133
1110,-1.5442158581901562
1111,0.22066399293597252
1112,1.7973936871607619
1113,-1.3197879931362486
1114,0.24964481638329772
1115,0.2406874369493307
1116,-0.2345466671888805
1117,-0.8704043685851407
1118,0.858895529214841
1119,-2.3904466133245053
1120,-1.765203008233247
1121,-1.5075069499028868
1122,0.8398167735783498
1123,-1.122999169462418
1124,-0.8486926688756898
1125,2.2029908341560707
1126,-0.7408694477781202
1127,-1.0093341202612274
1128,-0.3762026373061948
1129,-1.827109473460743
1130,0.08913400471123123
1131,-0.6408308318951698
1132,-0.09728515095316212
1133,-1.3000932840669743
1134,-1.8333274814790155
1135,-1.2444621624857997
1136,-1.016358765985986
1137,0.3650660545256761
1138,0.6892371120480599
1139,-0.6514499302366066
1140,-0.8602611033472872
1141,-1.0708623883770771
1142,-0.35759758847310646
1143,-0.6163172035024074
1144,-0.06688545816735625
1145,-1.2562648799159277
1146,-1.2874161478660282
1147,0.4240104585962066
1148,-1.3362160717624711
1149,-0.4586532590973087
1150,-0.33694663720404827
1151,-1.595674816345065
1152,0.13649721832566447
1153,-0.6826754212189907
1154,0.4910924467938218
1155,-0.10449429269578542
1156,-0.651029991438759
1157,-0.44717402587195243
1158,-1.544042653032655
1159,-1.4545452988154717
1160,-0.22509269114700048
1161,-0.769631712883581
1162,-0.9410435255717371
1163,-0.2940026250623119
1164,-1.0542745496883703
1165,-2.524440611186683
1166,-0.06960854581328979
1167,0.210847185299456
1168,-2.02921715473309
1169,1.371709020733408
1170,-0.15863281427605352
1171,0.39352810916155573
1172,-1.4961205029600753
1173,-0.22044877151014522
1174,-0.7413921848197995
1175,0.3501621972420349
1176,-0.9300328871283443
1177,-0.7592844914707197
1178,-2.134560319401575
1179,-1.6395317428623035
1180,-0.3633036550251997
1181,-1.2567609499966965
1182,-0.7560287206395746
1183,-1.1213695188982193
1184,-0.14668973001337193
1185,0.6527378769698428
1186,-1.2776016007294144
1187,-0.6712587954262332
1188,1.3905663019500012
1189,-2.2714973660349727
1190,-0.6423652944182922
1191,1.3585527059259843
1192,1.7565513503265828
1193,-0.6091164328608032
1194,-1.1986719210179428
1195,-0.3079776623663298
1196,-1.11682829732377
1197,0.658850565758526
1198,-1.161840435301357
1199,0.0671099410924369
1200,0.3932589822047129
1201,-1.755832849621128
1202,0.3096828809721359
1203,-1.0262966698521638
1204,-0.10906452180091028
1205,1.3192845294660829
1206,-1.7311911126867885
1207,0.4765294694017955
1208,-0.8312514910614739
1209,0.005378022189578752
1210,-0.17016199486953962
1211,-1.1090226686317057
1212,-0.12007803359126779
1213,-1.709356334433273
1214,-0.5977343758187623
1215,0.37991937819009525
1216,-2.7056348490613886
1217,-1.8784427902797924
1218,-1.4707588519501935
1219,-2.1003619326665657
1220,-0.21808058671082442
1221,-1.8300346805757894
1222,-2.4040105645745875
1223,-1.6917716327957484
1224,-0.8085244158166122
1225,0.020417550046347932
1226,-1.999561440251331
1227,0.4601248438702099
1228,-0.24712971901539255
1229,0.10392784898987506
1230,-1.750894688042193
1231,1.2864081483922325
1232,-0.9620909946461588
1233,-2.297172892028204
1234,-0.7557544663186468
1235,-2.4204308639671996
1236,-0.38564982363049705
1237,-0.7977553735234809
1238,-0.4484209844496698
1239,0.3493363429479722
1240,-1.5824041743668122
1241,0.40439598468631444
1242,0.5568669155498193
1243,-1.020786739337037
1244,-0.8368684651541154
1245,0.3348066699893194
1246,-0.2604223231776283
1247,-0.014599541339093247
1248,0.7721872598139945
1249,-0.016854016135417316
1250,0.795387656091258
1251,-0.03681566850272178
1252,-0.7628086660009243
1253,-0.38219261036942587
1254,0.6788169247238666
1255,-1.571142719904468
1256,-1.876663517194773
1257,0.21922471157389167
1258,-1.0029785435004062
1259,0.046801364962361314
1260,-0.026905889246332748
1261,0.332361896333191
1262,-0.46809324204947417
1263,-1.0792037398954912
1264,-0.3611801662632342
1265,0.7505318458863232
1266,0.10095425185751217
1267,1.0006924754584863
1268,-0.5888537826164759
1269,0.5899317667957311
1270,0.527670780524013
1271,-0.2333931345198712
1272,-0.641591800242858
1273,-0.7101306676981649
1274,-0.6606365499035636
1275,-0.22905448591999852
1276,-0.8324092985644738
1277,0.6165602612748802
1278,-0.5718689596695654
1279,-0.04632853006164672
1280,-1.0795545082874543
1281,-0.5446633604600941
1282,-0.38126972267852166
1283,-2.764559177536338
1284,-1.9444860435455948
1285,-0.1579870822329067
1286,-0.7508321363040609
1287,-1.2878734981278912
1288,-2.5452748300231156
1289,-1.3090525681783587
1290,0.12946265303705684
1291,1.3031822025763797
1292,-0.871476647743223
1293,0.959667273977377
1294,-0.4389816695275348
1295,-0.4435968262736709
1296,-0.06783994103070667
1297,-1.5264499336697865
1298,-0.7595477253221026
1299,0.713934299481204
1300,-0.5017731561787366
1301,-0.5867476312546694
1302,-1.4047944830970485
1303,0.04813992198035155
1304,0.550624787543849
1305,-0.1123218310201124
1306,-1.9121090140515222
1307,-0.62408723634539
1308,-1.2216963645329755
1309,-0.22436791141218526
1310,0.4931906544244722
1311,-0.9721520925439269
1312,-0.042835172554402945
1313,-1.0796900668905915
1314,-0.5921909716882553
1315,0.2624993888781444
1316,-1.2470077556177772
1317,-2.5430183891310243
1318,0.4939017108346466
1319,-0.5405890571211212
1320,-1.3641220853396767
1321,-2.4578774560763406
1322,1.0368230788870292
1323,2.855726033930512
1324,-0.3821012239823871
1325,-0.1096902462521443
1326,0.9541318404802309
1327,-1.0411998493783994
1328,-0.7500160185768812
1329,-2.4220176219340974
1330,-1.3291494500404628
1331,-0.06824792430447497
1332,-0.8210613162091395
1333,-0.5677392767882445
1334,-0.7268229605666748
1335,-2.291724399800589
1336,0.6125134277201394
1337,-2.2823896665801917
1338,-0.6587718291950406
1339,-0.9550225859956321
1340,-0.4904881351555528
1341,1.3586556872258932
1342,-1.0938662523754465
1343,-0.7912519415895876
1344,-2.2097525247248813
1345,-1.8989673515845844
1346,-1.6106873416075467
1347,-0.09397220602733003
1348,-1.6135120904320566
1349,-0.20329977449601894
1350,-1.1708759716665917
1351,-2.550758443636988
1352,-1.3871273105456305
1353,-0.10391823470890815
1354,0.469496122615086
1355,2.0352293167926265
1356,-0.4036294582916603
1357,-1.7980944186091197
1358,-1.0948785119756657
1359,-0.13259849645553345
1360,1.7520888212461838
1361,-0.26076851898201336
1362,0.6637076706210709
1363,-0.15349718795219866
1364,-2.0793566998955484
1365,-0.445560307689848
1366,0.3919220477350258
1367,0.2602871557604869
1368,0.004268746876068263
1369,0.06548904323685595
1370,-0.8561716423814512
1371,-1.8743664219334324
1372,0.8618934087383718
1373,-1.6602518360673708
1374,-1.4196484952821389
1375,0.12218830880353826
1376,-1.9051780408484
1377,-1.3434631847935943
1378,-1.840727033299185
1379,0.11763669008775957
1380,-0.33391866898546124
1381,-0.5300719738927074
1382,-0.5518838945045356
1383,-0.12159422044840344
1384,0.29140392353981315
1385,-3.1493569397659424
1386,-0.8650805867811633
1387,-0.6597814741024279
1388,-0.07704215410921261
1389,-1.2557726066684467
1390,-1.0605135641685606
1391,-1.4663479459853737
1392,0.43434108676806343
1393,0.7184096615515873
1394,0.5708390906229205
1395,-1.5289231807664843
1396,-0.21067619556303796
1397,1.001473528135203
1398,-0.273636357495774
1399,-1.234002045145029
1400,-1.6715367309090234
1401,-1.0709764808592457
1402,0.12109761395387508
1403,-0.7498216751533016
1404,-0.10596400662555205
1405,0.8508906014271258
1406,-0.06872181352186092
1407,0.5429927518981382
1408,-2.222181919231334
1409,-0.6962574330390335
1410,-0.5874830018999433
1411,-0.06466864880901368
1412,-1.7917440754450005
1413,0.2993796079807377
1414,-0.03373444997576225
1415,-0.15380016215207618
1416,-0.6311105762930116
1417,-0.6631842113229554
1418,0.2727938027049953
1419,0.09672619548602701
1420,-0.6331039970590537
1421,0.4245326941588846
1422,-0.11240347139456008
1423,0.1554977540819281
1424,-1.1308518114877295
1425,0.9071302798220429
1426,-0.47023033512701795
1427,0.6804175401496656
1428,-0.5077830968153297
1429,-1.1082071406237026
1430,0.34120932653031466
1431,-1.8691111720007139
1432,-0.020345568678410475
1433,-0.024630938613161624
1434,-3.823990694703414
1435,-0.16696728619611667
1436,-2.966476770176002
1437,0.49995733338016357
1438,-0.707674989000706
1439,-1.4753711556447884
1440,-0.7225990372207873
1441,1.2594389162093338
1442,-1.2165962219539126
1443,0.011146360860875726
1444,0.04176072088942007
1445,-1.8878596308581566
1446,-2.000978673836379
1447,-2.703627695309067
1448,-0.0065975294697397935
1449,-0.9425719049121563
1450,1.5109655814486946
1451,0.39478852204559045
1452,0.37223291443519047
1453,0.6268498215371179
1454,-1.1486220271292495
1455,-0.04329225007791561
1456,0.4057640745291249
1457,0.8447105822552596
1458,0.3231321708188507
1459,-0.19686967953133572
1460,-1.3067380290850559
1461,-0.05295858487870664
1462,0.20140320631279118
1463,0.2888861518537938
1464,0.12988894994236522
1465,-0.45966118413608203
1466,-0.3197324582886553
1467,0.9349374503154793
1468,-0.12694315836522918
1469,-1.4693116751629716
1470,-0.7912800254139954
1471,-2.002017275785774
1472,-1.8504615356235803
1473,-0.7636882970836042
1474,-2.247464333955315
1475,-1.879011606929241
1476,0.3516890712637527
1477,-0.9821336804296078
1478,-2.492603490544835
1479,-0.6927550368769481
1480,0.9267665656992188
1481,0.2956260803605272
1482,0.07118507178608074
1483,0.68793391453398
1484,-1.4447194965993293
1485,-0.028245960982805338
1486,-1.3575984784517732
1487,-0.37600289665617304
1488,1.508250995894179
1489,0.04509529337481011
1490,-0.13653135520063642
1491,-1.5042388390599344
1492,-1.2922089852029202
1493,1.0825294759457074
1494,-1.744668001828183
1495,-0.5328049608329021
1496,0.21766788773013768
1497,0.1314357010671603
1498,0.6110425242295713
1499,-0.602036387677226
1500,-1.079444798171822
1501,-0.8459112655834877
1502,-1.5193495691131607
1503,0.44555973454414294
1504,0.5354934937492526
1505,2.027135917927197
1506,-0.3629321561949794
1507,-1.4437498042615347
1508,0.4344008073503911
1509,0.5097437130674549
1510,-0.6100860759855075
1511,-1.8225045452383857
1512,0.4122967249066966
1513,0.5697711206069396
1514,-0.8186797823236952
1515,0.31974381564250026
1516,-0.9393046912348271
1517,0.16207017278995028
1518,-0.5177969119988023
1519,-0.6562565084781641
1520,-0.04675187339879561
1521,-0.7446890464625369
1522,-0.9245686532329075
1523,-1.1654085052818286
1524,-0.32323942678411355
1525,-0.30924868258711413
1526,0.7258276589936151
1527,-1.572357425722576
1528,-0.9743115559909125
1529,-0.12287697755272164
1530,0.8100472455107486
1531,-0.4291550352053657
1532,-0.4533691811328544
1533,-1.2333186414504897
1534,-0.15034991716906518
1535,0.6285002970032639
1536,-0.2155437231205355
1537,-0.2214440319682558
1538,-0.11023145410668872
1539,-0.464423191899715
1540,0.22510541481209517
1541,-0.4294341500597008
1542,-0.3651285842828862
1543,1.3034156058725281
1544,-0.7876979036605879
1545,1.1708963364218727
1546,-0.5987260438193438
1547,-0.16671681520534032
1548,-2.021571639262664
1549,-0.5607800333186257
1550,-0.9806432648472346
1551,-1.7333884019286865
1552,-1.6107931102162136
1553,0.2707515301885887
1554,0.47008625730457304
1555,-1.706370032883346
1556,0.08056501914867609
1557,-1.8664318314887582
1558,-1.532806276068859
1559,-0.20676697662285093
1560,-0.9642252146729879
1561,0.3955029501843238
1562,-0.7695680131935917
1563,-0.01821420695641418
1564,-0.5656890343329859
1565,-1.4587301675038735
1566,0.30239737447870696
1567,-0.28157774148759074
1568,-0.6730416867965131
1569,-0.38115233323279907
1570,0.587201308711105
1571,-1.1285863609805404
1572,-1.391569358857462
1573,-1.2229680450264673
1574,-2.6429094034143614
1575,0.23198849974431934
1576,-0.42044584202838803
1577,-0.2036265193287532
1578,-0.6252355836303841
1579,-0.7099107874543373
1580,-1.192522694568803
1581,0.8861500006812273
1582,-2.2721389487387236
1583,-0.5537275538092057
1584,-1.080950558776116
1585,-0.7929677621082725
1586,-1.303392235664297
1587,-1.2343209003501274
1588,0.9314756399662499
1589,0.31803721115803296
1590,-2.426463442449466
1591,-0.7529393367338099
1592,-0.901880244162836
1593,-1.8909622231241503
1594,-0.49541873225612326
1595,-0.6726661954937101
1596,-0.7484305990242692
1597,1.5626528434270657
1598,-2.846240203252788
1599,-0.15537755079272886
1600,-0.1956991204730807
1601,0.14139285890417352
1602,-0.5335331734912501
1603,-1.3835951187924305
1604,-2.407088132518491
1605,-0.7570279901219695
1606,2.13954075907089
1607,0.587629063486463
1608,1.726372774223883
1609,0.2715414637066974
1610,0.7333011174452881
1611,0.20247889613578401
1612,0.31937265428185824
1613,-1.3103802998889562
1614,-1.0048628162539028
1615,-2.333751926138808
1616,-0.7384695547745578
1617,0.371383687036167
1618,0.5888306517897832
1619,-0.8385818953864761
1620,-1.1877025434292339
1621,2.9153209082196088
1622,0.2790852704704757
1623,0.500362340991998
1624,-0.6605594228505295
1625,-0.5983234779589766
1626,-0.47078005079116375
1627,1.0447663637223004
1628,-1.076470960556645
1629,-0.35370836908551306
1630,-2.708075531310325
1631,-1.054862916563047
1632,-2.029829280765213
1633,0.4751920069458389
1634,-0.6633076388756047
1635,-0.612204981416388
1636,0.41853171283437396
1637,0.8481889100719606
1638,-1.4052058747617862
1639,0.32999907397174577
1640,-2.1586320344392362
1641,-0.9254953468014068
1642,0.8252243537135178
1643,0.4978400368385303
1644,0.31641345800963205
1645,-0.9123920824920673
1646,-1.8003340251500388
1647,-1.511126228813163
1648,0.567513304375259
1649,-0.6262209697255989
1650,-2.6861698393332825
1651,-1.0935350500148717
1652,0.47222093853861424
1653,-0.07032086743892241
1654,-1.6285929410655648
1655,-2.1106069429369314
1656,-1.3356239164849606
1657,-0.5462218246605742
1658,0.3508387813197361
1659,-2.511271828052104
1660,0.39465382006671157
1661,-0.549446821908995
1662,-0.08141849176281363
1663,-2.2694250710592954
1664,-1.2747394474109068
1665,-1.0736230486183218
1666,-0.00166796018891735
1667,0.3241672705382872
1668,0.2155481607621415
1669,0.9123297216867001
1670,-1.006272176017034
1671,0.5431815158553915
1672,-0.7631200107930407
1673,-1.423656996193936
1674,0.47108274004343514
1675,0.7313305283922461
1676,0.7450477197896355
1677,-0.9854646768047932
1678,-0.8359644870337593
1679,0.8550848666491275
1680,-0.143431055201623
1681,0.1407096769999301
1682,-1.0990134431540797
1683,0.981919510452816
1684,-1.4867939237204157
1685,0.43148937437622026
1686,-1.2163938775229333
1687,-3.310379796161377
1688,-1.8542387300810197
1689,-0.6733247123245562
1690,0.4028996828372052
1691,-2.779776190764222
1692,-1.8826081476406513
1693,1.2490277761183561
1694,-0.8266645094783966
1695,-0.232500197048646
1696,-0.4353745202589645
1697,-1.048071040175254
1698,-0.6107192583404903
1699,-0.6088458122110149
1700,-0.8677820922757589
1701,-0.8032533976156488
1702,-3.6462423306986524
1703,1.296258876159234
1704,1.0127349498448996
1705,-1.3094279496590746
1706,-0.9148511919660172
1707,0.8725467330258433
1708,0.15497609131080026
1709,0.8087505188682558
1710,-1.1380757888146156
1711,2.1210449998115353
1712,-1.383988404146435
1713,0.22250718401885794
1714,-0.3925300589391012
1715,-0.9116764416132119
1716,-0.5969648871977229
1717,-1.539944027977268
1718,1.0234209421972604
1719,-0.5742207882716239
1720,-0.29537342397830235
1721,-0.8163906176587027
1722,-1.1526762950002385
1723,-1.6413154107504422
1724,-0.21541218874045856
1725,-2.1847936972380415
1726,-1.8770257788811022
1727,-1.8039692945519188
1728,-1.2820708988824343
1729,-0.14446079743188922
1730,0.8895164103066775
1731,-2.3179116155089123
1732,-0.17200046656098383
1733,0.3764464559091815
1734,-1.206658848758279
1735,-0.32358777278361744
1736,0.24164721117983345
1737,-0.6825120468725224
1738,-0.8460484516093328
1739,0.01062082041556045
1740,-0.9178578708774309
1741,-1.0448062647197802
1742,-0.31117759712227566
1743,1.72831427689556
1744,0.27412952953458875
1745,-1.6927380304415292
1746,-1.8096391617348633
1747,-0.8310059119034218
1748,0.6912831550455434
1749,-0.5342412636063817
1750,-1.576905500158281
1751,0.6550577930979731
1752,0.1308433749638303
1753,-1.8317624470445233
1754,0.09469300511644685
1755,0.9232795396497235
1756,0.10023105881892946
1757,-0.5004551352172364
1758,-1.2073791714142788
1759,-0.5199269438628256
1760,-1.336881826124425
1761,-2.1373335189542297
1762,-0.5620377553299618
1763,-0.6608340240155941
1764,1.9963409318436647
1765,-1.7124216809746657
1766,-0.8058536845353088
1767,-0.0647099405052119
1768,0.3990923325030912
1769,-0.8758490150334015
1770,-1.22677963404519
1771,-0.3500559362053721
1772,1.8664440037617362
1773,0.319312113419377
1774,-2.6412788749715146
1775,1.343988078308448
1776,0.3104073374840836
1777,-0.15935215285169746
1778,-0.7964217949696532
1779,-0.4665393065941672
1780,-0.31349871575203175
1781,-1.2236300375803055
1782,-0.3112650664376081
1783,-1.6949586158437842
1784,-0.28474835045584707
1785,0.7385423076951521
1786,-0.31288078544745246
1787,0.3894769743037534
1788,-1.6126884885301918
1789,-0.38302768092273876
1790,-0.0874247340514871
1791,-1.3993030090179117
1792,1.0604548953338897
1793,-1.413711249787162
1794,-0.04091305538568013
1795,-0.6560042759163428
1796,-0.6275143926726188
1797,-1.0249603123953506
1798,-0.5098869235519056
1799,-1.5723322943820293
1800,-1.7151172224215643
1801,-1.4075527174180094
1802,-0.6479442451130157
1803,0.9660568071515732
1804,1.2158983670592505
1805,-0.35629558060243305
1806,0.17608046003691072
1807,-0.44848877075262894
1808,-0.41622131410067426
1809,-1.8848171776018705
1810,0.20325423094139172
1811,-1.258089787915603
1812,-0.22284060680621848
1813,-0.7381722823296364
1814,-1.4069485181393502
1815,-0.7122377907114106
1816,-0.46742909382968767
1817,0.03902269993019279
1818,-0.16553695063952537
1819,0.3048734141764312
1820,-2.0671258860254937
1821,1.0679218372213386
1822,-0.1500666719995661
1823,-1.5876507947146323
1824,-0.32745410053961765
1825,0.14193309180849
1826,-1.6035511584518685
1827,1.1594143373234214
1828,-1.0982684556964941
1829,0.6365011601147647
1830,-0.6013556465912003
1831,-1.1033692819718526
1832,-2.0003390868679083
1833,-1.3522813957641082
1834,-0.8394235601771046
1835,0.5149837896352651
1836,-2.0789881125891485
1837,1.0105331917716516
1838,0.9228106715140578
1839,-1.6871625341325325
1840,-0.17933055251011898
1841,-1.1421679936596052
1842,-1.4226976352337626
1843,0.6805246126468963
1844,0.19328233120714622
1845,-1.3533290941501712
1846,-0.6902044715304022
1847,-1.6984421761653066
1848,-0.32822577246836526
1849,-1.8022190140926126
1850,-2.6378369562692763
1851,0.8855583048991162
1852,1.4988382932468372
1853,-0.9885044711911908
1854,0.23248363046588172
1855,-0.586814980310522
1856,0.9932064567405761
1857,0.14234528937469398
1858,-0.8476838885714015
1859,-2.344135020059391
1860,0.2925709268316179
1861,-0.8586342283487144
1862,-2.021018860027508
1863,-0.6554017494315414
1864,-0.46973250714852766
1865,-0.1252255715612669
1866,-1.548767203428676
1867,-0.9274932069170185
1868,0.6965715888392912
1869,0.9436300888158096
1870,0.38076149834825135
1871,1.333468365169558
1872,-0.5296242670194908
1873,-0.8936940237522119
1874,-0.05025619410767651
1875,0.6298767061557686
1876,2.1160610287783426
1877,-2.4643282055848057
1878,-1.0898914235514376
1879,0.07843111280645398
1880,-0.5795083701223841
1881,-1.7961855634264792
1882,-0.05936505384320878
1883,-1.349866103352034
1884,-0.024921950686131455
1885,0.7226931032043269
1886,0.6193142685274027
1887,-1.74383967395687
1888,0.3989458607402116
1889,-1.3909408842575886
1890,-1.8715114998890012
1891,0.5490471212981888
1892,0.5324486825721012
1893,-0.5431200039475415
1894,0.37388013044455726
1895,-1.2121881287700795
1896,-0.864900554786823
1897,-0.44586008824427975
1898,-0.7589353059619655
1899,0.5550463581599545
1900,1.3399375883271087
1901,-0.9583306527416758
1902,-1.0282970039070585
1903,1.277635672279996
1904,-0.8706562158641313
1905,-3.0987716213477414
1906,0.2063471569452754
1907,-1.3703449001533352
1908,-1.6666753810808475
1909,0.8465597286864552
1910,1.893298437822231
1911,-1.7774684922434403
1912,0.7686792116214547
1913,-0.4855009215402758
1914,-0.3015507129548497
1915,1.0726245421315355
1916,-0.5144330974333857
1917,-1.2546447365696185
1918,-0.30059193168919474
1919,0.05034597386316364
1920,-2.8503537204630316
1921,0.475691949453922
1922,-2.0854977188856614
1923,-0.8475144733021964
1924,-1.0966398664069792
1925,0.8234276073712963
1926,-0.4595171487095937
1927,-0.34851534173502
1928,-0.15573254234547196
1929,-1.3068273414659395
1930,-0.6614156906684251
1931,1.1500826394866899
1932,0.03312969892292239
1933,-1.9510333344167008
1934,-0.3245773153912944
1935,-2.0724826725320185
1936,-1.3116589095474678
1937,0.5409104609489275
1938,-2.9139652334566355
1939,-2.600771089894619
1940,0.7938335387133435
1941,-1.2367091063629991
1942,0.6235018261871401
1943,-0.8559646351697887
1944,-0.1020630754520283
1945,0.057652834158194444
1946,-0.9834205913776086
1947,-1.0795776134324564
1948,-1.6478477800583624
1949,2.228561444380526
1950,-0.29414318980898
1951,0.09957005961014376
1952,-0.8209640451273997
1953,-0.8143757585330027
1954,0.7858122840885521
1955,-0.8721297392076596
1956,-0.7410212175129098
1957,-0.41054418049227287
1958,-0.5066506103009585
1959,1.6476995188963843
1960,-1.9285992346316807
1961,0.972384472621362
1962,-0.9698624014403983
1963,0.8403408151149334
1964,-2.1857243458815594
1965,0.3054163565887461
1966,0.4033936922225837
1967,-1.7237620982201833
1968,-1.3676925781130393
1969,-0.3362804187118595
1970,0.48754818517686027
1971,-0.9216585607629395
1972,-0.7275193069948962
1973,1.018108757786508
1974,-1.9296759003422133
1975,0.4782641716673468
1976,-0.3684674731083879
1977,-1.39210835280736
1978,-1.3349890215490294
1979,-4.504410203043374e-05
1980,-0.574816048618366
1981,0.3511806545686432
1982,-1.5871924251012692
1983,-2.3190368419094582
1984,0.9389677373191547
1985,-1.2188093212137106
1986,-0.5115957146784196
1987,1.1282986221011204
1988,-0.7377186664798192
1989,0.8662942519125719
1990,-1.6156924428970902
1991,0.5299248357788982
1992,-0.5671173410571826
1993,-0.7932452144082895
1994,-1.787259039404883
1995,0.004497734982012669
1996,-0.30414316291055177
1997,-0.4324978720125903
1998,0.23560980540179494
1999,-0.6305074283210494
2000,-0.7190026676024794
2001,0.09399271117021446
2002,-1.123869436417258
2003,0.36160280887747526
2004,-0.7498788256592208
2005,-1.1289037256318355
2006,-2.4796080611262994
2007,-0.9893836738116556
2008,1.12996453698679
2009,-1.0389666308242793
2010,-1.5325694821492921
2011,0.06573109976807145
2012,-0.1787042197270874
2013,0.22953442731361617
2014,-1.0673394778006753
2015,0.35332654134764896
2016,-1.3015260789442964
2017,-0.2324644618669528
2018,-0.7119695987843836
2019,-0.087771083746091
2020,-0.4669075095603624
2021,0.8170827668986866
2022,1.256492505287657
2023,-0.3482203307133478
2024,-1.381154430883006
2025,-0.8493787349329669
2026,-0.9964522944275377
2027,-0.37165297038678113
2028,1.4259201137301298
2029,-1.5509377133053428
2030,-1.0653705950732126
2031,-0.978065808734251
2032,0.28346700715709394
2033,0.19708575125545924
2034,-1.5931238221481916
2035,0.09761160194245022
2036,-0.88950740433224
2037,0.7573677943829102
2038,0.5403122814116457
2039,-0.6953275919488848
2040,-0.5360167613499055
2041,0.1910111547936857
2042,-1.8691683255814704
2043,-0.5501350726011199
2044,-0.22029336024161272
2045,-0.9243311733107411
2046,-0.7200556146700174
2047,-0.6811273995178336
2048,-1.0932001064267185
2049,-1.5360356667933381
2050,-0.47588800806039677
2051,-1.485483603209448
2052,0.7128256773407989
2053,1.1064618203308154
2054,0.020014268329669876
2055,0.09021228977874585
2056,-0.5336922944488378
2057,0.552489649981465
2058,-0.03464760515295778
2059,-0.22192876197226763
2060,0.6948680629524623
2061,-1.722434319187829
2062,1.210755735635097
2063,0.004543472388241487
2064,-0.001749328999010924
2065,-0.8278825942327019
2066,-0.3699947107622352
2067,-0.006423006792404581
2068,-2.1429172028037904
2069,-1.0456019260465474
2070,0.10637778458954483
2071,-0.4556890849563566
2072,-1.4716902501490476
2073,-0.7178817503010693
2074,-0.10335915240914073
2075,-2.577687064271572
2076,0.09001153529752648
2077,-2.3349068521145706
2078,-0.7710737483860188
2079,-1.378169081003346
2080,-1.4070340775248835
2081,-1.6467765247580437
2082,-0.22206504543290606
2083,-0.4291059059519525
2084,-0.7922490465586303
2085,-3.060615565805164
2086,-1.5762328117378899
2087,-0.9506614389978083
2088,-0.8342083300439748
2089,-1.0344963151381072
2090,0.3584133259575917
2091,-0.5393359204363626
2092,-1.2578414517988792
2093,-0.9511104866313964
2094,-0.7676494057008625
2095,-1.4855740490670428
2096,-1.3257669420261906
2097,-0.5761333842687566
2098,0.11664432316239494
2099,-0.5413751717610651
2100,-0.6154963758273188
2101,-0.33168383060868845
2102,0.585245748376978
2103,-0.2646431590387817
2104,0.2955687028531997
2105,-1.818625637784623
2106,-0.3616322323302243
2107,-0.970038648822535
2108,-0.7311412404401286
2109,-0.3035548344382095
2110,-0.5667908389294809
2111,-1.4267214468456169
2112,-1.4350879773453713
2113,-0.4757927781984576
2114,0.6527680178299313
2115,-1.2003793346786886
2116,-0.8807255765152984
2117,0.1313048511689541
2118,-0.8280724328427234
2119,-0.3112202600392716
2120,-0.7028941220492445
2121,-1.1335636535379616
2122,-0.02483376095637807
2123,0.014380878897915284
2124,0.5338626418198866
2125,0.11114002857514887
2126,-1.165017118351401
2127,-0.7813861472241626
2128,-0.46663552661395785
2129,0.11597845313612731
2130,-0.41617884324449594
2131,-1.343001522628088
2132,-0.7707305692148085
2133,0.8824572567842981
2134,-3.239949366830052
2135,-0.5358044153793889
2136,-0.5884859390499705
2137,-1.5467731287307618
2138,0.32250950660020306
2139,-2.7030242481368836
2140,0.7226215769914992
2141,-1.907705596945322
2142,-2.8775474722537155
2143,-1.2127744028785723
2144,-0.5614359633449045
2145,-1.1644158580344546
2146,-1.4237041214430586
2147,-0.05470146099671453
2148,-1.6190836472538468
2149,-0.7031427372639777
2150,-0.09231193909882296
2151,0.9999050668643077
2152,-0.10274888703039053
2153,0.9406290826399303
2154,0.1060585940472839
2155,-0.45897022146515853
2156,-2.7815945196630523
2157,-1.7973687595018093
2158,-0.8423594962239068
2159,0.36072440859023597
2160,-0.6974869617350636
2161,0.0938997862000468
2162,-1.74344283644811
2163,-0.6665055332802485
2164,-0.13268485050550471
2165,-0.6404571332817917
2166,-0.16750375775918597
2167,-1.1055513506381827
2168,-0.19014001920502888
2169,-0.4945115004096942
2170,-0.48830453870067825
2171,-2.255195252978182
2172,-0.9338070404237325
2173,-1.8730712212840692
2174,-2.009899516883256
2175,-0.809284855748801
2176,-0.4373485084088897
2177,0.0026375603155248672
2178,0.9258437833369154
2179,0.2485227923184108
2180,0.22854303799461217
2181,-1.7957899498968872
2182,-0.9158304000622401
2183,0.44581356772881264
2184,-0.4342398469213007
2185,-1.792767430782575
2186,-1.40192777537945
2187,0.39665000440203335
2188,-1.3221419106633192
2189,-0.5183344610696877
2190,-0.41398792343416047
2191,-1.1978203290470275
2192,-0.6044105866977688
2193,-0.1287478748995151
2194,-0.6640543465348847
2195,0.5929728782029474
2196,-0.7521359322010465
2197,-1.9430750681675133
2198,-0.6957267985971859
2199,0.13191385091285723
2200,1.651522319015453
2201,-1.0652277975339597
2202,-0.6309346090252776
2203,0.06520678986684142
2204,0.7232410748349665
2205,-1.1571153498211733
2206,-0.08007896746317811
2207,-0.9532230358050819
2208,-1.355444694160674
2209,0.20786342391534773
2210,-0.5499070855966884
2211,-0.06313933746543254
2212,-1.36687520806222
2213,1.3425332724863988
2214,-0.1612875548534286
2215,-0.9626223732105526
2216,0.5456242240661558
2217,-1.5246908590061063
2218,-0.4228768450287272
2219,1.0630072370142605
2220,-0.8534818402077111
2221,0.54260636649056
2222,-0.9069402003827045
2223,-3.243236007558631
2224,-0.9324682694297994
2225,-0.49726513585022913
2226,0.7277018018741805
2227,-1.3020728892705344
2228,-0.7139922108153786
2229,-1.059064938541855
2230,-1.3128862874872556
2231,-1.3779613507630861
2232,1.1817578197909167
2233,0.262916349458697
2234,0.09037543554304606
2235,0.4715736504299559
2236,-1.2785852196095897
2237,-0.2595525766464192
2238,-0.3560587476363789
2239,-1.454467990939182
2240,-1.2816944565521455
2241,-0.35564623891230407
2242,-0.6284182072430197
2243,-0.36283830167908304
2244,-1.4700657128028323
2245,-2.379882248885706
2246,-0.5494369438895661
2247,-0.9766105044701169
2248,0.09287318935835598
2249,-1.6675312869951184
2250,-1.7744435453923972
2251,-0.6562770010449074
2252,-1.9175749007243865
2253,-3.15882490559941
2254,0.447932065550818
2255,0.3825854093051738
2256,-1.542788279424634
2257,-0.9900811536522887
2258,-1.549027238990156
2259,-0.5634142379658876
2260,-0.2694583652682862
2261,-1.11738411330243
2262,-1.095175584171866
2263,-1.5817614147593595
2264,-0.47974111083507376
2265,-0.26277551185732306
2266,-0.00698552104604816
2267,-1.5972566961111796
2268,-2.5576270355665507
2269,-0.15973292301678643
2270,-0.6190414145087634
2271,-0.6766177895435933
2272,0.2228566505244458
2273,-1.1230749098635693
2274,0.5016143705934538
2275,-1.5088388896355396
2276,-1.4456165052627683
2277,-0.9408481847497776
2278,-0.5207092253528605
2279,-0.48072312416239815
2280,-1.7793193904796076
2281,-1.052738087544177
2282,-3.0877776260275125
2283,-0.8765316450793841
2284,0.07676081564757468
2285,-0.26698856823957007
2286,0.09685419637955894
2287,0.05317462601039585
2288,0.479973364775118
2289,0.2107217342779562
2290,-1.7387809585264313
2291,-0.34298242363426545
2292,1.7430695316550924
2293,-1.0952239889835211
2294,-0.08829213051127949
2295,-0.8556067884528941
2296,0.4855438039268518
2297,-1.143805197977188
2298,-1.451111036087617
2299,-0.14059506735447025
2300,-0.1978452599386873
2301,-1.0666036257885392
2302,-0.07442109638083155
2303,0.08032602122421184
2304,-0.8822904950555874
2305,0.8352678275090475
2306,1.5732681418770855
2307,0.7376723190612862
2308,-0.7900010340142121
2309,-2.285114667316305
2310,-0.783944043716849
2311,0.4873790302820442
2312,0.12632835828957667
2313,-1.922888663549455
2314,-1.45065615411978
2315,-0.09072097275322577
2316,-0.12606172567879126
2317,0.2823284306553923
2318,0.8295242205506959
2319,-1.4702480169741083
2320,-1.8898691652908692
2321,-3.0265440603216005
2322,0.24994300267842295
2323,0.16737608992237607
2324,-0.19879923882862194
2325,-1.6528550437369294
2326,1.024489579824347
2327,-1.3319477332441854
2328,1.0991297068780188
2329,-0.09063129454551194
2330,0.7867183839841321
2331,0.08770963264136555
2332,-0.6874381703057177
2333,-1.7027819726535345
2334,-1.4379357560413983
2335,-0.09684096854751267
2336,-0.5139831530696265
2337,-0.15966581335204322
2338,-0.6032249706591443
2339,-0.28976203067212847
2340,-1.083714629824718
2341,-1.2067575385218399
2342,-2.199242316486006
2343,0.6958855233110767
2344,-0.20489880645390918
2345,-0.5735957004104215
2346,-1.3135246933359936
2347,-0.8759788220383413
2348,-1.3441742681427336
2349,-1.5282767172672596
2350,-1.8955929407056655
2351,0.4801334549383349
2352,-0.0409220019945411
2353,-1.5099070160031804
2354,0.622904608302802
2355,0.07389174285749012
2356,0.2801042929090629
2357,-1.3567166571110794
2358,-1.135337809970635
2359,-0.2754867777215921
2360,-0.3704584015406185
2361,0.6261890858728726
2362,0.823464807358701
2363,-0.9821849105030296
2364,-1.2613888518523237
2365,-0.6793380650118536
2366,2.746587944868113
2367,-0.71907205979857
2368,0.9725264932219138
2369,-0.8701377726272905
2370,-1.3663494502666385
2371,-1.4083753275799016
2372,-0.8130672735223434
2373,1.2418780308863109
2374,-0.3366051808292184
2375,-0.04566192698113647
2376,0.38821149254550125
2377,1.873605247280468
2378,0.2685154726257373
2379,-2.057727385622883
2380,-1.5274643898698645
2381,-2.3020684453222895
2382,-3.1814633793882012
2383,0.6899726509521703
2384,-0.5759360623081737
2385,-0.2212900156937414
2386,0.5341096102817935
2387,-1.3267656080113013
2388,-0.7237507319511661
2389,-0.39863854476468374
2390,-0.09018648153385656
2391,-1.0385081855070653
2392,0.5538196096362279
2393,-0.38872140587199433
2394,-0.5142820041015558
2395,-1.754507495050265
2396,0.4195957568244174
2397,0.9436132281392773
2398,1.0171337504349764
2399,0.15777698772272478
2400,-0.7206903652768077
2401,-0.7824720682432196
2402,-1.611569714933263
2403,-1.0123661960025467
2404,0.3056508113226022
2405,-0.9709850156157446
2406,-2.2821383607652725
2407,-2.4464713943703265
2408,-0.11564700315066889
2409,-0.5112983115622591
2410,-2.961608080073787
2411,-1.056892875958698
2412,-0.6701064545362958
2413,0.6141498590816697
2414,-2.418702414228552
2415,-2.0231786473435376
2416,-1.8542835111745022
2417,-0.5333445936327066
2418,-0.40460547349830583
2419,-0.3083075888627604
2420,-2.2590090640126603
2421,-1.29155155866097
2422,-0.8876373334627695
2423,-0.06259808383736121
2424,1.263746577130715
2425,-1.0213945014763333
2426,-0.15730113298816367
2427,-1.0143614211584246
2428,-1.6912371021985249
2429,0.3475406688522497
2430,-1.1049903614535215
2431,2.0470061491972062
2432,0.20788263402194052
2433,-0.296050141512578
2434,-0.7373649124682553
2435,1.328110793800185
2436,0.39655282563046157
2437,-0.79923810182989
2438,-1.4887513012083948
2439,-1.821921909800256
2440,-0.6387522745365051
2441,1.2929947058887148
2442,-0.00800644787367788
2443,-1.3777986437592051
2444,0.4113754641808779
2445,0.48974524226930205
2446,-1.2130218449607544
2447,-1.221005550017815
2448,-0.608105793800923
2449,-0.2564567259126391
2450,0.06321962807900405
2451,1.3052085254995445
2452,-0.5838992529192136
2453,-0.5872657861587256
2454,0.32187070571091647
2455,-0.11965500457140216
2456,0.22343465811823
2457,-0.5731343150206056
2458,-0.27613938189477144
2459,-2.080197203077063
2460,-0.044336331019419584
2461,-1.1774275937054401
2462,-1.6862765680483252
2463,-0.8909681268333626
2464,-0.24286530056957156
2465,-0.1913652458052783
2466,0.4201499298179934
2467,0.6588292832448717
2468,-0.10118764043469994
2469,-0.5320525934184592
2470,-2.0456250845181794
2471,-0.9463846330098233
2472,0.7785288191875789
2473,-0.1316098973039792
2474,-2.0121234745607555
2475,0.1261412216148491
2476,-0.3733354027959822
2477,-1.136181314390397
2478,-0.6302641538968304
2479,0.6068794901772296
2480,0.4541923075520885
2481,-1.0524261253074159
2482,-0.24759305570568685
2483,-1.9680291743140383
2484,-1.540873954025244
2485,1.6169556753262793
2486,0.9216914894171984
2487,-0.5268224051281709
2488,-1.282665563194106
2489,-2.272169699179243
2490,1.3923480565259312
2491,0.017457609410453934
2492,-1.3108223238988426
2493,0.5163216429298751
2494,-1.4420093838658983
2495,0.5680135522685197
2496,1.0918957483466252
2497,-0.35510168641350404
2498,0.577219447769674
2499,0.23138989697255652
2500,-1.0455592852657891
2501,0.007898479709258166
2502,-1.6079841885984325
2503,-1.1000854594861935
2504,0.576329723838471
2505,-0.6707799633007347
2506,-0.22859650404292953
2507,0.8049995568674922
2508,-1.8551368689869205
2509,0.8341480197594592
2510,1.4130394569103704
2511,0.09569361571909074
2512,-0.40353960947908596
2513,-1.015400758662397
2514,0.31942233095404643
2515,-1.0410499276204332
2516,-0.2136453002379819
2517,-1.2630143938123661
2518,0.24862371520785956
2519,-0.2942856757857497
2520,0.7886866293590242
2521,1.3845746943296955
2522,-1.0796304218842514
2523,0.2657866996170497
2524,-2.571788829757065
2525,-0.9071436980139271
2526,0.5124380446759288
2527,-1.1983386288913727
2528,-0.16069570113903958
2529,-1.2600366459513574
2530,-0.8423440653701799
2531,-0.7264308814116419
2532,-1.0244722641489616
2533,-2.862921865884129
2534,-0.446934821769537
2535,-0.048661774555942006
2536,-0.3933254040626879
2537,-1.3197353141118364
2538,0.4027262859000621
2539,0.5151434816600932
2540,-2.8028134059414924
2541,0.6252510323340638
2542,-2.2340539472345036
2543,-1.0160778107851933
2544,-1.455492853860291
2545,-0.9910628288930606
2546,0.43754391995954744
2547,0.027876763540817417
2548,-0.33767653342518017
2549,-2.837024469751726
2550,-0.20947726187654547
2551,0.4758245969325915
2552,0.1414609545814433
2553,-1.5136668803968871
2554,-0.03281462866936313
2555,-2.070061312936283
2556,1.2739159471296788
2557,-0.9376469204957366
2558,0.38470512743762675
2559,-0.1322784940958993
2560,-1.8881084037772582
2561,0.4311841661032423
2562,-0.8944708221778849
2563,0.17246749200501443
2564,-0.028280165593786433
2565,0.138949677278142
2566,-0.5842478220566528
2567,0.5358626163558551
2568,-0.911794988068656
2569,-0.11648441804800996
2570,-0.5320732616849579
2571,-0.042191680599792836
2572,-0.45848645421488643
2573,-0.12046275420161423
2574,-0.9441577240887746
2575,0.3628566730673753
2576,-0.9128720378193005
2577,1.5279846265331158
2578,0.03393480260245302
2579,-0.6645843458453251
2580,0.43405155448169674
2581,-0.4855800768840855
2582,-0.3095429289122682
2583,-0.15941214628153133
2584,0.19054617839287097
2585,-1.5180709587263381
2586,-1.6101223529574795
2587,-1.8995025207105063
2588,-0.6960951873488831
2589,0.7003265564334971
2590,-0.5680788502399147
2591,-1.9186328549132212
2592,1.8738840572236986
2593,0.4264513802179586
2594,1.374672065212087
2595,0.6021057242915583
2596,-1.0609844914477122
2597,-0.5899075279986221
2598,-1.8609782888037332
2599,0.11759915661318865
2600,1.5753036061872407
2601,-0.8780964887792684
2602,-2.064429569567331
2603,0.2332327695889726
2604,-1.753398300288463
2605,1.3773514009321932
2606,-0.11479499712577274
2607,-2.6775677268038645
2608,0.029017402460244618
2609,-0.9588244099788972
2610,-3.2391520441747628
2611,-0.4511905292341932
2612,-1.024378372476264
2613,-1.6724109485045195
2614,-0.22955661771813385
2615,0.8205256580513902
2616,1.5019314798391366
2617,-3.3369018282535716
2618,0.1924088300686232
2619,-0.7579059595346628
2620,0.2130692809431597
2621,-0.12959068709025023
2622,1.1631660077573165
2623,-1.9788709994543119
2624,-0.46101099840185256
2625,-0.45905046476523226
2626,0.511364940805451
2627,-0.8832553353159116
2628,0.46168311024199
2629,-1.0448848826939043
2630,-0.9434134769500523
2631,-0.17464616219798734
2632,-1.5469627698214643
2633,-1.0521575736167523
2634,0.7260063616452958
2635,0.7661015626969403
2636,0.6486100244049177
2637,-1.2159566287082315
2638,-0.31585573515011545
2639,-0.4248483040597785
2640,-1.7234163276082999
2641,-0.08684986270108941
2642,-1.1452402061999238
2643,-1.3234056901939026
2644,0.4077522269034749
2645,-1.0643079479465667
2646,-0.3109066270187252
2647,-1.5488058345507572
2648,-0.6245909315624725
2649,0.09435095215956368
2650,0.0432171203338747
2651,-1.8445574018846758
2652,0.7760423923332709
2653,0.880011143516541
2654,-0.00410659523642698
2655,-0.5857659455662839
2656,-0.7718677641694561
2657,-0.22767555069202133
2658,0.3407141836479195
2659,-0.47538239152300704
2660,0.364003197079443
2661,-0.9025832078808448
2662,0.5979674302663036
2663,-0.45756143278258987
2664,-2.5364916828806736
2665,-0.7398770318701818
2666,0.07952426072849594
2667,0.7868686180051294
2668,-0.6530635335182682
2669,-2.856016060879192
2670,-0.7532294494796337
2671,-1.6472275418177094
2672,-2.085248319283921
2673,-0.963431632764276
2674,-1.5946503716044678
2675,0.3013584014225017
2676,-1.3220831742594346
2677,-1.0784264838518332
2678,-0.5091741511216124
2679,0.3575513516476647
2680,-1.2377642660447314
2681,-0.9304525937551635
2682,-0.6705744896318968
2683,-1.8578222024217999
2684,0.11039015476164216
2685,-2.9694434012456448
2686,-1.191033160485469
2687,-2.105972841891357
2688,-2.0271413231090993
2689,-0.05641471703773787
2690,0.9057404466674164
2691,0.9280357015259939
2692,-0.7492588121132361
2693,-1.5761625660218193
2694,-1.3826781901422973
2695,0.6485604182785099
2696,-3.1402957688763293
2697,-0.7372379568929377
2698,-0.5822071126725024
2699,-1.2819968341769536
2700,-2.6785131873039325
2701,-0.5862335666638625
2702,-2.3590236499146333
2703,-0.4346414628152847
2704,-1.1902426246843087
2705,-0.8381464511465269
2706,-0.014884991995400207
2707,-0.911128780237306
2708,-1.468930445258168
2709,-1.1525294018969128
2710,-1.0722945589425816
2711,-1.9260880625822971
2712,-1.6507433829747087
2713,-1.0690606141668924
2714,-0.2799275569690428
2715,0.1482365672355136
2716,0.39607325912898395
2717,0.008435102702922678
2718,0.8812690916349706
2719,-1.3384515666146264
2720,0.5824445454284239
2721,0.3027129277637157
2722,-1.695640916068215
2723,-0.18286736342000304
2724,-2.0996374896631247
2725,0.5912788431351738
2726,-1.376666876683836
2727,-0.5478708354372744
2728,-1.965754340919501
2729,-1.5788325541024388
2730,1.298147156266192
2731,0.5478594515352984
2732,0.04113754189655139
2733,-0.0506399751714679
2734,0.2455210373162694
2735,0.2371075799073693
2736,1.1943323523297102
2737,0.4770221963021125
2738,-0.8020055980947525
2739,-0.8364432567502927
2740,-0.7298570004511924
2741,-0.7176332124289542
2742,-0.9529959981370241
2743,0.45000191510561915
2744,-3.257154268608585
2745,-1.1180600408721748
2746,-0.4262065363453873
2747,-2.447954174068403
2748,1.3164733649414315
2749,-0.746189997273133
2750,-1.5854399763378872
2751,-1.643083753579809
2752,0.21865597424746286
2753,1.257687481539946
2754,-0.6829640443429008
2755,-0.6295399662820853
2756,-1.124721143041066
2757,0.8252896476492121
2758,0.20868430853682063
2759,-2.61373744047086
2760,-1.6392404441121704
2761,-0.784640834143073
2762,-1.4227594290440517
2763,-0.9505135396708645
2764,-1.6912714899012613
2765,-0.006556324962677107
2766,0.09803775661386749
2767,0.5446847766310672
2768,-0.0042055621608872995
2769,0.9120005992269729
2770,-0.9588229103239074
2771,-2.661469286166947
2772,-0.4185607792629149
2773,0.34661971404135494
2774,-0.4568947899040334
2775,0.31026459037884513
2776,0.33968138703063444
2777,0.34706717662766384
2778,-0.2074178552391508
2779,-1.258351357415988
2780,-0.59984817385515
2781,-0.32946374417690416
2782,0.3772729258276907
2783,-0.796647839047844
2784,-1.1379831962239466
2785,1.688067046704511
2786,0.14943897493165081
2787,-1.8735667452812144
2788,0.5009526629304275
2789,-0.1408858877813809
2790,-0.10001253823233575
2791,-0.7421740798745606
2792,-0.36241502421035665
2793,-0.15041342202201616
2794,0.04168620090774891
2795,-1.5150162793508892
2796,-1.3019367340719197
2797,-0.6445023438531583
2798,0.05709652037352003
2799,-0.968885544848525
2800,0.07963565996014033
2801,-1.8076238559493176
2802,-2.204503549860874
2803,1.2479836598926584
2804,-0.13770585194779272
2805,-1.1856241885121133
2806,-0.5127748945983247
2807,-0.22994487516351733
2808,-0.47658146321888617
2809,-0.6637209176393677
2810,-0.8503407407103853
2811,-0.967543391847788
2812,0.13636867973266348
2813,0.14367994377277543
2814,1.2907330442628149
2815,-1.3856386768920046
2816,-0.835677488202938
2817,-0.7970682993465426
2818,-1.613697732825627
2819,0.23933459410835423
2820,-0.9048079112456098
2821,-1.3932644394828846
2822,-1.2876860509921517
2823,-1.4626573087068073
2824,0.44848119713805334
2825,1.394088447734351
2826,-1.408204305614114
2827,-0.28083094403654063
2828,-0.7706487275639355
2829,2.4055130496632176
2830,-2.853189617160048
2831,-1.3688313759604902
2832,-1.1743692799730592
2833,-0.9354378042176932
2834,-0.3555437975802755
2835,-0.9871969325586003
2836,1.6920345609541974
2837,-0.47748472513582035
2838,1.5660355482216257
2839,0.23336887942663198
2840,-1.5351045235965848
2841,-1.0676469111810534
2842,-0.277097565822215
2843,-1.178973273621886
2844,-0.11080082504400668
2845,0.1211286485876848
2846,0.10034544558506381
2847,-0.40474954340296565
2848,-1.1481306985449313
2849,-1.9035679818285403
2850,-0.1111626566615358
2851,0.06235402508604493
2852,-0.39074036019065106
2853,0.4672863833031098
2854,1.466109796778988
2855,1.0780084655265048
2856,-0.8611300336884028
2857,0.17403245476581225
2858,-1.190190339533677
2859,0.47268003650179713
2860,-0.5191038888425256
2861,-0.4551023224918365
2862,-1.4344584022285853
2863,0.6998619332977737
2864,-0.3843199764415538
2865,-1.696227851494359
2866,-0.6708441217924447
2867,-0.22170791603167705
2868,1.5164373467883252
2869,-1.4793587522659073
2870,1.8637251779051875
2871,-0.8187511348904704
2872,-0.6265937736375048
2873,-2.7082371465644925
2874,-0.935784622979809
2875,0.3936162074119146
2876,0.04010798660927262
2877,-0.2578256450838231
2878,-0.8102090491251736
2879,-3.0900749078548793
2880,-1.3521522696408068
2881,-0.8777221478168036
2882,-0.09926129083994212
2883,0.569449075705669
2884,-0.6612283589550244
2885,-0.9319757618678258
2886,-0.32292377020618546
2887,-0.3143396608021304
2888,0.7029192043608088
2889,-1.1269047413372388
2890,-0.2531990469284971
2891,-0.6108410821993637
2892,-1.7391199501385468
2893,-1.3118761383330224
2894,-0.3413418821973768
2895,0.0976778238948729
2896,0.6714624467649473
2897,-1.6982964367727384
2898,0.33206902114754144
2899,-1.8078876043483896
2900,-1.864697552215192
2901,-2.5840863306509294
2902,0.598012902830916
2903,-0.3632355587159589
2904,-0.8758848100695473
2905,-1.1581630361044082
2906,0.8924897926635087
2907,0.5764817722117138
2908,-1.4705555230080531
2909,-2.3025357535464397
2910,0.858315397829591
2911,-0.28143861655658203
2912,-0.43504580789148
2913,-0.2302952227897848
2914,-2.6393561766167686
2915,-1.1719206750343205
2916,-0.20480011170027757
2917,-0.47007385947011027
2918,-1.7857424595173192
2919,0.32602020097622453
2920,0.9450661794016529
2921,-0.8779919750320285
2922,-0.9141088456833981
2923,-0.13286816785844877
2924,0.3614026644828804
2925,-1.4594870731591736
2926,-1.911178336506432
2927,0.05340680201713438
2928,-2.1898576160983563
2929,-1.4566128869236767
2930,0.8992760251860075
2931,-2.205598107377
2932,-1.7129192176767183
2933,-0.6469715171467273
2934,-0.8105530515991042
2935,-2.5150835093139663
2936,0.1108054867759287
2937,-1.3414530689747672
2938,-1.4908390184687335
2939,-0.5672173391506856
2940,0.3501768098191259
2941,-0.9099712236690912
2942,-0.6214743239875792
2943,1.5478872420763266
2944,0.09255220412776544
2945,0.40008560090197687
2946,-0.10301718671844612
2947,0.44531463912808555
2948,0.9224234655963214
2949,-0.7729887491946261
2950,-0.3503701599172579
2951,1.6693394623115378
2952,-0.8168085771877266
2953,0.5552413052189438
2954,-1.0542481700695934
2955,1.3256196954003778
2956,-0.8575468968073057
2957,-1.2636297623469221
2958,0.3804212714854508
2959,0.5607901598059086
2960,-0.1357884033744223
2961,0.17500844770758095
2962,-0.06111757606770163
2963,1.2594169255049146
2964,-1.5448477409671586
2965,-1.7471750355827478
2966,-1.971277759201549
2967,0.7682695350048128
2968,-0.4635882185830649
2969,-0.3548331718417036
2970,1.163414368598888
2971,-1.1190317184857452
2972,1.4709731539027056
2973,-1.6712235609812487
2974,1.1961946878199166
2975,0.1472361592774476
2976,-1.1278979706804495
2977,-0.47413644136833877
2978,0.549506737585326
2979,0.8543170677415743
2980,-2.0194145818874256
2981,2.696236608127204
2982,1.9061241610809032
2983,-0.7606493429949798
2984,-0.48719704994369256
2985,-0.6257480456864802
2986,-0.2763881087508363
2987,0.23469609138373937
2988,-0.4162385861505614
2989,-0.024731259476036604
2990,0.8516003505342664
2991,-2.178141632277767
2992,-1.1849945403292028
2993,-0.32604198148693564
2994,-1.1023931233249198
2995,0.5414978934753398
2996,-1.025841714396458
2997,-1.3730052356394384
2998,0.4018802674849874
2999,0.4147984895309274
3000,-0.9158727544257196
3001,-0.7249183429296794
3002,-2.467306434029486
3003,-1.367725082509312
3004,2.472474640967862
3005,-0.5024085960498533
3006,0.55557811294737
3007,-0.7878989062252838
3008,0.5132684470940228
3009,-0.32625112686116675
3010,1.1253928838983245
3011,-1.140980842002884
3012,-2.48089105401192
3013,0.3235664949325977
3014,-0.5426658712853267
3015,0.8363595511493865
3016,-0.17865398184918135
3017,0.5114064823436484
3018,0.12546660607279325
3019,-1.0441966833829517
3020,0.4627392047417753
3021,-0.8716813368666955
3022,1.2896446956489602
3023,-0.638045878843394
3024,-2.647275658215136
3025,-1.1243075033415741
3026,-2.535932805005001
3027,-2.59482981467176
3028,-0.32430318480273956
3029,0.24885687686980987
3030,-1.2441104173810558
3031,-1.8601501245581826
3032,-1.262431977737957
3033,-2.2583283269130194
3034,0.1741158213400722
3035,0.3782571340080096
3036,-2.5431171377843214
3037,-1.4276435146415971
3038,0.7592125658453978
3039,-1.4631726600304304
3040,0.06649169281619127
3041,0.09804954988284109
3042,0.3844775012371018
3043,0.8046777113515976
3044,-0.11527818781300625
3045,-1.5671007096599525
3046,-1.1020254100300564
3047,-0.6110104641506111
3048,-0.7840525937935106
3049,-2.4381676750608996
3050,-1.1075756910918173
3051,0.5572445037335247
3052,-0.17010285403455117
3053,-2.0837068694526932
3054,-0.2650708203598455
3055,-0.5518145354103903
3056,0.13379499421347896
3057,1.5674087847624525
3058,-2.149848627977615
3059,-0.7703942046789942
3060,-0.48439420957632484
3061,-2.5707278533085747
3062,-0.26283331248159914
3063,-1.2438183839143098
3064,1.8322764476859357
3065,-3.6376874053642436
3066,1.1130314589107908
3067,0.5796389776932572
3068,0.4004481481152363
3069,-0.5529447469256823
3070,-1.0137569177476096
3071,0.5222396048676686
3072,-1.3728017139246622
3073,-0.4359154083383132
3074,-0.011904693063043426
3075,0.36463895036203153
3076,-0.5667435770964333
3077,-1.309357309026438
3078,-0.3333928570456599
3079,-0.38322810710983857
3080,0.9520967460345318
3081,0.45556996104011466
3082,-0.3921166784220259
3083,0.3493624504847943
3084,-1.0094603819108796
3085,-0.160202314704455
3086,-1.7392079454209117
3087,-0.12206321659075886
3088,-1.8407771424290347
3089,-0.25059954927000366
3090,-2.030950842931318
3091,-0.48356403131202885
3092,-2.157062861451467
3093,-1.5098672578314853
3094,-1.2468217522354204
3095,-0.2874601411956708
3096,-1.1121630534804534
3097,-1.247357645851488
3098,0.5800131734877205
3099,1.4163871079871755
3100,0.8308962245901506
3101,-2.157813189003085
3102,0.9850564254177168
3103,-2.1294570412986764
3104,-0.7955005834184429
3105,0.3018400091631892
3106,-0.8519756937690601
3107,-0.8876166555220897
3108,-0.3776416601460897
3109,-0.1398257711885268
3110,-0.4607442319655778
3111,-2.3169330356991655
3112,-0.7121851290408405
3113,-0.24736607763406793
3114,-0.22653480614644328
3115,-0.6121635216590361
3116,-1.3621460722330032
3117,-2.042680473142537
3118,-1.0150571968467386
3119,-0.5949143722562132
3120,-1.1091421224647264
3121,-0.32505523825472804
3122,0.062260886502043755
3123,-2.0237111826172987
3124,0.15111312291059098
3125,-0.11977285745324273
3126,-0.6496188644230793
3127,-0.3450955590921357
3128,-0.6574373835628345
3129,-0.8911514928107249
3130,-1.2741144219475729
3131,0.12006068244791446
3132,-2.0109076824638197
3133,-1.3774048034259236
3134,-0.953974655582575
3135,-1.4684006425509457
3136,-1.0316275071180165
3137,-0.6109704348484223
3138,-1.2316300503220812
3139,-0.909622973426884
3140,-2.4773356956615036
3141,-0.45449266729525506
3142,0.14655958679977454
3143,-1.7731698728070584
3144,-1.8514388808481252
3145,1.7757116415287124
3146,-0.02398108570052876
3147,-0.21083492756132716
3148,-0.44457300945759803
3149,0.3734520006780323
3150,-0.46996318181485447
3151,-1.1623087495012683
3152,-1.2644813939696058
3153,-0.8998035206450905
3154,-0.8714272314442264
3155,-1.382042967949145
3156,0.48186035113913595
3157,-0.6450650966609568
3158,-1.1204232301480854
3159,-0.38996057213722296
3160,-0.13500940325498756
3161,-0.8222847756091435
3162,0.14085561543844838
3163,-1.3350398789266062
3164,-0.5083389496031818
3165,-1.4710291513073641
3166,-1.5809208209587484
3167,-1.061470588975546
3168,0.0024132900137804336
3169,-1.344078559654413
3170,-1.0940563485357533
3171,-2.2379882662266577
3172,-1.0209018791018345
3173,0.6879922606489703
3174,-1.6458757780161706
3175,-1.642670490569027
3176,-0.6222064336932147
3177,-0.1197580777388092
3178,0.6203587297996059
3179,2.1491053421946553
3180,0.5230449579108434
3181,-0.10999037713503967
3182,0.8284571388048785
3183,-0.9222840206658744
3184,-0.7162610131348346
3185,0.059501756643484116
3186,-2.2303206722560067
3187,-2.373306221535647
3188,1.5909980441372236
3189,-1.40729492616924
3190,-0.9147490687725943
3191,-1.7283273589133217
3192,-0.2351112610374279
3193,0.024736965727279736
3194,-0.9502306505117162
3195,-0.8279771083939366
3196,0.7932884343108018
3197,-0.8990978052319927
3198,-1.1198417804271938
3199,-0.6753374661925401
3200,-1.3860095523315055
3201,-0.027825261825901115
3202,-1.8159442438920181
3203,0.560582460581105
3204,-3.3551420503213114
3205,0.1179599974604102
3206,-1.064498837703615
3207,1.5057734978113806
3208,-1.0678426649470172
3209,0.003068370495291739
3210,-0.28121885847932615
3211,-0.33673123679024586
3212,-0.32278747989656764
3213,1.619629030975781
3214,0.0390385426658485
3215,-0.5941707999548
3216,1.1041405423838102
3217,0.5010587631508145
3218,0.11442839057753429
3219,0.7298427230198029
3220,-0.4530009133324005
3221,0.018977042368307523
3222,-0.7449719850796473
3223,-0.45485416286705355
3224,-0.46131936775662286
3225,-1.2347249363702706
3226,1.5325042800250135
3227,-0.7045276831770727
3228,-0.6364828465429556
3229,0.4273032216103251
3230,-0.8881795072595028
3231,0.3190230484752528
3232,-1.654250005279713
3233,-0.43276223449089346
3234,-0.7041788333983454
3235,-1.4362288713305467
3236,-0.5669058236487852
3237,-1.2391923578306012
3238,0.22944078920558253
3239,-0.7079099236150903
3240,-0.7912453575712282
3241,-0.9104098713045545
3242,-0.008764454692403278
3243,-2.025059893471102
3244,-3.2707240384220064
3245,1.3856170942298744
3246,0.5544190434388102
3247,0.2719944758329772
3248,-2.1648180266950012
3249,0.23079073471570588
3250,0.10472242214855443
3251,-0.5685386079179765
3252,0.47997917131486956
3253,0.9357138183162822
3254,-0.5826486611572214
3255,1.3930066455221333
3256,0.7937906239327688
3257,0.48084604999078495
3258,-0.5607389769600601
3259,-0.37206817559023025
3260,-1.4912955151246412
3261,-0.17218891426338667
3262,-0.468199704979094
3263,-0.42039091922600175
3264,-1.0445731948687456
3265,-0.7665611554118086
3266,1.750492090161753
3267,-1.63677448440805
3268,-0.7794057798050071
3269,-1.9857316270058736
3270,-1.7217642076611415
3271,-0.9043953939189517
3272,-0.6612029809479899
3273,-1.0863279964283423
3274,-1.2239673411420289
3275,-0.763093812648832
3276,0.72362540621911
3277,-1.1160441947873407
3278,-2.095141842683666
3279,-1.9374865626897952
3280,-2.0858872041461862
3281,-2.298372026167205
3282,-1.5539084364248685
3283,-1.3312364171314046
3284,-1.8754807863197889
3285,1.6143570056659913
3286,1.1806168009632603
3287,2.4198491018109753
3288,0.5288615137172855
3289,-0.5625318006319803
3290,-1.6042848111482708
3291,-1.209860315368382
3292,-1.223360274852665
3293,0.33595008322198183
3294,0.5026404721658213
3295,0.5827118075894684
3296,-0.9616699778163549
3297,-1.7793082680922985
3298,0.07564935165611542
3299,-0.6455697801217584
3300,-0.6552906253863283
3301,1.6238602046287038
3302,0.74358858073948
3303,-0.6779703850010816
3304,-2.10757050094751
3305,-0.9878534925423481
3306,0.45278807989498837
3307,0.002817761180198164
3308,-0.08257464442791163
3309,0.28551706616106715
3310,-0.7389926946299334
3311,-0.6071025892251497
3312,-1.2937312461258292
3313,0.23829640187131518
3314,-0.9250358872297899
3315,-0.008949871833256795
3316,-1.809036565179452
3317,-1.7812998582115127
3318,-0.28162881452413413
3319,0.2398133394217299
3320,-0.9918222332270176
3321,-0.9516856494782855
3322,-3.14121488823417
3323,0.18926983184499546
3324,-1.6227165769401979
3325,-0.42494742982711176
3326,0.5897106872450175
3327,-1.1893188909143393
3328,-0.08925086539292204
3329,-0.8534151181874987
3330,-0.27850028108344893
3331,-2.101690349614384
3332,0.03369861460550816
3333,0.9701185472876881
3334,1.1581968648132264
3335,-1.6955387829160513
3336,-0.08037685998648261
3337,-0.943669569983329
3338,-0.0889638252815731
3339,-0.8713314348442633
3340,-0.3496917929553253
3341,0.679975903931914
3342,-0.01911916426414173
3343,-0.2969273957171173
3344,-0.5129695585940482
3345,0.08603331911139774
3346,0.06927437629294653
3347,-0.40834495387306347
3348,0.6781653980690986
3349,0.12750900616889416
3350,0.05750296394841248
3351,0.4444518066669363
3352,0.25760949270783917
3353,-0.844153318681274
3354,-2.087993373387264
3355,-1.0192142154926915
3356,-1.3756878208428476
3357,-0.6797823868506123
3358,-1.0389127546999986
3359,-0.835714485865926
3360,-1.5105166693696281
3361,-1.2910718178299712
3362,-0.7513794892603188
3363,-0.1917084692492596
3364,-0.7693636115889904
3365,0.40553809232819216
3366,-2.0560929212931827
3367,-0.425381023428806
3368,0.8859195683227253
3369,-1.109107146942995
3370,-0.018255551512273427
3371,-0.8823138132359015
3372,-0.44371725300027276
3373,-0.3311825381665918
3374,-1.4406586820710419
3375,-0.9524601530503616
3376,-0.09424323625313591
3377,-0.19300245324080284
3378,-0.08586943668506286
3379,0.15062221562370337
3380,0.20694794298086852
3381,-1.461860667153226
3382,0.09996771034669932
3383,-1.0719107467431555
3384,-0.42685999596408686
3385,0.28759542643880687
3386,-0.19979643779081346
3387,0.11289893036225179
3388,-0.4981880637810409
3389,-0.014542476683172434
3390,-1.44431405058739
3391,-1.1977353353482356
3392,1.1564485171525676
3393,0.1923463313608369
3394,-1.540267066186921
3395,-2.4658198019954867
3396,-1.2538392474641755
3397,-0.35394043565406147
3398,0.36238873147818346
3399,-0.641878934685483
3400,-0.8014925516113858
3401,0.441373073329377
3402,-0.6587193432242766
3403,-1.0697161787744929
3404,-0.2448560278706421
3405,-0.3489524670062476
3406,-1.031057508143677
3407,-1.2384591736041728
3408,-1.5245830403660254
3409,-0.049405546946327365
3410,0.641400438930192
3411,-0.10900353152738224
3412,0.4154778499799632
3413,-1.0527895987541696
3414,-0.7845130492660963
3415,-0.9326777899812361
3416,-2.1978544454756967
3417,-0.14815487492295917
3418,-0.27135775366273396
3419,0.7190471691775568
3420,0.8543316961030727
3421,-1.5656989600864133
3422,0.018069248702666463
3423,0.34316544588335796
3424,-1.1400165985864743
3425,0.06123001426456709
3426,-1.8391050905981867
3427,-0.1842608936150556
3428,-4.073114774369035
3429,0.23037043664643453
3430,1.2093811178436948
3431,0.5450602801955589
3432,-3.470148353030316
3433,0.1571623147048049
3434,-0.9591094767865074
3435,-0.4312387920000671
3436,-2.6421971575658993
3437,-0.1678833011214368
3438,-1.2244198406289837
3439,0.09829531054325108
3440,-0.5693075126264494
3441,-1.837295478197317
3442,-0.13908552377544459
3443,0.4261614544394226
3444,-0.4267953090550063
3445,0.12172545072413166
3446,-1.1251582299580345
3447,1.0269080579956125
3448,-0.8767790063932493
3449,-0.7024092846922098
3450,0.5542677947147354
3451,0.4298642282663517
3452,0.28178403519696893
3453,-0.40327523597537107
3454,1.18884152308403
3455,-1.556398189386171
3456,0.6974517237328728
3457,1.1215059215064733
3458,-0.5707108765350299
3459,0.14679567143158967
3460,-0.21860273712548073
3461,0.9721739161164862
3462,-1.8905197890502246
3463,0.3936816151779452
3464,-1.984721300422502
3465,1.5607794698712059
3466,-0.9248447258917765
3467,-0.6719528904106158
3468,-0.3591299203568161
3469,-1.846397073463461
3470,-0.6549548665157912
3471,-0.8962526059539814
3472,-1.3134655530833919
3473,1.7221860986128747
3474,-1.987785968147939
3475,-0.3516699271868524
3476,0.4886187768588156
3477,-1.1853162009809683
3478,-0.6682201251742084
3479,1.5766201360732173
3480,-2.5204547556876173
3481,-1.3359459360293098
3482,-1.9090168034371964
3483,-0.1558741778651508
3484,-1.2530339657478051
3485,-0.22000129155740278
3486,-1.4369905857279017
3487,-0.38736860085027447
3488,0.5092306545749967
3489,-0.18335426788570858
3490,-2.2576808126992827
3491,-1.007110768615679
3492,0.5147397469300335
3493,1.0786475467618097
3494,-1.5333128785229744
3495,-1.173986318905792
3496,-0.4575214273205702
3497,-1.3008380463968896
3498,-2.1113118829334256
3499,1.4204775118185018
3500,0.9242095098889974
3501,-2.1776165042583235
3502,-2.8747383614332302
3503,-0.6492055164364748
3504,-0.3736272385407773
3505,-0.8867511956033873
3506,0.7257750223007366
3507,-1.0198672918682359
3508,-1.8950340076325372
3509,0.9314759781648487
3510,-0.6978708655154156
3511,-0.345331574822183
3512,-0.6293087711996836
3513,-0.8274027309395159
3514,-2.7434146038333598
3515,0.20631949326457322
3516,0.2588903393706567
3517,-0.016816468298189446
3518,-0.9801598197266604
3519,-0.4435599541991139
3520,-2.1674058245239127
3521,-0.3665863164166389
3522,-1.5261907073246448
3523,1.2236793066684364
3524,-1.1294664571506154
3525,-2.584437306729226
3526,-0.854173199529668
3527,-2.3178569947764474
3528,-1.8382602194876236
3529,0.1627176372326391
3530,1.1354907523585245
3531,-0.7766002169941799
3532,0.5540129512246285
3533,-2.0728906383017316
3534,1.3863039247886135
3535,-0.32166314588406086
3536,-1.4439766249408104
3537,-0.41960017464678034
3538,-1.0805830999808834
3539,-0.56872183105673
3540,-0.6421729024292514
3541,0.5309739844436725
3542,-1.0272187757186437
3543,-0.9664174348636613
3544,-0.28527907484660486
3545,0.3613728912061096
3546,1.392495198916743
3547,1.108256428382116
3548,0.6431581599391171
3549,-2.344062177980094
3550,0.3728916692940094
3551,0.2701009160106377
3552,-1.4840170620991984
3553,-0.6912612451477094
3554,-1.8905925092807565
3555,-0.5879841027123349
3556,-0.34330484939001893
3557,-1.9059983644277134
3558,-2.074405711157644
3559,-0.24236052985853163
3560,-0.9627009175706748
3561,-1.1404399072713876
3562,0.631531994530752
3563,-1.1794666610851072
3564,-0.49431687138367253
3565,0.5370524912874786
3566,-1.5799788556602543
3567,0.9837729327905096
3568,0.644160489117557
3569,0.6559298663492963
3570,-0.9043315068634336
3571,-1.9912545974742446
3572,-0.06433203435959167
3573,0.29450952468085856
3574,1.9296716366849491
3575,1.4143687491905357
3576,-0.9562879184116495
3577,-1.4006179592853094
3578,-0.12840862249893403
3579,1.0634720434323786
3580,-1.9083313652562501
3581,-1.2642204007466895
3582,0.8945354820275511
3583,1.490574075061752
3584,-0.3682304386267286
3585,-1.8366402916104738
3586,-1.1749008223655066
3587,0.528251597780655
3588,1.8592293675626057
3589,-0.9839800948677145
3590,-0.8670938148765821
3591,-0.0703823862884202
3592,-0.38222794642159
3593,-1.6675357792232481
3594,0.09935439042140048
3595,1.309259944151257
3596,-0.11753603184209771
3597,0.006102546131513842
3598,-0.3290015771588507
3599,0.09536962982171573
3600,-0.828088011055454
3601,0.45210289127477044
3602,-0.18579963669498256
3603,-0.7092511224374812
3604,-0.02536757716380722
3605,0.53159976008498
3606,-0.519603769938485
3607,-3.2527703575779396
3608,1.248192333004428
3609,-1.0881116649925888
3610,-0.75074751527288
3611,1.0487647414418704
3612,-2.6102007481298
3613,-1.7319129982460022
3614,-1.3776628855281188
3615,-1.6644939037051225
3616,0.4741622473921252
3617,0.5853903223356621
3618,0.38048522495818826
3619,-1.4106704471785574
3620,-0.7229945398285351
3621,-1.2990254133326251
3622,-1.2979796688777925
3623,-0.006690806436700447
3624,0.27867787733325167
3625,-1.151992866411627
3626,0.07198538633515705
3627,-2.9243629309716566
3628,-0.7146039882476896
3629,-0.9885157234703332
3630,0.6040390684015181
3631,0.8430874140091029
3632,-3.136943117346668
3633,0.47860440127382375
3634,-1.0436561155014235
3635,-0.9904008612532638
3636,0.9314125578082761
3637,0.0333230776513872
3638,-0.882838565482958
3639,-0.07432008725138783
3640,-0.9458625089509534
3641,1.158089631895265
3642,-2.3703562052371803
3643,0.6240450168654921
3644,1.380842972997881
3645,-3.164627011344569
3646,0.34407429125691347
3647,-0.8740209820615006
3648,-0.6329031624768058
3649,-0.9686696790998409
3650,0.3248638209743918
3651,0.39628047682635564
3652,0.147127693584576
3653,-0.7944062872825473
3654,-1.3443860884362269
3655,-0.6294053353772646
3656,-0.9757647333969794
3657,-0.6883963525435219
3658,-1.1011830725952823
3659,0.6191479062656398
3660,-1.5820875378848693
3661,-1.722382996704334
3662,-0.093988157251636
3663,0.29192768071525355
3664,0.5648795270301985
3665,-0.023228829561688036
3666,-0.8454687000802925
3667,0.15987691031997497
3668,-1.3741389446704573
3669,-1.8435940785950733
3670,-1.8576635576269829
3671,-0.3977903090976771
3672,0.011973514058809753
3673,0.7774028946631599
3674,1.0152933162368352
3675,0.11147667036352193
3676,-0.602119818036359
3677,-0.8838462845012557
3678,-0.2895710501492638
3679,-0.7115940771023023
3680,-0.6461840851817403
3681,-1.2450849965458233
3682,-1.4058010278557365
3683,-1.5636700508454844
3684,1.4947248190205065
3685,-0.46640874059227017
3686,-0.9149400955332385
3687,-1.9562106772822685
3688,-0.2398479565802789
3689,-1.1481231735140844
3690,-0.7074057896553166
3691,-0.915211375562119
3692,0.39795325511290347
3693,-0.6943386434110977
3694,-0.71992802041351
3695,2.1188919456901854
3696,0.8227505348018692
3697,-0.2387055794444356
3698,-1.4299027209818678
3699,0.6035079442889641
3700,-1.606509518386008
3701,-0.589845900917071
3702,0.874730215721665
3703,-0.5027310796537873
3704,-1.1311923995356272
3705,-0.4772141418134788
3706,-0.3404805080902369
3707,-0.3621908773959942
3708,-0.9045865963232291
3709,-0.4074167669716338
3710,-0.33178589504995926
3711,0.9462374945632974
3712,-0.9514639539073522
3713,0.4055503004686234
3714,-2.027694225440468
3715,-0.7363438739670727
3716,-1.988545387763681
3717,-0.5240646479125819
3718,-0.06857554884338057
3719,-1.7034773041343338
3720,-0.6534222029466161
3721,-1.0869479447932795
3722,-0.5004596855621632
3723,-2.3467731679682484
3724,0.541765227792195
3725,-0.827827235815909
3726,-1.5759903329831326
3727,-0.2675316017031447
3728,-0.5583505188032837
3729,-0.8716616969186557
3730,-2.1211434940063816
3731,-1.4713999703260698
3732,-0.839253771699558
3733,-1.98196213624033
3734,-0.16693070443133007
3735,0.9590124841638262
3736,0.16561480695058473
3737,-1.164375779653765
3738,-1.5379183500714977
3739,-0.9963513166671963
3740,-0.031479103763406735
3741,-0.5599032333610869
3742,-1.4019357816568316
3743,-2.1008498192773466
3744,0.015129088004792568
3745,-1.8743901746889349
3746,-0.24675683606004095
3747,-0.48763935482904125
3748,0.03252174231876004
3749,-0.05277918404491899
3750,-2.0216801009082737
3751,0.20242206385216366
3752,0.1201482345510988
3753,-1.1405687279454673
3754,-0.5701069802450632
3755,-0.3905799371590414
3756,0.340743263669708
3757,-2.060032375393765
3758,0.3984212838276874
3759,-1.9074590624709102
3760,-2.8123689839477732
3761,0.18715720445112827
3762,-2.1456408991231086
3763,-1.2860166805203614
3764,-1.600671413845243
3765,-2.680733494961201
3766,-1.0089361173023335
3767,0.2332851720453898
3768,-0.27114096041143076
3769,-0.8842025407850129
3770,-0.7133941254010175
3771,-0.6105269943592787
3772,-0.6686203777243208
3773,-1.071448149055382
3774,-0.48174887241548237
3775,-1.5170832183782055
3776,-0.12476173238210936
3777,-1.0597976892168615
3778,-0.9306201927402741
3779,-0.026186692213513996
3780,-1.0557437644538827
3781,-1.7316582909659088
3782,-1.823513562719265
3783,0.08292986277625003
3784,-2.667842422626225
3785,-1.3167241860480936
3786,-0.29870188522934105
3787,-2.143788633970714
3788,-0.5277757984435757
3789,-0.2249069531627765
3790,-1.9438312829910993
3791,-1.626975986041641
3792,1.803646919282219
3793,-1.2084034865265187
3794,-1.559497715069355
3795,-1.2293634398535573
3796,-1.041275283834994
3797,-0.4786657738472254
3798,-1.6864763782644605
3799,-0.4054110614639622
3800,0.3682293066312602
3801,0.02236036730586946
3802,0.09177266144067425
3803,-1.3120046519768935
3804,-0.4794770328738794
3805,0.16068252146844664
3806,-0.3250884686157372
3807,-0.8088665837857962
3808,-0.26776269812562825
3809,-0.1623082023009127
3810,-0.2213589179192652
3811,-1.635541629831141
3812,-0.5715237525574592
3813,-0.7061339012053445
3814,0.872109670867336
3815,-0.6977620898185904
3816,-0.045807446342162376
3817,-2.3871999174785046
3818,-1.0222799263149094
3819,-1.3742533702387596
3820,0.9348113102050081
3821,-1.0621742509292131
3822,-0.48493195593362404
3823,-0.7015140632839018
3824,-1.2180431358476271
3825,-0.28258892577422395
3826,1.0902843962363673
3827,0.41360098905957826
3828,0.2733440626828349
3829,-1.3560075658072366
3830,-0.7608291655236489
3831,-0.20619761987556617
3832,-1.3618703177625928
3833,-0.35701812612756123
3834,1.3095525391819762
3835,-1.5031416251131156
3836,-0.0049238689033049565
3837,-1.6126626846409957
3838,-0.19251976799265935
3839,-1.7997784484995663
3840,0.023782489408060714
3841,-1.9093059204013425
3842,-0.6934414362937119
3843,1.0182434313629558
3844,-0.5398989762258908
3845,-1.0320563757962493
3846,1.1476801021315501
3847,1.4623597417740672
3848,1.8152995221221968
3849,-0.6125990688448192
3850,-1.0329180095579846
3851,0.7119947174180514
3852,-0.03158196793493166
3853,0.3532655450807598
3854,-0.28013053599894255
3855,0.016526069283340716
3856,0.6879036138807209
3857,-0.3808819484265716
3858,-0.03065230188177282
3859,0.15724732347891474
3860,-0.2687220296574045
3861,-0.6534285853975415
3862,-0.5411006405401216
3863,-2.694530159674888
3864,0.5566821147523027
3865,-2.144139584067748
3866,-0.5796166605700097
3867,-1.1387503845787483
3868,0.4346403766785476
3869,-0.31410878287562516
3870,0.5370319288566574
3871,-1.0093546864818546
3872,0.9743217763826247
3873,-0.2522006512249992
3874,0.3616652918953351
3875,0.42273492075216434
3876,-1.9115133023888151
3877,-0.6012563612881577
3878,-0.0405254946650454
3879,-0.9094129492877469
3880,-1.1218256587370221
3881,-1.8210414092197276
3882,-0.49217440153237346
3883,-2.7217163835023586
3884,-0.14504372675887045
3885,-0.7480050070220745
3886,0.06443810828779184
3887,-2.337522371541838
3888,-0.5798374523083725
3889,-0.8818825845992255
3890,0.45792038773842636
3891,-2.005968144208227
3892,-1.3945334695810758
3893,-0.04983463368733898
3894,0.08872147808648106
3895,0.348639540221944
3896,-0.648715770172942
3897,-2.039960629850515
3898,0.47441941823205175
3899,-0.27371966180557245
3900,-2.0208200746322786
3901,-0.16716305063698483
3902,0.2561531643120768
3903,0.06733177024749737
3904,-1.1790740092189032
3905,0.9010540398856092
3906,-1.5237122093039743
3907,0.10477638947887136
3908,0.6099219078508971
3909,-0.07997106448851904
3910,-1.1924450218889011
3911,0.11223065431545975
3912,0.9585239930162953
3913,-1.3504144975258074
3914,-0.6615342693366016
3915,0.39894466006296536
3916,-1.3088657578680412
3917,-2.271844642096158
3918,-0.5780989706919976
3919,0.5744266094024373
3920,-1.863556684499686
3921,-1.3849538953477232
3922,0.2903825116604397
3923,-0.6911093505452977
3924,0.13572222011108814
3925,1.2612277048951865
3926,0.9723623353415078
3927,0.07430114096045232
3928,0.008336751492725059
3929,-1.5729192311826656
3930,0.3333622688642248
3931,0.09448119725933891
3932,0.029640546857173156
3933,-0.23313099164771708
3934,-1.7648602036527201
3935,-0.40936078603257886
3936,0.7981894151124077
3937,-0.789105203620942
3938,-2.5876059861661402
3939,1.448224794656411
3940,-1.5214317949045224
3941,0.31237511364928316
3942,-0.08787394246000062
3943,1.0474559464450102
3944,-0.3936475039029861
3945,-0.47588249419405204
3946,1.3289173132232586
3947,1.5302798976522478
3948,-0.16771498536818485
3949,-0.204374249017094
3950,0.21909977468550323
3951,-0.9412690674053034
3952,0.4697820299840102
3953,-1.3863665351984604
3954,-0.6029772377248798
3955,0.6145221181016627
3956,-1.226490542647703
3957,0.17779621876600205
3958,0.16860763523145983
3959,0.8110437182096035
3960,1.4123653373629728
3961,-0.7902505004975754
3962,-0.23842559000149066
3963,1.0230108967553586
3964,0.3361062107800976
3965,-0.7704509741903915
3966,-1.0907466274044209
3967,0.7715586339786872
3968,2.5232474892153522
3969,-1.6646646691302434
3970,-0.4020252120659289
3971,-2.0694951224236497
3972,-0.09588988583489289
3973,-0.6555539556023238
3974,-0.2826236903592474
3975,2.5145882416853675
3976,-1.7469914314305999
3977,-0.018618239804440218
3978,1.3459175953620828
3979,-1.1340948348425859
3980,-1.1199341975318409
3981,-0.24151641221981834
3982,0.7096007928210352
3983,-0.16985778882957558
3984,-1.8964848494599065
3985,-0.5398401983475193
3986,-2.7333602459150974
3987,-1.8215092637801789
3988,0.5611987972777537
3989,0.27615611771462734
3990,-2.6574673956231103
3991,0.21820636077430144
3992,-2.969336061458647
3993,-0.8738694779027935
3994,-0.3419584656332495
3995,-2.1529996215893172
3996,0.673336603918153
3997,0.605345198298354
3998,-0.7067435101387887
3999,-0.043516401041757136
4000,-0.5200265947812501
4001,0.478350961822712
4002,-0.30004169138858056
4003,-1.932013002546892
4004,-2.4429505843569475
4005,1.4892979494533138
4006,-0.4940883115892565
4007,0.12930813219523968
4008,-2.0074548940399617
4009,0.7159123751338496
4010,1.4904487496415113
4011,0.9953055883992417
4012,-2.531247656459954
4013,-1.2585117519092086
4014,-0.8991308696706442
4015,-0.0396778108738326
4016,-1.2696886578972704
4017,-1.420926863110089
4018,-0.008475834386824421
4019,-1.349437938928488
4020,1.903203868581031
4021,-2.240509978282807
4022,-0.24147891927161425
4023,-2.4908533782297813
4024,-0.5805280955529896
4025,0.6804498889441191
4026,0.5872753553850919
4027,-1.7366708303305896
4028,-2.0620402863510705
4029,-0.5647661200299148
4030,-1.6310964631981657
4031,0.07202139578288469
4032,-1.5177139510120479
4033,-1.611403371997885
4034,-1.0530803912558457
4035,-2.1857006953003912
4036,0.6288701149552127
4037,-1.1667095842156832
4038,-0.9370520519801777
4039,1.004596457437174
4040,0.9588845870413252
4041,-1.0510938901458604
4042,-0.4114127699280944
4043,0.6894335818667834
4044,-0.7851759935423204
4045,-1.5270044075761602
4046,0.3465631063428496
4047,-1.9712571193733757
4048,-0.9281403568725833
4049,-0.9743592002035046
4050,-0.9848608316095946
4051,-3.500553140712289
4052,-1.5447007621001854
4053,1.0965278301210981
4054,-1.07068627006603
4055,-1.6044494646184206
4056,-0.8834168117023962
4057,-1.2261983667838812
4058,-0.20146631684665883
4059,0.2515089736636339
4060,0.7619611292128625
4061,-2.3219456264896183
4062,-0.3645238587732169
4063,-0.5582854848868488
4064,-0.3530887338738386
4065,-1.3801957310612085
4066,-0.3519463084745768
4067,-1.932769920237065
4068,0.15198681867103503
4069,-1.6252426148009316
4070,-0.18907868784910037
4071,-2.705903107137125
4072,-0.6110521812431402
4073,0.13799550393668836
4074,0.23947291754046873
4075,0.7035673069447305
4076,-2.1210654975723484
4077,-0.6468165178586539
4078,-0.6516783607911525
4079,0.3432638968438984
4080,-0.8868924477723297
4081,-0.7192950325757749
4082,0.21548299522065273
4083,0.3254618866685105
4084,-2.5197252627418867
4085,-0.998725022425979
4086,-1.2943639938927316
4087,2.972430979950838
4088,-1.2581726933648354
4089,0.611266364194057
4090,-0.30014497348321967
4091,-0.8438056417643286
4092,0.4602624950398363
4093,-0.5461326595057305
4094,0.1351522154052266
4095,0.4414171773267647
4096,-2.1107817357400456
4097,-0.985636069593602
4098,-1.21951963038298
4099,-1.04538979788932
4100,0.3053337531162862
4101,0.5493017815057286
4102,-1.1649068543271979
4103,-0.24258184023880738
4104,-1.8043907582570546
4105,-1.266767061415937
4106,-0.1327771810267977
4107,-0.14940507628484978
4108,-1.2772551123015197
4109,-1.7398280509185504
4110,-0.5961862611472274
4111,-0.4578155485223001
4112,0.28484501505451315
4113,-1.4934646928776738
4114,0.09278610902902829
4115,-1.9434175749911027
4116,-1.050568990261363
4117,-0.16318392431891876
4118,-1.5868176601171997
4119,-1.2453395951334842
4120,-0.9595281685312251
4121,-0.48816347550371475
4122,0.6492749048421226
4123,-0.6390734721767589
4124,-2.642948526435763
4125,-0.9217943045480088
4126,-1.0988159159503637
4127,-1.500710606804912
4128,-0.15700805529656825
4129,1.8577265303489465
4130,-0.3143886880619364
4131,-0.9317453991496324
4132,0.4505945340861238
4133,0.8109520810883161
4134,-0.8471020356189027
4135,0.0723597077829885
4136,0.22295622051528585
4137,-0.9400628685492081
4138,-0.7729404882135297
4139,0.04714936123493696
4140,-0.7254703077936301
4141,-1.4960094763711467
4142,-0.8757337537017207
4143,-0.159381388190738
4144,-0.7628599381921607
4145,-0.7202681125714878
4146,-0.5156267278701532
4147,-0.9859301665430844
4148,-1.3840714202773072
4149,1.254040448291935
4150,-1.400350514963319
4151,-0.0011718471326123137
4152,-1.3426613314609313
4153,-0.9274135671710612
4154,-0.1786119455983591
4155,-1.5328666282275236
4156,0.194608298883167
4157,-0.61121593446845
4158,-1.0135081898067924
4159,-0.08255540810486389
4160,-0.18213081569652
4161,-1.1345207593364905
4162,-1.3492820473341418
4163,-0.3711502925181862
4164,-1.492226203746935
4165,-0.5585729670857239
4166,-1.9898135785141413
4167,-1.5496870836373047
4168,-0.45234178845933
4169,0.6595012100982756
4170,-0.37085592129807476
4171,-0.9869722838934747
4172,-1.059646920106124
4173,0.5144732383980785
4174,0.04235804796120701
4175,0.30974499162683444
4176,0.35381373523351467
4177,-0.24636812150449733
4178,0.4277441236502072
4179,-1.3346105298875988
4180,-0.09384019306530078
4181,-1.3794835684992421
4182,-0.23815849014657015
4183,0.38756810385639856
4184,-0.2979786958980997
4185,-1.0572477505730138
4186,-0.4322592612974758
4187,-1.372363842828141
4188,-0.8218649781373992
4189,-1.1655154889794916
4190,-0.31399137548276346
4191,-0.8160886267368886
4192,0.475542323298914
4193,0.4114628111659635
4194,-0.862294012617477
4195,1.1051018361907423
4196,-0.5881854980205679
4197,-1.048732151065695
4198,-0.2909006839032536
4199,-1.7525757620165803
4200,0.2814391558051228
4201,-1.7523638281238212
4202,0.7490433048360936
4203,-3.175552347195775
4204,-1.4392126902391185
4205,-0.40658530858848485
4206,-1.5673576938605889
4207,1.039156486171184
4208,-0.6616732864629722
4209,-0.2358682879794003
4210,0.14941452936777566
4211,-0.3480735938958179
4212,0.7025780925184338
4213,0.06474801340240499
4214,0.3215610228224848
4215,-1.813101381756288
4216,-1.6782152637965133
4217,-2.7370985770425618
4218,-0.7076889537526556
4219,0.5300280988944142
4220,-1.3364373322111334
4221,0.01364586506493129
4222,-0.017008458290318718
4223,0.49569097247217975
4224,-0.7049532528281188
4225,-0.8064512402191066
4226,-0.9169638446229672
4227,-0.8871550394339152
4228,1.0388975967644076
4229,-1.5061689009014052
4230,-0.16314864797094808
4231,-0.7049463594027027
4232,-0.1554501885752917
4233,-0.7032515877688044
4234,0.07962824984127748
4235,-1.8802214138307825
4236,-0.21266216838120156
4237,-0.6814261367545298
4238,-1.7583532060650275
4239,-2.5657665795087636
4240,-0.7196840844558015
4241,0.11553138620443981
4242,-0.5364386547050768
4243,-0.9038756574841137
4244,-0.6417543839663642
4245,-0.015858963623821276
4246,-1.170496597833926
4247,-1.065299335739673
4248,-0.451839329826548
4249,-1.277206767141789
4250,-0.2829956026051246
4251,-0.11284575773239014
4252,-0.12581848672624085
4253,0.1826963302540754
4254,-0.13417141736990024
4255,0.019974944203428213
4256,-0.5290347991242936
4257,-0.17988780983089447
4258,-1.8791572852519043
4259,-0.11635613325374061
4260,-1.4479975023257947
4261,1.6939848280939338
4262,-0.935922591102362
4263,-2.8957136430782313
4264,1.101017662551813
4265,-1.4194070092113726
4266,0.05834989817985892
4267,-0.36403173585679205
4268,0.8317131040397574
4269,-1.1425487935732388
4270,-1.5326451152836804
4271,0.7188506705259994
4272,-2.025313665343648
4273,-1.7078829859514855
4274,0.09273705330687942
4275,-0.48413446514037567
4276,1.6594165341837237
4277,-0.5760819164156874
4278,-0.7049384810467234
4279,-0.8791124923291256
4280,1.19289367008236
4281,-1.6914599969243191
4282,0.24261869580912787
4283,-0.4264190070054726
4284,-1.095357051803098
4285,1.0975428102915976
4286,-0.9175693166287757
4287,-0.3549428679791373
4288,0.13057470443457742
4289,1.4883874995091804
4290,-0.004887924319100012
4291,1.1581278964570558
4292,-1.4989108424208641
4293,-2.266810347641822
4294,0.5674707839346356
4295,-2.2869118547214136
4296,-1.615639648708537
4297,-0.14536725041954623
4298,-0.046396574903504906
4299,-0.04130895410343516
4300,0.08263552955357956
4301,0.814403150583726
4302,-0.3345166598133453
4303,0.19984754610187827
4304,-0.7206124277940701
4305,0.9763906089427485
4306,-0.7482227040971176
4307,0.2565116462566542
4308,-1.3804691794517034
4309,-0.2579513574616648
4310,-2.170004228347227
4311,-0.10174277188258708
4312,-2.1588182278981853
4313,-1.349384782998311
4314,-0.5410387913637346
4315,0.7692673174354457
4316,-0.8233462393074665
4317,-1.2496721072487018
4318,-2.4341233530005266
4319,-0.5498806329945114
4320,0.19993579069457623
4321,-0.42320627521522935
4322,0.5900696668505827
4323,-1.4309404095857337
4324,-1.5736626996210314
4325,-0.8710092161339732
4326,-0.12288420879706974
4327,-1.8128173189598191
4328,-2.240410364398036
4329,-0.2918062667213087
4330,-0.2667165042065761
4331,-2.749362771894826
4332,-2.6412836226394836
4333,0.1359716194481852
4334,0.8286199765200646
4335,-0.5072045785201964
4336,0.7270146548116168
4337,-1.4764575867356347
4338,-0.9194540245126794
4339,0.5355009300707521
4340,-0.6299916480048193
4341,-0.6543881861969325
4342,-1.697428478116322
4343,-0.47227719453413425
4344,-1.3591108194337906
4345,-2.6199740931876985
4346,-1.3893015449826485
4347,-0.5582911504547924
4348,-0.22285000839211544
4349,0.45492462517611687
4350,-0.5928238486350362
4351,-0.7472883045325474
4352,0.6278957384732411
4353,1.9619346367979715
4354,-0.7822531005201561
4355,1.0033128410531518
4356,-0.21637890772200835
4357,-0.5407000434943232
4358,-3.15093892130362
4359,-1.8505669332358516
4360,-0.8781247704209225
4361,-1.7982891128986465
4362,-1.6808618964736084
4363,-0.7982729629656793
4364,0.5451958587770951
4365,-1.791878351396198
4366,-0.5243588701245199
4367,-0.5122601899962713
4368,0.2324158108406209
4369,-0.34476911873434557
4370,-1.0167576662423161
4371,-1.0851630503498664
4372,0.24678672674525215
4373,0.6526870228077475
4374,-0.9263216642036981
4375,2.6656329556486313
4376,-0.6059563346152526
4377,2.8129844617278645
4378,-0.707024296868827
4379,-1.9020276418014017
4380,-2.341861680770661
4381,-0.9687121422475504
4382,0.7973335761710201
4383,1.3921542480102311
4384,-0.0907903674602577
4385,0.3003316015129701
4386,-1.4309268244034592
4387,-1.498683849574567
4388,-0.903866752062736
4389,-1.3331933699778251
4390,-0.9907940894505048
4391,-1.1040161932711332
4392,0.05390722478248078
4393,0.41373526049221115
4394,0.8527099556709372
4395,-2.8693598000807423
4396,0.24898944162054193
4397,-1.0745156607228037
4398,-0.5009231614020517
4399,-2.1812392811836
4400,-0.9124438102575673
4401,-0.940160743411043
4402,0.10945380727983356
4403,-1.6404329333527108
4404,3.0358694079072914
4405,-1.3927550315635666
4406,-0.4696241182776759
4407,-2.08305009494737
4408,-1.1188199884267398
4409,1.681412767479443
4410,-0.7086012115687719
4411,0.14890555018380938
4412,-1.3722586874288472
4413,0.9049699787573144
4414,0.2553355086844764
4415,-1.3087334104657378
4416,-0.07840123345085093
4417,-0.8943723835871374
4418,-0.07566964207950255
4419,-0.8162634068550683
4420,0.3714115055798448
4421,0.9805482054567988
4422,0.616166487775994
4423,-0.04786403734528394
4424,0.15267119198362145
4425,0.03729372231760936
4426,0.28104579738540814
4427,0.4071554485065081
4428,0.3451267619048353
4429,0.10874598339227937
4430,-0.3425193094773732
4431,0.5968363080735752
4432,-0.7284978239214956
4433,0.4943068165416564
4434,-1.7812984482252523
4435,-0.7194749625452737
4436,-0.8363771311912962
4437,-1.8120592834263478
4438,1.099147789831856
4439,-1.556083054719862
4440,0.8252355549860657
4441,-1.3165539512199465
4442,-1.5605714835116
4443,0.08417838608399619
4444,-0.42841721533103844
4445,-2.221782546209656
4446,0.9898410847751332
4447,-3.1749906073148164
4448,-1.735385745838459
4449,-2.3275660579323
4450,-0.7216132810285083
4451,-0.13640739600689306
4452,-0.9302600609529694
4453,-1.3497879320760433
4454,-0.9734591260035066
4455,-0.5625270493645622
4456,-1.319168651379269
4457,-2.386304036605182
4458,-1.724489099931996
4459,-2.1305474413376517
4460,0.09446022228832286
4461,1.2296397957180278
4462,-1.656406188039049
4463,-1.7833242941825125
4464,-0.8579081705099995
4465,0.22285854210619965
4466,-0.7145274922815752
4467,0.12145607265609759
4468,-0.07907141792951577
4469,-0.34799290971859625
4470,-0.2840058514118875
4471,-1.6899268580766176
4472,-0.4654430358326256
4473,-0.6793631047129702
4474,-2.1313966396687904
4475,-1.8374064950659685
4476,0.505276964728155
4477,-1.411362593065743
4478,-0.9500328923723153
4479,0.08783201477532468
4480,-0.12180816988797849
4481,-0.10367334712970097
4482,-0.16712054095744966
4483,-0.964858821182473
4484,-2.772503607400858
4485,-0.9799582289287232
4486,-1.856574913701475
4487,-0.8243086695486975
4488,1.6320134999110723
4489,-0.6426941620182279
4490,-0.8871327194406546
4491,0.8253749777487049
4492,0.39463633233870715
4493,-0.03186208364343024
4494,-0.7935570701483385
4495,-0.8489304618724749
4496,-0.22306011957083072
4497,-0.0343071074290322
4498,-0.010045863120064447
4499,-1.0685545772148246
4500,0.17243568201655635
4501,-1.1308760110890115
4502,0.5878787908597782
4503,-1.5537897854872496
4504,0.04636775737989107
4505,0.43912728329406236
4506,1.1974803536820493
4507,-0.5185583326816535
4508,-0.20034669193547006
4509,-2.809351976174943
4510,-0.1711284005769702
4511,-0.4058971263408949
4512,0.593707034398713
4513,-0.3241511776089291
4514,0.9248426860006581
4515,-0.8255797878955475
4516,0.45188115558018443
4517,-0.5907443612116583
4518,0.05877313529380612
4519,-1.7364970374729758
4520,0.2900354830751339
4521,-0.448820396197171
4522,-0.10207242139946221
4523,-1.4503976848877667
4524,0.07311677868067086
4525,2.2250306679810263
4526,1.1619386792573363
4527,0.4044383854342002
4528,-1.1451187240252354
4529,-0.29972419178383386
4530,-0.9883581592864336
4531,-2.455334125703336
4532,-1.0603814128665616
4533,-0.7284544440224057
4534,-0.5409684520133826
4535,-1.0733466194900991
4536,-0.23439807887096883
4537,1.042806092368243
4538,0.4894983577978974
4539,0.33307489824133274
4540,-0.8856869474310308
4541,0.028735717898252883
4542,0.40697080652111717
4543,0.6483877944617241
4544,-1.1255202609211594
4545,0.4879143680976885
4546,-1.621145221569598
4547,-1.573415539197347
4548,1.243582612068205
4549,-0.7359394068467173
4550,-0.13580885291278738
4551,0.6962652891215745
4552,-0.7476922597014306
4553,-1.4875870609605406
4554,-0.8164109939809945
4555,-1.8247978804400156
4556,-1.3887241060254387
4557,-0.8489301105162088
4558,-2.1377879250188814
4559,-0.2523236154136431
4560,-1.281961323580832
4561,0.48322946562490793
4562,-1.1010697877467244
4563,-1.5118069618978907
4564,-0.5478892531432359
4565,-0.587014834252555
4566,-0.7706179335759956
4567,-0.5182123230950504
4568,-0.9406690167593157
4569,-1.2600182175397252
4570,-0.0514379228406672
4571,1.1113815104864333
4572,-2.3418905756788924
4573,-0.8679033578349509
4574,0.5718496714725003
4575,-1.782507813484957
4576,0.38139319061589205
4577,-0.7962188633592389
4578,-0.09483321223126762
4579,0.7718970188474343
4580,0.2793729615966849
4581,0.7763166010408205
4582,-2.320396920370565
4583,-1.3370575834263907
4584,0.042234728586705406
4585,-1.5795554581899733
4586,-1.0873013020074316
4587,0.5545650587081482
4588,-0.14441114414109027
4589,-0.19198332547336952
4590,-0.626571223701236
4591,-2.3698341890963723
4592,-2.432437939506422
4593,-0.7954001560520186
4594,-0.027968136313784697
4595,-2.3249717076889302
4596,-2.2758545033169795
4597,0.976853189053881
4598,-0.40374313194466027
4599,-0.06943293143335702
4600,0.34659513152215893
4601,-0.012342027656133014
4602,-1.995948652750438
4603,0.6257832064585617
4604,-1.5295236565463746
4605,-1.1132894642159161
4606,-0.527038575425558
4607,-0.5798822056532065
4608,0.17152976929973363
4609,0.26991633156631434
4610,-1.378579982303365
4611,-1.7194589823132556
4612,-1.6143906888478394
4613,0.2324596169891891
4614,-0.8068986949177229
4615,-0.4746108706591188
4616,0.19474495073864206
4617,-1.0639312688660547
4618,1.0274478341471247
4619,-1.3343819001612278
4620,0.002813136574021158
4621,-0.03902961336013705
4622,-1.1628357944491228
4623,0.5051896640764235
4624,0.5424618060948403
4625,-1.773585539425393
4626,-0.6522684888076201
4627,1.8366072727619454
4628,-1.3908021695632622
4629,-0.6378848844488624
4630,1.2197482668882378
4631,-1.849613642966177
4632,2.107118643625313
4633,-1.2685012535402436
4634,-1.049051138735114
4635,-0.5405878307507356
4636,0.490108928337382
4637,2.98267823791217
4638,-0.23359006410288063
4639,0.28428740891212834
4640,-2.1433279366675126
4641,-0.08075714284856704
4642,-3.0135284237780464
4643,-0.8178257800683728
4644,1.065483772480572
4645,-0.5577609406347487
4646,-0.4726607876057263
4647,-0.5764560908825219
4648,-0.9344719575721113
4649,-0.3650232987135956
4650,-1.8122446773597807
4651,-0.4618515785128815
4652,-1.2061140624995772
4653,-0.02326478715505509
4654,-0.45761099183151
4655,-0.8682583518659406
4656,0.12496558057304032
4657,0.5076758769856639
4658,-2.255959797005098
4659,-0.4541679971713668
4660,-1.1774271343883056
4661,-0.834608591528451
4662,-0.234539209663004
4663,0.5336932497439966
4664,-0.1387659641460281
4665,-1.1253690818785378
4666,0.6191314071724616
4667,0.7540607068053925
4668,-1.7790515913005178
4669,-0.289219660782294
4670,-2.1567522084066444
4671,1.5422353285199506
4672,-0.741371350895482
4673,0.7858326761959841
4674,-0.1009966982318275
4675,-0.3886905478060392
4676,0.3783420081387454
4677,-1.8989425903218244
4678,-1.8722101250043126
4679,-0.8986834921502334
4680,-0.3128199359409849
4681,-0.7514415177408235
4682,-1.1179802065262212
4683,0.21748322105233808
4684,-0.8010881133183284
4685,0.19406974132849453
4686,-0.8027936756719992
4687,-0.9387219304605037
4688,-1.6070652317646013
4689,-0.5680009687575482
4690,-2.0391252374941553
4691,-0.2865419561632987
4692,0.695346274940899
4693,-0.15559783378839187
4694,1.1490214531530056
4695,-2.0771842068477024
4696,-1.4002094916987384
4697,0.036658081311919714
4698,0.06856052833387219
4699,-0.4736712708750312
4700,1.6030424902098983
4701,1.1435299986866598
4702,-2.2341698025810643
4703,-0.7986594276703713
4704,-2.307931723550362
4705,-1.3857972850470488
4706,-0.5124155639754105
4707,-0.6651748618534037
4708,-0.7310105253560449
4709,-0.4174853664523406
4710,-0.8179249398626314
4711,-0.27816359663644835
4712,-0.5828789112417889
4713,-0.8536162496436211
4714,-1.3903205087290713
4715,-0.8290550954727249
4716,0.3870629074470612
4717,-0.9814085064100369
4718,-0.07983002961143904
4719,-1.555301395460343
4720,-0.6414419885147111
4721,0.011479782256282989
4722,-1.1702717716923186
4723,-0.8895351572197718
4724,-1.9497763602573979
4725,0.34264018850144184
4726,1.7474654020235485
4727,-1.3700265095086883
4728,0.1411262780886653
4729,1.1672400553683975
4730,-0.9063025881637372
4731,-0.9352001876601777
4732,0.044703478914254025
4733,-1.6594861995698293
4734,-0.9884616931000207
4735,-1.1647646490863637
4736,-1.2023446598333682
4737,-0.3381821532159772
4738,-0.6943573352861617
4739,1.5311477840645162
4740,-2.844573505318117
4741,-0.031929846947308604
4742,-1.5223656349967412
4743,-0.47238655313457417
4744,-1.9547700885280048
4745,-0.3768117311002589
4746,0.6493948016439552
4747,-0.07174103004182342
4748,-1.73717378301413
4749,1.0303292611435297
4750,-0.4396891656845357
4751,-0.18093997804836537
4752,-0.5126202673422354
4753,-0.8409057145908128
4754,-0.13286128963707286
4755,-1.7722135750071968
4756,0.3203746952151758
4757,0.09135842955086138
4758,-0.5933081231970446
4759,0.5078052593981874
4760,-1.789846790767618
4761,0.6844760933271502
4762,-0.036398954271550404
4763,0.11517963786981955
4764,-0.29142296650743504
4765,-1.372758961105889
4766,-1.4304963740012413
4767,0.56374114663009
4768,0.2803072275747155
4769,0.8030227302277725
4770,-0.6976491704261596
4771,-0.9412566777425969
4772,0.9683275844268168
4773,-2.5578805441969585
4774,-0.5861844400761874
4775,0.19769527780942464
4776,-1.8728588934441714
4777,-2.5250210236955617
4778,0.09979733905014232
4779,0.886327570467107
4780,-1.3542406129376943
4781,-1.3023656054095192
4782,-1.6115559434750335
4783,1.4191592252268639
4784,-1.1556260118273423
4785,-1.2010265509835623
4786,-1.3972925860128511
4787,-0.8372069252779807
4788,-1.1741482704567727
4789,0.23577575265311734
4790,-0.10895047997131191
4791,-0.42082355599201243
4792,-1.2635505658715942
4793,-0.038076641147121254
4794,-3.5861338468527
4795,0.35444134880232514
4796,0.06788983308117746
4797,-0.46183675623132586
4798,-0.10650091182314675
4799,-2.142395638148874
4800,-0.8293846617580993
4801,-0.25078044319410076
4802,-2.0811354962024438
4803,-0.6771074916272517
4804,-0.3210516680078031
4805,-0.7182480673984908
4806,-1.5713499054834905
4807,0.7043695912219335
4808,-1.9896976466261833
4809,-2.1262735153548555
4810,-1.430095023234607
4811,0.8567604212552837
4812,-0.6313665184376895
4813,-0.12361813665903237
4814,-0.7692265869393603
4815,0.08091259718543978
4816,0.20382910169310042
4817,0.5247911075044815
4818,1.1179955554159142
4819,-1.0155436292882123
4820,-0.7679796613481005
4821,-0.49351936481343406
4822,0.329018177721887
4823,-0.7441451352593345
4824,0.04376213110646819
4825,-1.0188464794273808
4826,-0.7255576941139895
4827,0.561583391698833
4828,-2.643926203367015
4829,0.009293286552003566
4830,0.5605965302492428
4831,-1.107741479081909
4832,-0.17325946155764527
4833,-1.416426227185968
4834,-0.0386174026510836
4835,-0.5820866953178625
4836,-0.54726437256577
4837,-2.074437280664231
4838,-0.47479686816873223
4839,-1.3730174632405556
4840,-0.9430236648223962
4841,0.5416859827257992
4842,-0.6447612472083983
4843,-0.537084755784859
4844,-0.3278750503285919
4845,-0.2783489134056023
4846,0.34524149427740647
4847,-0.24422510251461
4848,-0.14118647065034562
4849,-1.7540709881393115
4850,-0.5931693504847553
4851,-1.024020167662482
4852,-0.40855873077648913
4853,0.8819094544113595
4854,-1.1659867731113083
4855,-3.1322334091879167
4856,-1.3503487940566234
4857,-1.42177780413464
4858,0.5510309600041806
4859,-0.47585603590578385
4860,0.8176299264292254
4861,-0.2229667068576484
4862,-2.5852140840027005
4863,-0.36339521538090214
4864,-1.2010058308606586
4865,-0.20093100278779602
4866,-0.6552461802209578
4867,-0.7823345115373798
4868,-0.6721738321988113
4869,1.4178948731220191
4870,0.7933942380627649
4871,-1.3308905593216183
4872,-0.16525902865353492
4873,0.6536513398245358
4874,0.3622974733367007
4875,-1.0712805567617814
4876,1.0540970003336145
4877,-1.0217677515197703
4878,-0.3135301272719082
4879,-0.10219837112285046
4880,-2.339849168390946
4881,-0.6496906825586487
4882,-2.699876853613011
4883,-2.5841216117060486
4884,0.20283163862175954
4885,-0.22233904970812576
4886,0.6747674719099725
4887,-0.49515418088350416
4888,-1.1468799927704436
4889,-1.204549318681555
4890,0.5631457228272503
4891,1.1238308799335643
4892,0.30797061516159074
4893,-0.6026874219148212
4894,-0.6577949880490899
4895,1.2284728304185921
4896,-2.7718332646858146
4897,0.0459434569172148
4898,-0.2392239132598445
4899,-1.4877909695061386
4900,0.4918569634369997
4901,-1.578533794596982
4902,-0.4503152102393271
4903,-0.4502450859397924
4904,-0.6607101765123656
4905,-2.2903378478684875
4906,-0.6069112403127419
4907,-0.9017644006208685
4908,-1.1922702231884474
4909,-1.5091081741640966
4910,-1.9239888319380238
4911,-1.09939489751462
4912,0.7317085304036106
4913,-0.07390457398997105
4914,-0.0443500116116084
4915,0.9729089875911425
4916,1.5871982028847282
4917,0.3649486429273478
4918,-1.96236084391539
4919,1.1017793252611745
4920,-0.6313969381454827
4921,-0.9974545287794678
4922,-0.4299205360210612
4923,-0.5355085448602548
4924,-1.4285815657040781
4925,0.39566746376697126
4926,-1.172115958819507
4927,-1.635521681030238
4928,-0.3992342049418549
4929,-1.1771226898541636
4930,-0.8529194235921005
4931,-0.34329853698035845
4932,-0.398043554402399
4933,0.012465352430022003
4934,-2.3739867929614453
4935,-0.5136955427419415
4936,0.6489048724344297
4937,0.16151893526716377
4938,1.8780008037322613
4939,-1.3408021133372736
4940,-1.4667983794729453
4941,-0.3904189570493398
4942,-1.76125443457619
4943,0.3700034388271982
4944,-1.6954600667224125
4945,-0.09143828330737763
4946,-1.2616673851092859
4947,-2.618274636765556
4948,-0.4370996753179319
4949,-1.6294015433467004
4950,0.7048404547128921
4951,-3.1857777643811476
4952,-0.48746296712655734
4953,-1.5072504351297185
4954,0.5799577053367715
4955,-0.8857625983426235
4956,0.11185730789157566
4957,-1.2594244588083792
4958,-0.32601469838625835
4959,0.9640551094884081
4960,-1.0048360282270803
4961,1.4139989813265668
4962,0.4009521720756964
4963,0.6924951430074029
4964,-2.5088263070081718
4965,-0.9209176877076208
4966,-1.8000040678977764
4967,0.683689565767629
4968,0.6322801675192531
4969,-0.9762541214364343
4970,-1.366023976089213
4971,-2.5539783271811487
4972,0.6277601366023589
4973,1.374554360226631
4974,-2.4221303001105334
4975,-2.187442108192216
4976,0.4438501442314501
4977,0.7955223426460417
4978,-0.1708913900048652
4979,-0.1853674354653022
4980,-1.1361845728645914
4981,0.42724826367028457
4982,-1.0625564702471773
4983,1.46010697489368
4984,-1.0223920012681373
4985,-3.169977288912456
4986,-0.2189470846152497
4987,-1.601905651837082
4988,0.17111080269687418
4989,-1.9429135125262835
4990,-0.21505441468023215
4991,0.22232713519658365
4992,-1.0997443847936363
4993,-2.274555921267803
4994,-1.789344591445254
4995,-1.8176112228028853
4996,0.7074603818020139
4997,-0.6604975603869678
4998,1.1146697183085994
4999,-0.3792822974844213
5000,-0.7751427770998428
5001,0.622419961604026
5002,-1.5487029158290384
5003,0.5564686981700526
5004,0.6134223682863131
5005,-0.2576647498999438
5006,-0.09721311469682292
5007,-0.5260394020675541
5008,-0.8663339972435056
5009,-0.8023577595332181
5010,-1.0271354710752743
5011,0.7339696930041837
5012,-0.1407736684441367
5013,-0.8358361599337152
5014,-1.805749409769463
5015,-0.1108404490645061
5016,-1.7128394378648875
5017,-0.8886137576874688
5018,1.402874272485637
5019,-2.3891916721010698
5020,-1.054513530248806
5021,-0.8913234457307716
5022,-1.4728549265967583
5023,-1.4199381510871198
5024,-0.7846456980172309
5025,-1.1815436688939376
5026,0.5858281396300684
5027,-0.2599070802278658
5028,0.5241154698469642
5029,-2.1087345355409073
5030,-0.3889749652087532
5031,0.4102854295415779
5032,-0.4556005083970366
5033,-0.4665239921367741
5034,-1.4143614169831227
5035,-1.251127227485827
5036,-0.9120707087196025
5037,-1.1457164022826372
5038,0.5361035628897003
5039,1.5832262939728472
5040,0.42257838491946453
5041,0.2639320825435961
5042,-0.7189315587246445
5043,0.15630010048603804
5044,-0.8966820757102487
5045,-0.6115691920528852
5046,-0.6311170815031306
5047,-2.987714933503184
5048,1.0956299710268842
5049,-1.6522154775300457
5050,-2.8977214546574124
5051,-0.2526851456238417
5052,-0.16059864064273321
5053,-0.8148281454251406
5054,-0.53735333972071
5055,-2.2412049155315548
5056,0.07892243278580136
5057,1.315527208387794
5058,-1.3533601170795058
5059,-0.35890275810672134
5060,-0.7274566584790225
5061,-0.44687634883585636
5062,0.030650262196845468
5063,-0.20424272022740708
5064,1.4442131263367095
5065,-0.7297801590935746
5066,0.9974232677981443
5067,-0.6609225846784946
5068,-1.1001167837649262
5069,-0.6100212444866119
5070,-0.6198998297730091
5071,-0.025286223343375824
5072,-0.20632371107282677
5073,0.20528989962759392
5074,-0.7147056331387189
5075,-0.42552543165217677
5076,-0.17628295694007173
5077,-0.2862943475096854
5078,-0.2404632119024669
5079,0.03218872247818494
5080,0.5401304632834811
5081,0.3040294611191946
5082,-0.520191431427957
5083,-0.7904942060369433
5084,-0.019609436763788568
5085,-1.1341407012674087
5086,-0.3408991387005893
5087,-0.9746106651646561
5088,-2.5453638031659596
5089,-0.4629473036371326
5090,0.18733834739760413
5091,-0.5367859208766567
5092,0.9220964234898054
5093,-0.6808835022625424
5094,0.17113903298394795
5095,0.02750845089243517
5096,0.43146178507778987
5097,-0.5175055731628778
5098,-1.011387387043794
5099,-0.1489152778196377
5100,-0.38174804836700793
5101,-0.439169526892356
5102,-0.09119105597708721
5103,0.24224464284707287
5104,-0.8795809684115051
5105,-0.5282265507423165
5106,0.9754172218618509
5107,-0.4826184642543921
5108,-1.100146944445452
5109,-1.5736984297680898
5110,-0.019761135978857647
5111,-0.48906997094465465
5112,-1.6646862877668518
5113,-1.8550281431946791
5114,-0.3790318772113478
5115,-0.9184030052192819
5116,0.45949876543972323
5117,-1.3881423351342765
5118,-1.9929667607544617
5119,-0.7880247263038902
5120,-0.12020221862757571
5121,-0.10021324322584335
5122,-0.6205377178438236
5123,-0.31846761439583693
5124,-1.0307855378868354
5125,-0.15982150334220063
5126,-1.1784575049247206
5127,-1.6632595776286014
5128,-0.7490710439028785
5129,-0.568406434556839
5130,-1.1943342036077171
5131,-2.223009715131632
5132,-2.059959225398928
5133,-2.379902897160469
5134,-0.3485976965483841
5135,-0.1359636471659289
5136,0.9385357906292319
5137,-1.5503157852942353
5138,-1.018253323458097
5139,-0.8325847910424369
5140,-0.37988241747197016
5141,-0.8405555214734781
5142,0.2659676686442139
5143,-0.9303070983540702
5144,0.6690625116566286
5145,-2.1151158102615706
5146,-0.70900464568405
5147,0.0850153855854417
5148,-0.9129009870707121
5149,-0.860463414753772
5150,-1.167489391260558
5151,-0.46835477987319035
5152,1.009226975438069
5153,-1.6747104624919695
5154,-0.8244896719307457
5155,-0.664991726872905
5156,1.079140962036257
5157,1.0620931911983744
5158,-0.07564413718949639
5159,-0.4701813973158593
5160,1.0258133662564024
5161,-1.231714972691951
5162,-0.6587330008351403
5163,0.004243289062047184
5164,-0.1815287671323278
5165,-1.126332388130245
5166,-0.19258671911057157
5167,-0.720740713014915
5168,1.5668565832345367
5169,-0.7004678044577766
5170,0.6821105320917257
5171,-0.39807091947990436
5172,0.6446294424336675
5173,0.4587970435322204
5174,-1.5589749672737683
5175,-0.2434447111923515
5176,-0.4690621279541504
5177,-0.20210434380010267
5178,-0.3138446553578085
5179,0.13400143370908646
5180,-0.5152081147180966
5181,0.15841046579824836
5182,-0.4384200715671345
5183,-1.8486020187122503
5184,-0.4066625539642552
5185,-0.9216731433234404
5186,0.23594101563741798
5187,-1.9097955598763596
5188,-2.495706855525799
5189,-0.2647329002376575
5190,0.4757658302736092
5191,-0.011241039069848802
5192,0.8057675104755019
5193,0.38158939627051014
5194,-1.4220038838480686
5195,0.41006965445025556
5196,-1.0571691237782903
5197,0.9316759514691857
5198,0.020321917186459704
5199,-0.6804593322447997
5200,0.575185697529712
5201,-0.8363983383155167
5202,0.23458216890469002
5203,-2.910820219555988
5204,-1.6743898515338123
5205,-0.29070458785093856
5206,-1.0922254831052323
5207,-3.6763030561559376
5208,-1.5811839410169113
5209,0.9331009359874618
5210,-1.6271333201946974
5211,-0.1805841292415994
5212,-1.2142603238345056
5213,-0.4527883693989815
5214,-0.5426028930642814
5215,-0.2757500243128434
5216,-0.4351473724237187
5217,-2.76023545061563
5218,-0.908440209881841
5219,-0.3824314453353578
5220,-0.10716549342208581
5221,0.5049091324511339
5222,-0.7047749716311758
5223,-0.58995817711303
5224,-2.4171352677211386
5225,-0.445084190456435
5226,-2.0896569070156352
5227,1.6154617007541123
5228,-0.7309492757631375
5229,-0.10993919556630072
5230,-0.3710562996308846
5231,-1.737346885655061
5232,-0.22928546009395734
5233,-1.7421983391109177
5234,-0.22585721794575495
5235,-1.2365002955472737
5236,-1.472600240503731
5237,0.029663196582111903
5238,0.0026286496825287387
5239,-1.4108767190738039
5240,-1.4465320169366291
5241,-0.8139026843941288
5242,-0.4261283421950783
5243,0.8896567294772412
5244,-1.2213658728818564
5245,-0.6575246780259862
5246,1.5854955027576711
5247,-1.6235741067853144
5248,0.0024308909377477317
5249,-0.3416339611691778
5250,-0.4768789631735647
5251,-0.9390799774232598
5252,-2.0186995029066224
5253,-1.403503743878237
5254,-1.0525257433828745
5255,1.1314578180821995
5256,-0.5549541748252136
5257,1.5770829766413366
5258,-1.1695505778642232
5259,0.04315106162742488
5260,-0.5451811093713808
5261,0.020952034345469966
5262,-0.0714935643697403
5263,0.49970039889046264
5264,-0.41019577229573856
5265,0.7808375504730443
5266,0.0434164552468681
5267,-0.1917542317261194
5268,-0.3473471404475835
5269,-2.5636094043026594
5270,-0.9520360769998764
5271,-0.6485802971168055
5272,0.3591442545006891
5273,0.36717783347267063
5274,-1.6034692164238613
5275,-1.0788392980963561
5276,1.270144918637768
5277,-1.235137143630289
5278,-0.4139692757612565
5279,0.0360526095972806
5280,-1.0511248836873686
5281,-2.3723581219996386
5282,-1.3485232960357956
5283,1.9939279247039374
5284,-0.8741189615579013
5285,-0.5499462370297137
5286,-0.9123673980164554
5287,-1.62724922781134
5288,0.20102748990398167
5289,0.3208430601023512
5290,-0.906425804581935
5291,-0.35988028169790687
5292,-0.7670600655075238
5293,0.6618561345758763
5294,-2.533721130912947
5295,-0.7810225795091319
5296,0.0998093043571126
5297,1.3755801710623585
5298,-1.5416139257701165
5299,-1.301151417531985
5300,-0.2847201113216906
5301,-0.889672399214266
5302,0.35199144685895956
5303,-0.6932516006461026
5304,-1.1625118598957243
5305,1.4596526679265378
5306,-1.0011285987086773
5307,0.2723825603479937
5308,-0.016596347460410277
5309,-0.7136425938332266
5310,0.91551004362893
5311,-1.3591596888855828
5312,-1.336433581945722
5313,0.5144475857540174
5314,-2.0065726785490914
5315,0.14026622360811325
5316,-0.6212832613882946
5317,0.2063518647024447
5318,0.31389790759743574
5319,-0.8838044666854926
5320,-0.9699568925117663
5321,-0.14323049931880594
5322,0.4968616865468478
5323,-1.9894819979108402
5324,-1.54283931998406
5325,-1.4254297326213958
5326,-0.5662424494932976
5327,-0.5969177508985194
5328,1.9587770129110202
5329,-0.07094924190698348
5330,-0.8805891723671
5331,-0.5904818294098342
5332,-1.20976927473112
5333,-0.9848026911349564
5334,-1.6027298020056664
5335,-0.61402549508148
5336,-4.285858276907508
5337,-1.5936659516273157
5338,0.5118766534835674
5339,0.026932117783446508
5340,0.03632276884117666
5341,-1.1729799914440266
5342,1.0849916893941596
5343,-0.9125857789159356
5344,0.5239334553827033
5345,-0.4421351540694177
5346,-0.16481166392926117
5347,-1.044497007122183
5348,0.7331255417243838
5349,-0.7322399620144986
5350,2.2622825217601656
5351,-0.29812954824932575
5352,-0.7593529882736029
5353,-0.9475182619930819
5354,0.3254870731244493
5355,-0.22946440317325256
5356,0.3247371109531717
5357,0.21578570801984878
5358,-1.073129254883198
5359,0.19310307935421323
5360,-1.9287138716130237
5361,-0.2784995865627013
5362,0.2791922059932537
5363,-2.140533670576433
5364,-0.602208202611682
5365,-1.0686429861137494
5366,-2.38000157985942
5367,-0.40208797635718385
5368,1.040189139764282
5369,-1.9344978042015737
5370,-1.5669273193008868
5371,-0.9886927507996245
5372,-0.9087251780209051
5373,0.18535253256947537
5374,-0.40689092905398416
5375,-1.1008244541924568
5376,2.699024134221986
5377,-1.320194509428056
5378,-1.9614086995752613
5379,-2.357349061649967
5380,-1.0370822721712876
5381,-1.1316731408040024
5382,0.7740523838094484
5383,-0.5236579280617881
5384,-0.374518299928196
5385,-1.9980331390866324
5386,-0.6415284667815703
5387,-0.35623110028451305
5388,-1.9489935076879006
5389,-1.4905363891063572
5390,-1.6727395953444337
5391,0.6259536499768333
5392,-0.3531694583644145
5393,-0.13300824590791616
5394,0.7274128083985894
5395,-0.6717475066019342
5396,0.9159300303549897
5397,-0.3750301321181711
5398,0.5920805700159524
5399,-1.5512867896331377
5400,-1.3454120388246082
5401,0.325086269566518
5402,1.3661540885633978
5403,-0.5758048014553582
5404,-1.1219779687872775
5405,-0.3100967698926387
5406,-0.3075575622677278
5407,-0.9654744808203446
5408,-0.7062880598612733
5409,0.7696689310180992
5410,-1.7673014136030514
5411,-0.8810642342411841
5412,0.43325479794663224
5413,-2.4971712020221113
5414,0.8914062348361249
5415,-1.1225128011829484
5416,-1.559231871040355
5417,-0.49022244905173806
5418,1.615964116958398
5419,-1.4421138616539166
5420,-1.811019587476913
5421,-0.9226106278784804
5422,0.44516383872320775
5423,-0.38684029307232687
5424,0.294310041685066
5425,0.9066137745500366
5426,-2.39869385693148
5427,0.5296315711462439
5428,-1.3796448096054235
5429,-0.9581613832244991
5430,1.2695571824442564
5431,-0.012273610406114632
5432,-0.1788453542112761
5433,-1.2720835315969916
5434,-0.2949098601409239
5435,-0.8058480362469728
5436,-1.2288598242369728
5437,0.24018700081291633
5438,-2.0996896331678716
5439,0.706123914157969
5440,2.1898636144972157
5441,-0.731133235119195
5442,-0.09879525117446222
5443,1.6556157528022695
5444,-1.1358380998568989
5445,-0.8503091159330138
5446,1.812037621851268
5447,-1.4071832452309216
5448,0.38508070840024344
5449,-0.35220145906874634
5450,-1.065304701426257
5451,-0.2848383725645628
5452,-0.8908403615306587
5453,0.08549983036779502
5454,-0.8591680894034408
5455,-2.813182341584831
5456,0.41972262229941104
5457,0.25212444483200125
5458,-0.14005338759681124
5459,-1.059486160422238
5460,-0.7340386597923907
5461,-1.8560056171463777
5462,-2.367741701416737
5463,0.34537131113250386
5464,-2.5573509957477887
5465,-0.07759028688930036
5466,-0.628070867115017
5467,-1.9190775920916767
5468,-0.6370928485979477
5469,-1.110651187411765
5470,0.6586691717307993
5471,1.6289738382795966
5472,1.5557375118521375
5473,1.0496662882327286
5474,1.1910086410210357
5475,-0.09207044889276694
5476,-0.8773935607022808
5477,-0.685333170524576
5478,-2.3062207770657945
5479,-1.6303192044741803
5480,-1.945448806415821
5481,-1.9567123379048557
5482,1.1946086339627882
5483,0.20156145167752715
5484,-0.1428494585946513
5485,-0.6443123950580637
5486,0.30753222999932506
5487,0.33843800444231875
5488,-1.3567738672750282
5489,-2.6563423416863827
5490,-2.023741958482884
5491,-0.8867022782316212
5492,-0.7110426044757168
5493,0.8892214762011472
5494,0.024904413093428834
5495,0.03608901752040933
5496,0.22334481357373548
5497,-0.9081621306801084
5498,-1.6678284334974869
5499,-1.423740828903938
5500,-2.3344866769690125
5501,-1.8506180174656657
5502,-1.6429875897962105
5503,-0.40007507736752995
5504,-1.4885727457307103
5505,-0.2751626986394286
5506,1.6813073733114694
5507,-0.7480012054622042
5508,-0.5191761835039301
5509,0.4369267724737208
5510,-0.3502881514730819
5511,-1.4207885248300003
5512,-2.5924746525622258
5513,-0.14323960271654784
5514,-1.1336982572089667
5515,-0.1643921462929231
5516,-0.7318185782998601
5517,0.7055486400196987
5518,-0.07603554658063394
5519,0.39083069979362284
5520,-0.6740822669216061
5521,0.5851290776399082
5522,-0.6719080367558491
5523,-0.13855499873211746
5524,-0.6492283905955077
5525,-1.6835798283083503
5526,-1.5839988430657184
5527,-0.8362861765823092
5528,-1.6334043372690046
5529,-0.5677162382468466
5530,0.2647317968535192
5531,-1.4425496089691143
5532,-0.5766434432776291
5533,-1.7956851802598899
5534,0.43979064821834757
5535,-1.3191586368517156
5536,1.0604825750823363
5537,-0.35231364609526133
5538,1.4140009875858717
5539,-0.021895562536808688
5540,-0.7219574193731335
5541,0.6416699784577862
5542,-0.04817518503583229
5543,-1.4855536771762479
5544,0.34834627992697353
5545,0.0891656775305274
5546,-0.23248999464163617
5547,-0.7849790267598574
5548,-0.577853866078592
5549,0.34867661384656956
5550,0.9122704925558827
5551,-0.7861450220196118
5552,-1.4135734679162368
5553,0.3504797781827078
5554,-0.26310948872280626
5555,0.46687222843401344
5556,-1.8900963484262703
5557,-1.484006485557213
5558,0.18025390391819668
5559,-2.0591149805041247
5560,1.763593293948735
5561,-1.5574005691111377
5562,-0.44858145192927473
5563,-1.8783339984976692
5564,1.7025587596217182
5565,0.26223275648920674
5566,-0.7834034875794103
5567,-0.4150957875869197
5568,-1.3127044303364914
5569,-2.385462601453344
5570,-1.4034125335175953
5571,-1.2133946973279781
5572,0.5587299316940529
5573,0.0123123877136622
5574,-1.1569862945076805
5575,-1.2173822379889847
5576,0.7645878287799284
5577,-1.8270339960071098
5578,-0.15522061097192708
5579,-1.4285336361418233
5580,0.3506764171480755
5581,0.7616112913966153
5582,-1.0209810481325494
5583,0.0441479255024515
5584,-3.066817170711573
5585,-0.34009924711845485
5586,-0.21850815139818303
5587,-0.12902445217008662
5588,0.6321698321766012
5589,-1.3348590035510743
5590,1.2219777133554541
5591,-1.3041046187159844
5592,-2.0822047935682546
5593,2.00400714100961
5594,0.22990484668077948
5595,0.622446790545011
5596,0.1121576571852465
5597,-0.3281415016000725
5598,0.5842214562439498
5599,1.1958666185028763
5600,-1.7522155321971158
5601,-1.561215311723121
5602,-1.5224313153685556
5603,-0.2653482565397824
5604,-3.0813203234793374
5605,-0.5398884322800406
5606,-2.1446194405350045
5607,-1.068068970326709
5608,-1.7370914051954678
5609,1.0173589111911774
5610,-0.7004442727428852
5611,-1.0934473016784936
5612,0.5733948845560759
5613,-1.9309703956939974
5614,-1.9486043266620783
5615,-0.9025224926198994
5616,-1.3588583035403907
5617,-0.11288216976306431
5618,-0.7861543937186262
5619,-1.827869829527473
5620,-0.8813706557431227
5621,0.37816365501802446
5622,-1.8808003366904607
5623,0.4000508360165808
5624,-0.10157991202333848
5625,0.5829090265786288
5626,-0.5085271062836025
5627,0.4182960258286529
5628,-1.368534572799097
5629,-0.8878908915965319
5630,-0.978144808227859
5631,0.548809057261725
5632,-1.9294413078351926
5633,0.14403330181929475
5634,-1.14426110156493
5635,-1.1543915385717187
5636,0.5960402003253493
5637,-0.49468221201430573
5638,-0.34553847108321695
5639,-0.5427788318897478
5640,0.0835348806840163
5641,1.4050693602074906
5642,-0.6089430938346775
5643,0.6919086602102482
5644,-2.87404896097699
5645,0.5257909241450722
5646,-0.2213332670416469
5647,-0.6191716340214146
5648,-0.31782737985234766
5649,-1.1428503425043026
5650,-1.248768887351086
5651,0.6231062617035821
5652,-0.359538943246102
5653,0.2724040956163651
5654,-0.9139966231955924
5655,-1.5829858195183801
5656,1.0153174453143454
5657,-0.6462201183746014
5658,0.4070071008825391
5659,-1.6398734101008379
5660,-0.36291465957095315
5661,-0.5836695441762954
5662,1.4130687424648682
5663,0.8976163268657303
5664,-0.058900182288749825
5665,-0.9697032886109149
5666,0.24882070059750006
5667,0.267452102265194
5668,-2.1915870612829935
5669,0.42317463611269823
5670,0.16496253014158307
5671,-0.5901482050688651
5672,1.5474607332362753
5673,0.5894221538714737
5674,-1.062046746169052
5675,0.39736512987141337
5676,-0.37919998993348597
5677,-0.5498135890560373
5678,-3.4101797208349147
5679,-0.8548936250558203
5680,-0.33463711617089037
5681,-0.0876318670333539
5682,0.03941258952702349
5683,-0.07702400899833384
5684,1.318559708034046
5685,-0.4690713295955514
5686,-1.0837550250801553
5687,-1.2137022868512786
5688,-1.0129159396800205
5689,-0.9603883644503095
5690,-2.5157845214194183
5691,0.1576623419420855
5692,0.398313951680875
5693,-1.4450260826702892
5694,-0.2673761459682661
5695,-0.977430890307067
5696,-0.8414896383524365
5697,0.15016754473038696
5698,-0.051690865428697635
5699,-1.0485136880167563
5700,-1.5380661948501002
5701,0.09179260192833871
5702,-1.6179706859828595
5703,-1.066530920367105
5704,0.46851478252892975
5705,-0.1797464364547856
5706,-1.0461181411387708
5707,-1.7660630066187757
5708,-0.022275950822689294
5709,-1.321360162811164
5710,-0.05295733624663068
5711,0.3505499539721711
5712,-0.7633185756688047
5713,0.05516847748528919
5714,-1.6519833938264996
5715,-2.7089050992432684
5716,0.1883936431229627
5717,0.6570477512565138
5718,-1.254139360722709
5719,-1.0240901078714595
5720,0.06540979382665979
5721,-0.4870593113777788
5722,-2.2737512657185213
5723,-1.1338683926990258
5724,-0.9330995732495119
5725,-2.1695176442232564
5726,-0.03964940260190719
5727,0.07555843169991305
5728,-0.010308543855667152
5729,1.325658131933683
5730,0.563108724223573
5731,0.72050590867183
5732,-0.9168987573273558
5733,0.3545528597509986
5734,-2.117989671177451
5735,0.5360416711795926
5736,0.8917255656770147
5737,1.634226868738688
5738,-0.279170583152447
5739,0.3467507239882759
5740,-1.2680394662883698
5741,-2.3796837319633295
5742,-0.37271888131167796
5743,-0.26750835801240214
5744,-0.4007466382545404
5745,-1.614689231044128
5746,-1.5969035807247718
5747,0.32489342239970587
5748,0.13082658689111448
5749,-1.0686560842914807
5750,0.9840160050075989
5751,-0.7463224883505954
5752,0.5497027720804762
5753,-1.33091352160492
5754,0.10471314670693288
5755,0.14566904512818651
5756,0.1746204502090915
5757,0.41282823293132065
5758,-0.660738046751662
5759,-2.275311117731869
5760,-1.2733596406614893
5761,0.2048384961861801
5762,-2.85050928720453
5763,-2.3876599496829867
5764,-0.476548692447728
5765,-0.7790977736315391
5766,0.9981292116833846
5767,-0.6202721670812693
5768,0.3406416960829275
5769,-0.29343566133284693
5770,0.1555997255451015
5771,0.6375466594635453
5772,-1.8644430588836056
5773,-1.68847289628367
5774,0.7421419802769966
5775,-2.917043412621469
5776,-3.2261851860552895
5777,-0.20049836573462376
5778,-0.14317078376398892
5779,-1.2349252487469509
5780,-0.3267719493863598
5781,0.9293936844874939
5782,0.2759917046243895
5783,-1.016431533549301
5784,-0.36171831218485995
5785,0.09529339652456184
5786,-2.7180356388154903
5787,-1.7295149742176348
5788,0.5446884949137372
5789,-0.45695362674508294
5790,-1.801418130960217
5791,0.2346688005725851
5792,0.057860804904525165
5793,-1.1978891985255231
5794,-0.9213878153973221
5795,-0.41837605702224606
5796,-1.015707440269024
5797,-0.6291486727277364
5798,-0.3203642876175013
5799,-0.23473550302563373
5800,0.6623249255196704
5801,0.19708228926996496
5802,1.620161872990484
5803,-0.3709078097991394
5804,-0.22482788539617793
5805,0.49376757738397753
5806,-0.8297731019354332
5807,0.5800836685303925
5808,1.0384491041043507
5809,-0.5955502976746666
5810,0.33147849644802796
5811,-0.5050189029419544
5812,-1.071557302896987
5813,0.593335028527823
5814,-0.3268541147656555
5815,-0.9272206866114435
5816,1.808333227616969
5817,-2.364936079074008
5818,-0.7225501492491582
5819,-0.7158321521239072
5820,-0.7745088942274692
5821,-0.6996054606931342
5822,0.9729503882321877
5823,-2.2583105792223304
5824,0.6232709195676167
5825,-0.8784295396837183
5826,0.2671207782308637
5827,-1.0012967518950553
5828,-0.16750546812657252
5829,-1.0505230196670459
5830,-1.091738840543719
5831,-1.4692683144005385
5832,-1.155341186148104
5833,-0.9596731442660724
5834,-0.19122380873795858
5835,-0.4585607410052599
5836,-0.6527939927607027
5837,0.6471130660737534
5838,-1.946141463983932
5839,-0.07532220737879441
5840,0.16598555669552972
5841,-0.24968833350364594
5842,-1.0931995699142627
5843,-1.1206320840759108
5844,-1.436387702053327
5845,-2.4350476045211913
5846,-0.07309423242601881
5847,-1.4504443495893617
5848,-1.83550653098392
5849,0.195893900522897
5850,0.7460536363345864
5851,-3.1327448380931284
5852,0.883581334099917
5853,0.7430678037264183
5854,-1.7936816069818147
5855,-1.1560268696439278
5856,-0.6335730734616007
5857,0.2900829104051627
5858,-2.362456467642226
5859,-1.6931475598475891
5860,2.3961648929472013
5861,0.7438462539099858
5862,1.1187014585549675
5863,-1.4842927927449054
5864,-0.580276197647731
5865,-1.8526606789715276
5866,-0.1374745271081721
5867,-0.7234822867853858
5868,1.6306290915620076
5869,-0.8692413828008517
5870,-0.5900031418059118
5871,-1.2962457974021793
5872,-0.3294832451391503
5873,-0.7518156288330715
5874,-1.953963263657784
5875,-0.44252743508158854
5876,-1.9301480934082211
5877,-1.4735283804724808
5878,0.43829882442666585
5879,0.5936319148859396
5880,0.34966237594738286
5881,-0.32297401647818424
5882,-0.6272295007862876
5883,-1.801280634019118
5884,-0.2544311542226058
5885,0.34250346115181807
5886,-1.6057479797999166
5887,0.3725522079909672
5888,-0.9367679498398263
5889,-0.48532418815309286
5890,-1.5129056611206848
5891,-0.39883661764166367
5892,0.9863915463434206
5893,-0.8033132539106845
5894,-2.022713688057357
5895,1.28390301556972
5896,-1.4590237233834515
5897,-1.1979678121167372
5898,-1.0621475887079914
5899,-1.76839370255787
5900,-0.12489552804556014
5901,-0.6116570345159615
5902,-1.320018435190487
5903,0.22509026336415294
5904,0.32200445000714284
5905,-1.8696689870309964
5906,0.18723008835114907
5907,-1.910633776151848
5908,-0.43043600946923866
5909,-0.8501207606650468
5910,-1.455531335801707
5911,0.8533086232039007
5912,-0.439546057510034
5913,-0.1297905544474297
5914,-0.8857858282316671
5915,-1.3984347056007838
5916,-0.003927526606968712
5917,-1.3862500614136375
5918,0.20975378956802004
5919,2.156465001736548
5920,-0.285932963769857
5921,0.229311000110961
5922,-0.010019314748765579
5923,0.7116900016543113
5924,-1.8584991476867736
5925,-1.4990725472159496
5926,-0.7208610257112247
5927,-0.4797170807143968
5928,-1.7063250452113352
5929,-2.3663526857465014
5930,-1.1060103077937409
5931,1.3100526467526834
5932,1.6201873360706445
5933,0.16210312254455955
5934,-2.1810504048344113
5935,0.15643619850228158
5936,-1.1412113849141394
5937,-0.24485013384019272
5938,0.25006808561732996
5939,1.0654584917999026
5940,-0.28452517632020957
5941,-1.0967912275058198
5942,-0.09366447632780817
5943,0.7151570818891293
5944,-0.17930865008292796
5945,0.9940960543166523
5946,0.04380694671230834
5947,-1.3486368380097855
5948,-0.2596950140010133
5949,-2.4152412906941114
5950,0.7596810495791452
5951,-0.18003455457764594
5952,0.3544000591328258
5953,-0.24916547698566338
5954,-2.47468626342268
5955,-1.2005783310163465
5956,0.34356284864977715
5957,-0.4566660810552923
5958,0.5528424292757311
5959,-1.3947928561108487
5960,-0.2921453860324834
5961,-1.0664255832348646
5962,-1.5723134081201338
5963,-0.3545765077787283
5964,1.3118227883398648
5965,0.01385821578405877
5966,-0.7338277078013564
5967,0.35260660596835613
5968,-1.4352032392195553
5969,0.16215315974278804
5970,-1.5483998017017533
5971,0.2036691843753803
5972,-1.7620405349380426
5973,-0.4009402828612222
5974,0.4451324776809775
5975,0.8668074174390425
5976,-0.5616384503822249
5977,-2.9831355863815503
5978,1.235292345043902
5979,-1.0026494989905368
5980,0.2436895681984833
5981,-2.3260463921280814
5982,-1.2143889357417552
5983,1.1327670506246956
5984,0.01977438625479
5985,-0.0952393605424533
5986,-0.03789617217892893
5987,-2.1160499408653832
5988,-0.651543222326376
5989,-0.3381392173014244
5990,0.6943210658049012
5991,-0.996955451189671
5992,-0.47522922151125285
5993,0.43820058755556357
5994,2.7798634810138436
5995,0.5117581000941166
5996,-2.5906579272308603
5997,-1.2554714332036168
5998,-0.7906365319970942
5999,-0.0027407723265137074
6000,-1.2305565267060357
6001,0.06061862493358616
6002,-1.371634301524017
6003,-0.7604325803282206
6004,0.07323929625328396
6005,-1.2076441600473153
6006,-0.7787344797271228
6007,1.0186789582706146
6008,-1.0124447774375647
6009,-2.091958052087719
6010,-0.05929736192901014
6011,-1.6533170490408264
6012,-1.2203787858853947
6013,0.02995187136687219
6014,-0.5389465274738985
6015,0.7504746712729309
6016,-1.483798189244575
6017,-1.1582217352329571
6018,-0.9108592445573557
6019,-0.507134498657631
6020,1.329725589672531
6021,-0.5216518467574106
6022,-0.20954865664939526
6023,0.3002744898263433
6024,-2.04540637608289
6025,0.4970521737270431
6026,-0.7388830126566798
6027,-1.016999700127723
6028,0.06609512621925884
6029,-0.5958762154970945
6030,-0.6462629500416965
6031,-0.9160259024491009
6032,0.6745751895817031
6033,-0.9546555797183656
6034,0.19785482355248638
6035,-0.4937584666430779
6036,-0.6913842743886219
6037,-1.2958453228702795
6038,-0.9289188406699751
6039,-0.4618018396347176
6040,0.18662535408975134
6041,-1.5104882463209293
6042,0.914316990503802
6043,-0.8420640474234737
6044,-1.2112132111277971
6045,-0.8305786402237457
6046,-0.46739448853983623
6047,1.6161961910341809
6048,-0.40698643809380575
6049,-0.3824787876217203
6050,0.0431947833886841
6051,-0.7730976628862778
6052,-1.2965468941811493
6053,-0.03094211379011469
6054,-1.6706491377462798
6055,-1.5192183784235092
6056,-0.8461289044069165
6057,-0.5645057006237354
6058,0.49284053182746157
6059,-1.2331939766086104
6060,-0.6890959276472332
6061,-0.9712104528436263
6062,1.1341478395965008
6063,0.899132504000326
6064,-1.8760499727876379
6065,-0.6751872282060103
6066,-1.9201149938227424
6067,-1.594236544197883
6068,-1.0676472291822325
6069,-0.6413193736805309
6070,-0.2312775446215125
6071,-0.7723430028159854
6072,-0.6742415917984881
6073,0.5451900844788886
6074,0.5091742988883855
6075,-2.7382663005801087
6076,-0.7844644059198556
6077,0.07621318911808275
6078,0.979752229453263
6079,-0.8471385122323989
6080,-0.35198615748147505
6081,1.0222179434331702
6082,0.07606408147678995
6083,1.4886352153295328
6084,-2.6239671132488818
6085,1.271659448594494
6086,-2.7039919925138465
6087,0.4699728309100162
6088,0.2640938617519441
6089,-0.7816981502360558
6090,-0.7635596771808073
6091,-0.42267127978132746
6092,-0.08111587846633378
6093,-0.3105593739249672
6094,0.5835349321375025
6095,0.018894248491028276
6096,-2.7059545529269693
6097,0.060611710425236304
6098,-0.5318974152476981
6099,0.243028369748036
6100,-1.3822285776667167
6101,-0.9649573163544625
6102,-1.620024282824408
6103,-1.9161427812212197
6104,-2.687624352738651
6105,-0.15743687525969907
6106,-3.68159810452713
6107,0.989091813770584
6108,-1.5728999415564544
6109,-0.7197403309652425
6110,1.0596316642957126
6111,-0.5552396732163175
6112,-0.1929445860806962
6113,-1.6449353950176586
6114,-2.382367301495215
6115,0.1330607444109494
6116,-0.7725932538176877
6117,-0.5579462664317203
6118,-1.6339918347799685
6119,-0.7562870795007661
6120,-2.56973053685575
6121,-1.9743260669643679
6122,-2.131131132971764
6123,-1.0704743918110666
6124,-1.718044507849163
6125,-0.06619356530488088
6126,-0.4260644117819096
6127,-1.2296510869263884
6128,-2.079965936332379
6129,-1.218219765302457
6130,0.37573989110080264
6131,0.017670014294752567
6132,-0.8381441129336055
6133,-2.6572569231350744
6134,-1.289567966169435
6135,-3.27858737380855
6136,1.5278629353162971
6137,-0.5597590761834901
6138,0.7329420777614277
6139,-0.5871438435284619
6140,1.267937737481927
6141,-1.2258155444501608
6142,0.46210764653230363
6143,-0.5284458387577905
6144,0.07745145660845254
6145,-1.2944993112794398
6146,1.2890693791971315
6147,0.1069858272284051
6148,-1.0603650162295595
6149,-1.8324162428479998
6150,-2.35487623959152
6151,-2.0997556685152245
6152,-2.0390731756997473
6153,-0.8322637748708211
6154,0.671957016094342
6155,-0.17220876974816945
6156,-2.2508266932931873
6157,-0.28784340826628124
6158,0.9404813063730224
6159,0.6301147011449062
6160,1.4608044911067095
6161,-0.12558579035557837
6162,-3.5131489301652827
6163,-0.26233660468882103
6164,-0.2343459576499718
6165,-2.5075492444144802
6166,-0.44739407609320625
6167,-1.2870101047761189
6168,-0.8400526504847312
6169,-0.11838477342889722
6170,-0.8110506627061765
6171,-1.346522715550528
6172,-1.9359707761823954
6173,-0.24350233549378703
6174,0.17724549343113416
6175,-0.5442417621983988
6176,0.4054170545465161
6177,-2.889391755997413
6178,-0.542266809012325
6179,-1.6337894750897914
6180,-0.1430980368516469
6181,-0.4500178501352985
6182,-1.5720797868299827
6183,-1.410511892686749
6184,0.7237324382514391
6185,-0.7914629590471847
6186,-2.5317391989726743
6187,0.43923897237957077
6188,0.6529945176204492
6189,-1.0414770120015358
6190,0.7851896884547241
6191,-0.964894392070375
6192,-1.7020929447037663
6193,-1.223915702559732
6194,-0.3029731037751081
6195,0.22796866107463276
6196,0.38510296815408007
6197,0.8722577547811389
6198,-0.5298679899900952
6199,0.07211377775215388
6200,0.47128171684884124
6201,-0.4527075989795144
6202,-1.5188301487197788
6203,-1.3662385286893328
6204,-1.7763720789076105
6205,-0.643669011063315
6206,0.022975179443746552
6207,-1.6658303105560293
6208,-1.2073973096161392
6209,-1.547184371062174
6210,-0.16588680389109478
6211,0.7284626030108766
6212,-1.2974609303819788
6213,-1.482240870506946
6214,-0.2362980125928133
6215,-1.817917660317587
6216,0.8355665161348134
6217,-0.38389660373485734
6218,0.6973528045139503
6219,-0.14688000562992784
6220,0.16740396549336745
6221,-1.9670147466969479
6222,-2.388086338410467
6223,-0.27604632680760455
6224,-1.108189807447236
6225,-0.5591023571755874
6226,-0.21532914086320054
6227,0.9435219854890025
6228,-0.9479093913335651
6229,-1.4193280519964548
6230,0.8886995290947861
6231,-0.1561894519386381
6232,-0.25909751403121184
6233,-1.6476473643683636
6234,0.2551035317677044
6235,0.9511788848903442
6236,0.19547965590140337
6237,-1.484978171522644
6238,0.8756805198402189
6239,-1.1883102636588867
6240,1.035733420889065
6241,0.20594315232472699
6242,0.27485718686598737
6243,1.3877313046996638
6244,0.3555613382042575
6245,-0.10704038741095229
6246,-1.6693070989373693
6247,0.38487920590205094
6248,0.5709715900048979
6249,-1.7182480041813712
6250,-1.0435690481032116
6251,-0.6980415328728788
6252,-1.882836707153292
6253,0.35726351806313494
6254,-2.233445923341313
6255,-0.6276052608973968
6256,-2.0046326179695058
6257,0.8604971209108054
6258,0.05120432390834172
6259,1.1589729289622315
6260,-1.5210848189219233
6261,0.5270423333793988
6262,-0.5759039937195208
6263,-0.5198292395726599
6264,-0.7451781972726418
6265,-0.13500222411188356
6266,-2.390747022407502
6267,-1.3117274471839337
6268,0.5162711675263463
6269,-3.130506259673184
6270,-1.0636157338902348
6271,-0.8087563587620744
6272,0.37214828011576034
6273,-0.2818957938782695
6274,-1.9775379753683513
6275,0.9270511665421288
6276,0.2828836712765579
6277,1.2550380849839153
6278,-1.391365488150429
6279,1.6907796809718012
6280,1.069154755110027
6281,0.6243640859448717
6282,-1.6587290708733327
6283,-0.5487526567349592
6284,0.16443974945643547
6285,-2.290142422773644
6286,-0.7974229745745466
6287,0.06236133812974287
6288,-0.3342173587675705
6289,-0.3019168528536744
6290,0.7765350823382408
6291,-1.7479734133639233
6292,0.14467655703290794
6293,0.077437774767257
6294,-1.6194988757859505
6295,-2.2894675960921003
6296,0.4806081918640217
6297,-0.6814680772635544
6298,2.0422771188682667
6299,-0.45610711685375094
6300,-0.8838738963661649
6301,-2.2584165180512854
6302,-1.3239090425591882
6303,-2.307799521266057
6304,2.06303630566685
6305,-1.992972115849917
6306,0.060857675549119694
6307,0.7419240512416909
6308,-1.3585252106027212
6309,-0.8139224960429161
6310,-2.0514795183778514
6311,-0.5480624835843697
6312,-0.9662641199745972
6313,-1.510492552687488
6314,0.01618933579371462
6315,-1.240220976218223
6316,-2.0166365630579444
6317,0.39652082226012486
6318,0.037240887048387156
6319,-2.146710048284786
6320,-0.9972465786008593
6321,0.3035532978607172
6322,-1.2776074800710318
6323,0.05527026915894012
6324,-0.5755975324737488
6325,-2.099024349189626
6326,0.014977120309855985
6327,-3.3256472811581106
6328,-1.312422074357647
6329,-0.6510981482068356
6330,-0.4130598373919978
6331,-0.42946637076834965
6332,-0.8351223489733479
6333,1.028440613818834
6334,1.130100857599006
6335,1.3403084770650762
6336,-1.5993177723286438
6337,-1.3945276177613142
6338,-1.8566618362008078
6339,-0.8244620377710432
6340,0.09325392759318349
6341,-0.2695642845956467
6342,-0.6797735086577115
6343,-0.36833602361157713
6344,-1.434699699120459
6345,-1.3578160117118105
6346,-1.1334266238622939
6347,-1.222821493134138
6348,-1.5420227481317639
6349,-2.1714656882369305
6350,0.3387607623240716
6351,1.2818240773562342
6352,-1.7598232560082305
6353,0.43446778609197667
6354,0.10108625702836094
6355,-0.40986494401331997
6356,-0.2749507306885172
6357,-0.2560933024726393
6358,-0.4100254257421092
6359,-1.851897156001733
6360,-0.6144606947672298
6361,0.09596576620133013
6362,-0.7547599295595098
6363,-1.7666905861293891
6364,-2.0116732949665876
6365,0.22970555375893786
6366,-0.37354220294986584
6367,-1.4719553545532649
6368,0.17570404663966877
6369,-1.4594994487666262
6370,-0.4847184781110845
6371,-0.3353565858362226
6372,-2.9331190979351276
6373,-1.7052675790798748
6374,-2.5123919925727227
6375,-1.9409028190058635
6376,0.568441067448674
6377,0.7473172700184503
6378,0.19338972512884953
6379,-0.5777388119458147
6380,0.4008262781916604
6381,-2.0962532159256053
6382,-2.743465838874163
6383,-3.2798095558984244
6384,-0.3022921838918093
6385,-1.079382360619534
6386,-0.9057767937435518
6387,-0.14526604308291935
6388,-0.7262377433294664
6389,-0.8621842411083912
6390,0.6943145382395898
6391,0.9256739470507394
6392,0.43641012330645534
6393,0.25716880392514563
6394,-1.6960424636131664
6395,-0.8637672197251287
6396,-0.37953985573816623
6397,-0.36955526243092396
6398,0.6902035210772525
6399,-2.1953337166672955
6400,-1.6881353826401098
6401,-0.4208229868919905
6402,-1.9960780046350992
6403,0.6020719480910065
6404,-0.47112957153853946
6405,-2.9237163409912994
6406,-0.6778486428111885
6407,-0.12750942950177502
6408,-1.089879989154531
6409,-1.927772209476005
6410,-0.37880103938971976
6411,0.4229396500349919
6412,-0.9310918980667262
6413,0.6531510502074448
6414,1.23716255945797
6415,-2.1485692855628904
6416,0.06022611078990703
6417,-0.8401730724223961
6418,-0.419334544517231
6419,1.379576913509406
6420,0.02398673157889908
6421,-1.302398916084975
6422,-2.1647025371390005
6423,-0.2999614111497419
6424,-0.03643747442974221
6425,0.31418907991449285
6426,1.0831934322344814
6427,0.015801764154610598
6428,-0.11332954795640449
6429,0.22352316516111287
6430,0.054294339255736845
6431,-0.4200583011861657
6432,-0.6775037388926731
6433,-1.4282688103128933
6434,-0.6286129383499068
6435,-0.4880854355045946
6436,-0.6356182195838752
6437,-0.45592587939974594
6438,-0.9129047459677935
6439,0.7610034062007753
6440,-0.7136110590937654
6441,0.8075762500044581
6442,-1.2226849802570552
6443,-2.1233327867338025
6444,-0.6214607348935495
6445,0.05512971748993056
6446,-0.35894277311917544
6447,-2.04692918474216
6448,-0.8694530632250799
6449,-0.6177525211280771
6450,0.9049183173349314
6451,0.6462270662578974
6452,0.5507252826099762
6453,0.21908203234203039
6454,-1.793135279310382
6455,0.03193924865228537
6456,0.3277708923509257
6457,0.33430054553990096
6458,0.9286206327380713
6459,0.18937320190448204
6460,0.6406721810377021
6461,0.8495169323607059
6462,-1.054423121235332
6463,1.0860019053159062
6464,-0.044217776728040836
6465,0.21343342296850093
6466,-0.25474033246166533
6467,-1.0110564523411156
6468,-1.8545066286728447
6469,-0.22282829532011506
6470,-0.7618987109576679
6471,0.2826524362156404
6472,-0.7172561471279751
6473,-0.9945781620913831
6474,0.9545122964712555
6475,-0.8530784539935607
6476,-1.3963793418919959
6477,0.1543218377910563
6478,1.238334169139154
6479,-1.269134083362401
6480,-0.6018692671181787
6481,-1.0366228016103398
6482,-0.2885114477232599
6483,-0.2416033831564164
6484,0.4252793278832303
6485,0.6763989346327295
6486,-0.8440088562015804
6487,-0.5445944307436884
6488,0.23523031766878322
6489,-1.2242482868488502
6490,-0.12900801413129925
6491,1.6517624129928818
6492,-1.5599800371302717
6493,0.4497961636849004
6494,-0.8421870396575774
6495,-1.4288316299548431
6496,-0.532324684254668
6497,-0.10231186300842593
6498,-1.6582312254593154
6499,-0.13322285969783298
6500,0.3296208020345254
6501,-0.3455358614627415
6502,1.0372452740352627
6503,1.1854799862178806
6504,-1.2153445661532765
6505,0.4969932395142498
6506,0.6066368989509094
6507,-1.420064195146377
6508,1.04171812872079
6509,1.4812795774660483
6510,0.15518570943749538
6511,0.4932054707866705
6512,-1.3593784012128705
6513,1.779627627583326
6514,-1.4771679201811918
6515,-1.2643067247352073
6516,0.28415890040451286
6517,-0.32686736841092157
6518,1.1264272321337154
6519,-1.2685821921560865
6520,-1.058734432823986
6521,-0.2882095202231696
6522,-0.08355330517823795
6523,2.796594652869748
6524,-1.281479525173313
6525,1.0194709690380994
6526,0.9381567916469887
6527,0.22453774632751422
6528,-1.993687718980056
6529,-0.24861873702495946
6530,-0.6066953267637953
6531,-2.16060471127373
6532,-0.9780999942117841
6533,-1.5214942554241007
6534,1.2504312455777435
6535,-1.5166185411752828
6536,-0.05894552684769172
6537,-0.0459212522833059
6538,-1.0842320164864083
6539,0.1526821913363286
6540,0.17715468106679955
6541,-1.9387334847166
6542,-0.4102845551917951
6543,0.18764964167456133
6544,-1.1387693848179092
6545,-1.629595278483643
6546,-0.5323076940565363
6547,-2.2350214923960148
6548,-0.5106808667401206
6549,-0.4964640491875002
6550,-0.34609929048182514
6551,0.7545408163362248
6552,-0.8272388025156965
6553,-0.7360145193693439
6554,0.6799220113565785
6555,0.388664586751313
6556,-0.19436684314159125
6557,-0.5934273359822879
6558,0.13094323121481966
6559,0.3566375424179353
6560,-0.25676696027735546
6561,-0.7978527895743699
6562,-0.4061566408377544
6563,-0.32448653702015795
6564,0.07792717550166478
6565,-0.791214635184432
6566,-0.728281294151659
6567,-1.1244141850486182
6568,-0.8924132145600421
6569,1.0982799524787985
6570,-1.4828393325934097
6571,1.2366715457707267
6572,-0.4098226736370296
6573,-2.7928431649686676
6574,-1.2282269551037033
6575,0.435113809488519
6576,-1.7336495018570064
6577,-0.23609919181590994
6578,-1.5510402860654566
6579,-0.5661668141358024
6580,0.4057039159686874
6581,-0.5184591300789702
6582,0.23458448479036126
6583,0.5736611957458436
6584,0.5933412171257292
6585,0.5971404224104975
6586,0.4058547178926171
6587,-0.07937832886646173
6588,0.06596823296346799
6589,-0.49834374204432114
6590,-0.3762183370031186
6591,-0.9792081623124811
6592,-1.175774624372803
6593,-1.2401422360431398
6594,-0.7309787968345868
6595,-0.9671270099157094
6596,-0.7394857748207067
6597,-1.5151780187693922
6598,-2.7644447952792266
6599,1.388263864790274
6600,-1.4827544808985986
6601,0.3688625033785137
6602,-1.2099947444791916
6603,0.3237526267946369
6604,-0.5306973270494066
6605,-0.019140021725887066
6606,-2.27962766911961
6607,-0.107119598352305
6608,-0.3455171033071145
6609,1.3086620139933944
6610,-0.5343625505714686
6611,-1.513795293739131
6612,-2.17399688242837
6613,-0.25100991216871926
6614,0.17712708303562386
6615,-0.8915588799850286
6616,-1.3266450964177414
6617,0.5542311798046576
6618,-1.9166304575520188
6619,0.28764452158817144
6620,0.5716134560187445
6621,-0.9560643723084224
6622,-0.7745194712252064
6623,-0.3737399473837041
6624,-0.006661078275995158
6625,-1.5833489002176153
6626,-1.222516408662035
6627,-2.349955815170262
6628,-0.4358979255982127
6629,-0.7455110662937037
6630,0.14743927978795388
6631,-0.6320460976757446
6632,-2.261088475837888
6633,-1.7522249512773518
6634,-0.914666831111021
6635,-0.23811864285960235
6636,-0.5053007469808554
6637,-1.5691559899281904
6638,0.3399939484652038
6639,-0.6386362649619451
6640,-1.2201702873085234
6641,0.037085222564100184
6642,0.27901747648444625
6643,-0.04728986299267668
6644,-1.0044282214385332
6645,-1.8397242275452443
6646,0.034331781327531674
6647,-1.3634669048701098
6648,-1.153917155667829
6649,-0.22468867642648982
6650,-1.1836282077216267
6651,-0.9639437248906165
6652,-0.04783186461923217
6653,0.6694871870362086
6654,-1.6382348081720166
6655,-0.07542204919008366
6656,-0.6601299078297768
6657,0.6143268293387868
6658,0.5194290257670684
6659,-0.6782483275553568
6660,-1.5333398283967596
6661,-1.8287089604157392
6662,-1.4542151597749213
6663,-0.6511484784633728
6664,-1.2247969748380565
6665,-0.8611537367537718
6666,-0.734028987973292
6667,1.5088977602899503
6668,0.9171758912132986
6669,-0.07442626009233314
6670,-0.9833649059282067
6671,1.615489086330437
6672,-0.8660335214891015
6673,-0.9043695903033491
6674,-1.9736511805434673
6675,0.7450400574693795
6676,-0.7171495583396806
6677,-1.5799864029679012
6678,-0.49210111320691097
6679,0.2342156000109743
6680,-0.5289259752687572
6681,-0.5292021885046843
6682,0.7556138671786929
6683,-1.7186403643263617
6684,-0.709694421265336
6685,0.07984320661333366
6686,-1.8335878964215344
6687,0.4503174278907799
6688,-1.3881119968111635
6689,0.04010406815952261
6690,-0.1651367867343369
6691,-1.5865451013688352
6692,-0.1150317763670332
6693,-0.8061950533375571
6694,-0.0601646963498379
6695,-1.5529980241740104
6696,0.7376356813293043
6697,-0.6305752466911384
6698,-1.3540055209556927
6699,-1.4591176686940313
6700,0.32473613255323674
6701,-1.9668593375969439
6702,-0.1987722652249908
6703,-1.2564503828228206
6704,-1.14444480324025
6705,-0.626344226451653
6706,-0.286391658835356
6707,-0.9476953924967932
6708,-0.9824743095891136
6709,-0.3167408871834885
6710,0.11476069157598934
6711,1.0470544958900816
6712,-1.6395386785233426
6713,-1.198822352487283
6714,-1.4261201043076106
6715,-1.8580942259587268
6716,1.060531716915139
6717,-2.815237874513111
6718,-1.61541046361544
6719,-1.084013468145515
6720,-0.6977473887296459
6721,-0.9363254585908053
6722,0.677018585754356
6723,1.1119030272455628
6724,-1.6466750391761051
6725,-0.1243554115455604
6726,-2.0913655402445643
6727,0.7961541175132898
6728,-1.6736875859813947
6729,0.36401741079048366
6730,-1.3987949827774102
6731,-0.42948348001287207
6732,-0.7610705444056647
6733,-1.8575962494907678
6734,0.013436651070815375
6735,2.4247000884261887
6736,-0.6961282436914307
6737,-0.9210786436107713
6738,-1.1026767680147116
6739,-1.0350666877647616
6740,-0.6806961839312509
6741,-0.8756927943997651
6742,0.9264154767651284
6743,0.25663493601382426
6744,0.37812284160802134
6745,0.8284005893962184
6746,-1.4978309481075651
6747,-1.5950020478456222
6748,-0.11369513763182426
6749,-0.8431450159118732
6750,-0.2529906427096049
6751,-0.6936926715526852
6752,0.31281838822832786
6753,-2.220799439650741
6754,0.23803517098639382
6755,-2.0347855127659846
6756,-0.6434368883622045
6757,0.12700501390543698
6758,-1.321274171492857
6759,0.720716702113056
6760,-0.5665292399481742
6761,-2.0983718985651088
6762,1.132244492813971
6763,-0.31387527408395033
6764,-0.2739213428742762
6765,0.2095233203647946
6766,-1.6379919738090176
6767,-0.5545994352093088
6768,-0.7719834019142531
6769,-3.5033682778029442
6770,-0.6716908967927091
6771,-1.2401179357663874
6772,0.2031619792065295
6773,0.7775020225729519
6774,-0.2026300163094758
6775,-1.7020957829162828
6776,-0.2964729633260984
6777,-1.5501580085111883
6778,-1.3964071334023933
6779,-2.918871009293332
6780,-1.087431686251595
6781,0.12960960267733534
6782,0.06676041659094722
6783,-2.1711868700642505
6784,-1.131355081130386
6785,0.4081101076692859
6786,0.3123437426875265
6787,0.18296805661986987
6788,-0.5554414936659219
6789,-0.6743630184075466
6790,-2.0389568471440396
6791,-0.43746541477183487
6792,-0.4571218585893861
6793,-0.26468922927038036
6794,-0.4119753286283092
6795,-2.7350797591339853
6796,-0.2373046588649804
6797,-1.1248344468350817
6798,-1.6124036728216797
6799,-0.8403839852069022
6800,-0.32434514560036076
6801,-1.9415756686799999
6802,-0.3508378874642455
6803,-1.6502693715569763
6804,-1.731869140064628
6805,1.1464887612766588
6806,0.029191134810188535
6807,-2.033581511444208
6808,-0.4596481616934891
6809,-0.1394472153742638
6810,-0.9227708770361321
6811,0.7096862924599638
6812,1.8576155785119826
6813,-1.2656288511382798
6814,0.4651718987030229
6815,0.4120924254547256
6816,0.17820122705689292
6817,-0.238293327505951
6818,0.9821213686562622
6819,-0.4279916663832284
6820,-2.0123447347619203
6821,-0.39461045799779026
6822,-2.0252321913506863
6823,-0.9679483716951663
6824,-0.8986868632358682
6825,-2.351411444602474
6826,-0.5923821288481588
6827,0.779507543339854
6828,-0.7046134412235119
6829,-1.9294209604773853
6830,-0.15661972258334433
6831,-0.515058080000061
6832,-0.5765372328869608
6833,-0.8812545862798759
6834,-1.4758268545957103
6835,-0.23246896287037533
6836,-0.1025423136424207
6837,0.29517539449500574
6838,0.2524213026229312
6839,-0.9168073034062483
6840,0.25064680075283535
6841,-1.4658488299274874
6842,-0.537967625856811
6843,-2.48603034187239
6844,-0.07560773226656455
6845,-1.7830058027076807
6846,-0.6669316700399497
6847,-0.5480789933623451
6848,-2.2834161927608623
6849,0.47991930918233605
6850,1.1238087472479905
6851,-0.7199244673201628
6852,-1.7759850504524763
6853,-1.7158136693306474
6854,-1.9969571678725515
6855,-0.8794675930184068
6856,-0.6388907425014145
6857,-0.018343245308453784
6858,0.26982687805672545
6859,-1.2388946156070557
6860,0.5785358313661317
6861,-0.850847930573301
6862,-2.0862689066721845
6863,-0.241422761954536
6864,0.3439226982207942
6865,-0.6322135567775995
6866,0.1600356330839963
6867,1.317955765407985
6868,-0.9084059431360176
6869,0.5115134030089762
6870,-1.0485022892807012
6871,0.8476141064339188
6872,-0.5917116848765276
6873,-1.0849342626113465
6874,0.08195598306715036
6875,-0.08004905305835303
6876,1.0140409544116682
6877,-0.1586983372705948
6878,0.7409988501075466
6879,0.34169426640939227
6880,-1.2291970583065668
6881,0.9402155929052844
6882,-1.3387866170844374
6883,0.760911249283601
6884,-1.6977102344974235
6885,0.6416429610965394
6886,-0.4868250011207209
6887,-0.6000737844831021
6888,1.3186786644573278
6889,-1.2682773247068047
6890,0.5845356564191491
6891,-1.002299840780281
6892,-0.40404363243368957
6893,-0.908125762875367
6894,1.3516206109765858
6895,0.3405268797843213
6896,-1.0175163445753765
6897,-0.5439451696670916
6898,-0.5877659935729924
6899,-1.74493963264421
6900,-2.2518209240395715
6901,-1.2478822438610766
6902,-0.5743401632606819
6903,-1.3038612270586463
6904,-1.2329280842789196
6905,-0.5059039052039546
6906,1.2266211252380623
6907,-0.7414709157740703
6908,0.7780097714728427
6909,-0.8858232286288177
6910,-0.027020538729627952
6911,1.6214780909688526
6912,-0.33167073997463536
6913,-0.7435667664695038
6914,-2.299718385216763
6915,-1.2484118190340427
6916,0.4539041716695693
6917,-1.1307588795343801
6918,0.5219077745831855
6919,-0.8104966963791924
6920,-1.6354109250228355
6921,-2.2353673262905516
6922,-1.4514801059444238
6923,-1.1261994358304028
6924,-1.120785873529334
6925,-1.7424526775609692
6926,-0.12989034215213457
6927,-1.4279127818507777
6928,0.4804191634304178
6929,-1.3426787032791176
6930,-0.9800934138332102
6931,-1.5294339494811502
6932,-0.004208502290409255
6933,-0.4347681162131639
6934,-0.7819383102304545
6935,-2.3439405048922195
6936,-0.3752826612583251
6937,-0.47668896548466255
6938,-0.0669883323302316
6939,0.8557026408154194
6940,-1.204177033916893
6941,-1.020750876943105
6942,-1.601506942032275
6943,0.1323927894396547
6944,-1.2814148817270747
6945,-1.2118076296083058
6946,-0.5284252020335911
6947,-1.0698268724241071
6948,-1.110195945331115
6949,1.4788475916672854
6950,-1.8137327912901426
6951,0.3554604300484896
6952,0.5039916226386714
6953,1.0405043930484819
6954,0.13923913404329546
6955,-0.23761461595101396
6956,-1.37660443987408
6957,-1.7684313054037797
6958,-1.1029686647587496
6959,-0.6351145651707533
6960,-1.088603373698175
6961,-0.51917427290532
6962,-0.734651574915501
6963,-4.086851805111119
6964,-0.9611822898664417
6965,-0.637584276696646
6966,-0.6625017128062941
6967,-0.043419641490488936
6968,-0.9024944898278564
6969,0.2139575635964177
6970,-0.7035491815915889
6971,-0.8877168085056342
6972,0.19017994259181603
6973,0.5339526294922752
6974,-1.0728982537142002
6975,-0.6149841921334189
6976,-0.7447216249036566
6977,-0.26397399831429136
6978,1.368963581487022
6979,0.035367111077421326
6980,-0.007225391080361132
6981,-0.41130691985762036
6982,-0.952363986570194
6983,-1.9822691787690987
6984,0.13001155866460623
6985,-0.16829563927445113
6986,-0.9115355289336731
6987,0.6560563651026017
6988,0.5330149666046621
6989,0.7292099197840135
6990,0.047142010006708035
6991,-1.0574507434666953
6992,-0.6327550267073669
6993,-2.6433086254911076
6994,-0.9013447712372207
6995,-2.3414727477718182
6996,-0.5287574167571896
6997,-0.8068882793947931
6998,-1.364187695910997
6999,-0.4692032875353479
7000,-2.381370223386652
7001,-0.13476386841516275
7002,1.404121147924388
7003,0.1186773954121394
7004,1.0504878984013781
7005,-0.11800624548802696
7006,-1.0146352155309597
7007,0.7851259783899296
7008,0.11508532220600678
7009,0.21027043106137905
7010,-0.8443246211160231
7011,-0.6338100001993584
7012,-0.16790228780056382
7013,-0.27303768107049975
7014,-0.10128842643512903
7015,-0.8213898367049612
7016,-1.5097643241542398
7017,1.047050656910125
7018,-1.4145777437024258
7019,-0.2609545774118579
7020,-2.6570441303782157
7021,-1.2301669192483293
7022,1.7546467221459743
7023,-0.5290385661248227
7024,-0.006106734837653116
7025,0.06650196717882587
7026,-1.7990121701577197
7027,0.5548302325767277
7028,-1.878668010740114
7029,-0.06339387547988096
7030,-1.8445889142309386
7031,-0.3852132475477482
7032,-0.1902745957968277
7033,-1.4266348936876432
7034,-0.6425944089315346
7035,0.23940898509346667
7036,0.09451235297917071
7037,1.0847497435131892
7038,2.3839725366761795
7039,-0.8485650682562641
7040,0.9538774645956315
7041,0.628426658184433
7042,-0.24973976538465628
7043,-0.692871799868715
7044,-1.5858002100212751
7045,0.44951772461521133
7046,0.6983437444635283
7047,-0.38765245625043043
7048,-1.957400801559592
7049,-0.41240134911938275
7050,0.811769126067158
7051,0.960500364844436
7052,-1.2521039671026464
7053,-0.7269757724122649
7054,1.1482608941599435
7055,-0.837013120308299
7056,-1.6687827900655892
7057,-0.4401452789874636
7058,1.5956551687754397
7059,-1.2949529981451195
7060,-1.1731656086144453
7061,-0.6837965270344566
7062,-0.17657397562614635
7063,-1.0815888465036196
7064,-0.201500774409816
7065,-1.4457033995984374
7066,-0.7074444887477762
7067,0.4641053846218414
7068,0.46309259121876456
7069,0.2990755330319252
7070,-1.586989740106537
7071,-1.391002001683983
7072,-1.5003043061703663
7073,-2.2284678825085837
7074,-0.14193414576499985
7075,0.49599717929356646
7076,-0.733194337878128
7077,-2.5752613456463704
7078,-0.748464514619444
7079,-1.8717915223241604
7080,-0.8284093098783046
7081,-2.392072019020141
7082,-2.2039112283983666
7083,0.19483937089708525
7084,-0.5968994526374022
7085,-1.8045932825160826
7086,-1.5628527862271218
7087,-1.9408942229454587
7088,-1.3880858258909163
7089,0.6260992411264674
7090,-0.32490979984790136
7091,-1.3155688556247433
7092,0.8901834240431368
7093,-1.7273244613576946
7094,0.910171098902585
7095,-0.643369922821663
7096,0.8409865010382818
7097,-1.8354404539823257
7098,-0.6524663497595689
7099,-1.0889307004741384
7100,-0.15990689057854207
7101,-1.4946626581220874
7102,-1.6345357903061688
7103,-1.4617023029912015
7104,1.2110902678149773
7105,-0.104971131221842
7106,0.3898458098032156
7107,-1.1664662148586264
7108,-0.5401540202081854
7109,-0.8433814733288472
7110,-1.0912784154135928
7111,-0.4128617813935927
7112,-0.2817333766978716
7113,-1.1616103843045908
7114,0.05565660838819836
7115,0.8241341215353255
7116,-0.4188510784568267
7117,-0.07129870722357912
7118,-0.03045045633339072
7119,-0.23495532151882337
7120,-0.15587749565449127
7121,-0.8955822451019441
7122,-1.62112923704072
7123,-0.8073471417618895
7124,0.4656671667233392
7125,-0.0020220868918177093
7126,0.3229454001319625
7127,-0.5822616665274895
7128,0.019977780021809055
7129,-2.101619397537018
7130,0.023257531463266423
7131,-2.305798042610049
7132,-0.9365352914629241
7133,-2.1707948203925223
7134,0.9209471514501282
7135,-1.3523132305337884
7136,-0.6867236725039649
7137,0.5772215148911495
7138,0.5550721311916615
7139,-0.6158405861858145
7140,-2.7349260923723406
7141,-0.2629251678018333
7142,-1.5292206835753064
7143,-1.2065164150225935
7144,-1.178046958970921
7145,-1.9761746430620408
7146,-2.312536098676752
7147,-1.5874201849422498
7148,0.37544805775455903
7149,-1.3690648091803528
7150,-0.48161877728962343
7151,-0.10261661911501513
7152,-0.2966488156500982
7153,-2.5180269106376585
7154,0.9263668318077785
7155,-0.2352034717328308
7156,0.25381691661048716
7157,-1.5599085593824524
7158,-1.1878897143304643
7159,-0.7330608988415546
7160,0.48884121481146203
7161,-1.601256854225348
7162,-1.6126740555594092
7163,0.2715818970492749
7164,0.5306839611793909
7165,-1.112188371709092
7166,0.9182701304759423
7167,-0.2233465031737482
7168,-0.8269207135542
7169,0.3226289497464967
7170,0.6288242736633868
7171,-1.4106658022436886
7172,0.3293549729425287
7173,-1.6075947721610775
7174,0.6353271956970241
7175,-1.0269577884731107
7176,-1.4527312930297651
7177,0.2040204364840581
7178,-0.3172288661141868
7179,-1.7152161783651663
7180,0.5522125399411304
7181,-0.7205030672570825
7182,-0.1925770686115471
7183,0.18569758796149127
7184,-1.3453348430011656
7185,-0.7881898378621077
7186,-0.7802611890645867
7187,-1.0380883995566323
7188,-2.6966696857376755
7189,-1.4054580866751392
7190,-0.4729344188980947
7191,0.45758856439615214
7192,0.5883997201675266
7193,-0.27998647263484144
7194,-0.8198137990146558
7195,-0.8430338731947986
7196,-1.2480228961977018
7197,0.5459379943603455
7198,-1.6231347014288677
7199,-0.14109589817631707
7200,0.2909198352580371
7201,-0.427498145850212
7202,-0.5101626767328643
7203,-0.5039541559423617
7204,-1.7651466297117304
7205,-0.863655237038343
7206,-1.0891012718957398
7207,-0.6136323970628165
7208,-0.45040801324592594
7209,-0.7967710776590073
7210,-0.6240995672769345
7211,1.1155702801433207
7212,-0.41659755365315654
7213,0.13394393660304127
7214,-1.4168165660200231
7215,-0.6855019412949641
7216,-0.6401280993771967
7217,-0.00806084177451677
7218,0.3375176503350078
7219,-0.41632865182900863
7220,-0.0985065540292448
7221,-1.7164632600314693
7222,-0.5064571097884175
7223,-2.1316172089805097
7224,0.22416533984940745
7225,0.00643132472719099
7226,-0.7305767558658746
7227,1.3025556261334124
7228,-1.4933683167074334
7229,0.7924590085442142
7230,0.16928027595472306
7231,1.3005247629675005
7232,0.7064566230242413
7233,0.37624947457748875
7234,0.235745126608919
7235,-0.1247573099502135
7236,-0.03709110470957233
7237,0.39624251712818653
7238,0.700118941832426
7239,-0.32741624430383065
7240,1.3584244729503099
7241,-0.2753232026302307
7242,-1.7981630856246904
7243,0.4989610699597184
7244,-1.9929895656531045
7245,-0.34520906227731113
7246,-1.722257253716828
7247,0.5020818200069604
7248,-0.009614796153766203
7249,-1.2126784759093994
7250,0.8258711043810523
7251,0.008433965818499034
7252,-0.0012543839038590132
7253,0.26567424440304505
7254,-1.049724076997793
7255,-1.0589723615248503
7256,-2.820162993447179
7257,-0.9247247919377702
7258,0.28954499935036404
7259,-0.11243519499785881
7260,-0.019931241554767998
7261,-0.15954033744631713
7262,0.48829181573435876
7263,-1.8048727016297317
7264,-1.478907028127361
7265,-1.498482623315133
7266,0.06001556313045321
7267,-0.3272662452630284
7268,-0.5668081611527714
7269,-0.10111472461633897
7270,0.8665676219125598
7271,1.3365177829973578
7272,-1.9806017887800442
7273,-0.6738419757114475
7274,-0.8649667098478965
7275,1.1417011971117286
7276,-0.012329708191746336
7277,0.7419875987363878
7278,-1.7752289175863971
7279,-0.59046282698843
7280,0.7680902988164062
7281,-1.1426882038924202
7282,-1.5197955926405726
7283,-0.569274064646514
7284,-1.1967963888707307
7285,0.7584246500136976
7286,-0.5625833090423442
7287,-0.4515391745337026
7288,-1.6321639084723096
7289,-0.9384687686792008
7290,0.30421038262380484
7291,-1.8599403987980097
7292,0.6191676152544578
7293,-1.7132125033752312
7294,-0.4260835610892917
7295,-0.6317901273559856
7296,-1.3680769102009904
7297,-1.0770907542893597
7298,0.26022629970823896
7299,-0.6569470357412701
7300,-0.6336154357339883
7301,0.7887367681971265
7302,-0.3609168756740628
7303,-0.8314072259623225
7304,-0.25176045766153066
7305,-1.86049664717878
7306,-0.4838424265312121
7307,1.5384179338601454
7308,-0.4784317191439933
7309,-1.2726866396728167
7310,0.3040339777501133
7311,0.41697046183201947
7312,0.9885523980899011
7313,0.05023240600267298
7314,-0.5930580241536783
7315,0.12266417439329547
7316,-1.6740928309057341
7317,-0.6949200941767397
7318,-0.024808138086673093
7319,1.385591831633175
7320,0.07562453584692597
7321,0.5121598082576899
7322,-0.3051225932347515
7323,-1.4582406917073683
7324,-1.7019608521694451
7325,-1.897967451683554
7326,-2.272532253534516
7327,-0.7081079054891536
7328,-0.9561690869879131
7329,0.9322950580886823
7330,-2.518636368035206
7331,-0.2661730540497681
7332,-0.8739315580201613
7333,-0.15183722382212061
7334,0.046866788975856055
7335,-1.6366443345506003
7336,-0.5925689243990834
7337,-1.1824393733937557
7338,-1.9246841663247298
7339,-0.13998419053667877
7340,-0.45595204412351
7341,-1.2552364898551138
7342,-1.4060217003092568
7343,0.05441158277204272
7344,-0.6801683098283556
7345,-1.436006410706669
7346,0.9399361492776217
7347,-1.8881162159117912
7348,-0.7931576220429386
7349,-1.6453343238560332
7350,0.3908861696398558
7351,0.5933304202411048
7352,-2.4102199898289873
7353,-1.2671810937562233
7354,-2.429744160214521
7355,1.016603081837848
7356,-0.5411998953605921
7357,0.11964726821412874
7358,-0.5368437972217412
7359,-2.1029570769226744
7360,-1.629339254225173
7361,0.5178606736532331
7362,-0.4689268732738061
7363,-1.7787200321520658
7364,-1.8505577793992778
7365,0.06318099681355094
7366,-1.9664659801993396
7367,-1.0414876582476182
7368,0.1277783634967673
7369,-1.4411365505370042
7370,-1.7287781541335994
7371,1.4313799962372584
7372,-1.1837125687985934
7373,1.382909814105754
7374,-1.0301373225408668
7375,-0.2332405585877141
7376,-0.249496219710436
7377,-1.7132931863293739
7378,-0.9645591739437339
7379,1.2035409881546
7380,-0.8194753937878584
7381,0.3598782779828207
7382,-2.3710948502588987
7383,0.6769145692471112
7384,-0.531383241345126
7385,-0.19961797203187848
7386,-0.734163494359754
7387,-0.8799268092257296
7388,-0.6823002791053165
7389,-1.7535068723156675
7390,-1.0355400696228692
7391,0.23812275555169043
7392,-0.43644480392874074
7393,-0.5308490694554011
7394,-0.8597194973852125
7395,0.6473564353601826
7396,-0.3343470462704055
7397,-0.9047653680160785
7398,0.21413102558503216
7399,1.5850072492724956
7400,0.02415464715999316
7401,0.6175886125306289
7402,-1.37970974835228
7403,-0.43411201822788725
7404,-1.089176888186316
7405,0.08758718586022529
7406,-0.7338175973227057
7407,0.7136601508923123
7408,1.5146271794633233
7409,-0.7859423987917211
7410,-0.20376698951474626
7411,-1.729689246800192
7412,-1.3627505816634795
7413,0.03554252078364001
7414,-0.8440937824886414
7415,-0.0409952749813191
7416,-0.9760955368424533
7417,-0.1870562610322415
7418,-1.8782890988457026
7419,-0.007467900004741734
7420,-1.5703151499646197
7421,-1.2915009303144938
7422,-0.7460067132120798
7423,-0.07265338870253557
7424,-0.9316228900366039
7425,-1.9523957045335951
7426,0.2496673103146199
7427,0.4039190419712768
7428,1.274334170499326
7429,-1.8219237339904952
7430,0.8716045597466437
7431,-1.4787316927623622
7432,-0.6386845116170858
7433,-1.7311002526481152
7434,0.7477645888525614
7435,-0.38433703905867445
7436,-0.7490025231464652
7437,-0.0608089506377516
7438,2.39320359784957
7439,-0.8130425639705182
7440,-0.3654932047796333
7441,-0.3627674704250581
7442,-0.7749007763303825
7443,0.07159567659490762
7444,0.2097230505867148
7445,-0.46141698081878135
7446,-0.5560935158515603
7447,-1.1059146628013627
7448,1.1353970281990735
7449,0.9850802612323514
7450,-1.5507698496409277
7451,-2.7526129402453794
7452,1.1196670134254145
7453,0.42449989367931334
7454,-1.6685941133671494
7455,-1.2321064212278867
7456,-1.460217813151241
7457,-0.22406935022475438
7458,-0.6760533305591269
7459,0.8434678144520541
7460,1.3620852594249468
7461,0.532575990480868
7462,-0.7368802933734055
7463,0.6030004839304692
7464,-1.4122593442275777
7465,-1.5569116566704904
7466,-0.6520588755152814
7467,-0.8189708646788136
7468,-1.9672256409210718
7469,-0.09929323378096461
7470,-1.1073011170430709
7471,0.2804900939037758
7472,-0.6579077616360283
7473,-0.4976997790045322
7474,-1.0114692877018936
7475,0.46103063848612247
7476,0.13412851206912269
7477,0.07806224648539506
7478,0.2098257470180258
7479,-1.301202657579981
7480,0.7609897892329334
7481,-0.6967035235434412
7482,-2.4416804970073644
7483,-1.2384680232265741
7484,-1.125197194306807
7485,1.1349902294773333
7486,-2.5045553053336116
7487,-0.32088473691310937
7488,-1.5317010344256312
7489,-0.7044185862350933
7490,-0.8785863481619001
7491,0.45254760381008663
7492,0.7263940076502192
7493,0.22697541318262204
7494,1.223699820698477
7495,-1.3712577323613369
7496,-0.6900039616693636
7497,0.5777445876428182
7498,-1.173874152609415
7499,-1.5992908255736478
7500,0.25341418502844815
7501,0.44441661473364613
7502,-1.4908862546487063
7503,-2.473512145326835
7504,-1.3992888460403363
7505,-1.8644950147460657
7506,-1.2651534638882174
7507,-0.8093977247107288
7508,0.4377572454378703
7509,-2.239900087954177
7510,-0.9732067011485351
7511,-1.0081434750849645
7512,0.7091637022908488
7513,-1.7952333572550538
7514,-2.1915001302802217
7515,0.6604018974642527
7516,-0.2947120366302893
7517,-0.7706790541716138
7518,-1.2412804002046873
7519,-3.0866044771697636
7520,-0.010056824712119328
7521,-0.8683825030784931
7522,0.1537925049091689
7523,-0.6158429777583383
7524,0.7745390789194966
7525,-0.1394173825112302
7526,-0.0799391212192967
7527,-2.437730702788562
7528,0.43684267534274823
7529,0.5039341688751311
7530,0.3755087430605666
7531,-0.5404827965217589
7532,-1.4932795483390482
7533,-0.5878337040220474
7534,0.45183633579920535
7535,0.2856231959110245
7536,0.4733354595789385
7537,-0.7139141637321096
7538,1.0515276151836135
7539,-1.0025901682874951
7540,-3.1030140726604385
7541,0.18750720626967154
7542,-0.462502531979767
7543,-2.068659268733147
7544,0.15833347429424582
7545,-1.8958808167844943
7546,-1.6539065314101
7547,0.5494979902590318
7548,-3.491794535469066
7549,-0.195945687111582
7550,-0.8395952946997185
7551,-0.89559355630962
7552,-0.30576513376866926
7553,-1.1416856865453786
7554,-0.6196156073641296
7555,-1.9067592714337933
7556,1.1013453942071305
7557,0.45133175707682094
7558,-1.2188720334495984
7559,-0.4279920109302746
7560,0.10126096315788202
7561,-1.0008571894864617
7562,-0.8762859698404204
7563,-0.5962239860987697
7564,0.6799241293242682
7565,-1.1779443444227398
7566,0.06180834973205635
7567,-1.3798197395848686
7568,-0.9933620826837188
7569,-0.775566969867321
7570,0.09900561348945974
7571,-0.30012954117594426
7572,-1.0471197143565911
7573,-0.46653717007700224
7574,0.0039122053897971965
7575,-0.3881806840790465
7576,-1.9214335150578767
7577,-0.6588470851436992
7578,1.059984166224257
7579,-1.4154301719202076
7580,-0.8493329717247625
7581,0.2426214507704707
7582,-1.4753501837051535
7583,-2.1738075831960906
7584,0.8517338207801202
7585,0.09276086876099043
7586,-1.5185670636426585
7587,1.1155270395863421
7588,-0.16372910944256658
7589,1.2315211360821898
7590,-1.4451495571090764
7591,0.3846872600190552
7592,-0.4314238532655261
7593,-2.2210251584096525
7594,-1.6163231710694972
7595,-0.19429830712435914
7596,0.309902523334439
7597,-1.9647736528397957
7598,-0.26067545813785753
7599,-2.223256765431175
7600,0.555599578127856
7601,0.069115892949562
7602,1.7552922726925833
7603,-0.6948283996913792
7604,0.22451318358366235
7605,-1.2608136838803135
7606,-2.0554025714066246
7607,0.3513988677650547
7608,0.39766769772302857
7609,0.4501137712478561
7610,-0.20651555776659397
7611,-0.34689591892813265
7612,-0.07417611833208393
7613,-0.24772557708599863
7614,-1.792629018476188
7615,-2.417920347002631
7616,-2.573405066746565
7617,0.377045447788918
7618,-1.6750604848002375
7619,0.19252567327020528
7620,-0.006311866140091382
7621,-0.34403669268241704
7622,-0.2905373858616491
7623,0.07124762021899272
7624,1.117585733950408
7625,-0.6313887738015629
7626,-0.8834195073015298
7627,-1.2596322035280587
7628,0.13049969967124875
7629,-0.21984340629770124
7630,0.9233857173595086
7631,-2.06335189099441
7632,-1.2229004738208382
7633,-0.7948053823888395
7634,-0.6019510901885219
7635,-0.34164509365185824
7636,-1.230453010879934
7637,-0.6373390645675208
7638,-1.0772983651404353
7639,1.6508396510892451
7640,-0.6948965183057697
7641,-1.079675058240757
7642,-0.5189202752657985
7643,-1.3052539681163682
7644,-0.03972772070037278
7645,-2.43298869010299
7646,-0.8801567191047996
7647,-0.3180843577097379
7648,-2.3548974567358325
7649,0.3049368099519433
7650,-1.365611649389877
7651,-0.19337908114098806
7652,-2.1022014108805047
7653,-1.043268902088372
7654,-0.8863392034469671
7655,-1.83278050284801
7656,0.6493679103127769
7657,-0.08073527305855802
7658,-0.9551770700987314
7659,-0.7192801616475177
7660,-0.5281390995217412
7661,-0.37782601257963117
7662,-0.342151040032932
7663,0.845436667279757
7664,-1.229068329871688
7665,0.7754911307026526
7666,-0.21209208654534029
7667,1.6320705960231008
7668,-0.29247195972549433
7669,-0.5831436490769646
7670,-0.7404642137219497
7671,-2.3761412770853902
7672,-2.5345271141142294
7673,-0.8042108859503692
7674,-0.8270028420080956
7675,-1.201076515338938
7676,0.6631568864928332
7677,0.7321107551990843
7678,1.7067783762945867
7679,-3.0114844613985614
7680,0.24618727487374392
7681,0.49352223950996976
7682,0.19342147361360224
7683,0.43947869739514916
7684,-0.6512206434081553
7685,-0.5820680592031904
7686,0.439338645903954
7687,-1.1817193808455562
7688,0.3838272775516818
7689,-1.4070752997628773
7690,-1.5884415462835266
7691,-1.4237558624251816
7692,0.36477295174358837
7693,-0.1408560254232759
7694,-0.2146540389270829
7695,1.5171519093014094
7696,-1.3664965693673086
7697,1.0009914988148028
7698,-0.02711816564326125
7699,-0.7326236183166184
7700,-1.552684021247664
7701,2.639200388701724
7702,-2.177213585949003
7703,-1.5735014583394598
7704,0.7257182825545379
7705,-2.024626502403656
7706,0.5462776097373879
7707,-1.846747485733496
7708,0.2220210042872617
7709,1.7562720081765004
7710,-0.2877273664353012
7711,-0.06404569073350036
7712,0.24455549435297924
7713,-1.743637949174869
7714,-1.6115486388026485
7715,-0.8821659340586855
7716,-0.11576459759601287
7717,-1.8087642916087616
7718,-0.8734895131525957
7719,0.36945938329819555
7720,-1.133294768648356
7721,-0.5200509930993611
7722,-0.43645615033886986
7723,-1.7344049998391766
7724,-0.3589110418448176
7725,-1.2822470862664468
7726,-0.850634606089328
7727,0.032333039350596504
7728,0.2826690286984904
7729,-1.363301955180217
7730,-1.37340274585197
7731,0.8937864442887706
7732,-2.627034158382344
7733,-1.130584540642298
7734,-1.0953354877753116
7735,-1.0403689941678902
7736,-1.3335821563110986
7737,-2.3585449507285445
7738,-0.31116324735311723
7739,-1.8697668967832568
7740,-0.9650657306539601
7741,-0.15733867117567024
7742,0.4291705699531676
7743,0.8609546811703204
7744,0.21028199856543806
7745,-0.47842402080499624
7746,-2.0733063670451064
7747,-2.3663412622877864
7748,-0.15180709792453723
7749,-2.657816870903909
7750,0.20100429638185224
7751,-0.4750407304818667
7752,1.0251098168623607
7753,-0.6550315877872467
7754,-2.903578290718742
7755,0.36140269246472767
7756,0.7574656621502847
7757,-0.3612727283865126
7758,-0.4030780540469326
7759,0.24238832786670617
7760,-0.574603813453336
7761,-0.5912540170735694
7762,-0.5872286242515334
7763,0.9029735509875119
7764,0.24417510902338255
7765,1.3998809155613186
7766,-0.8983701396501407
7767,-0.5976325356133416
7768,-0.9168479853699355
7769,0.0952022629115703
7770,1.2838274847371254
7771,-0.2900515754430494
7772,-0.5435201876605831
7773,-0.38943498556233513
7774,-0.8520710817399361
7775,-0.8608669261005552
7776,-1.5987459656340284
7777,0.10180721574780205
7778,-1.1502584299212992
7779,-1.8807053122131703
7780,-0.7407576983032719
7781,-0.1705788165335398
7782,-0.6801894901523406
7783,-0.46741809407892587
7784,-0.5871748153640042
7785,0.290266766556107
7786,0.060035971201221505
7787,-0.6899163305573854
7788,-1.6309259175790363
7789,-0.4180671630794816
7790,-1.6560321262543072
7791,0.520917886490553
7792,0.07182331342678372
7793,0.9069104462828711
7794,1.006761075853211
7795,-0.1876880450563049
7796,-0.7708142733993268
7797,-0.6568938653742677
7798,-1.5650348316249023
7799,-0.7956782137255068
7800,1.2164661625061093
7801,-0.43601283238813887
7802,-0.17070406557334117
7803,-1.2484419072132733
7804,0.6429915538154386
7805,0.1948594482196132
7806,-1.8193108853392679
7807,-0.36025335303120015
7808,0.5328673855053863
7809,-0.7362587031846562
7810,-0.5938764046088725
7811,-0.7236157894989556
7812,0.23025347959327463
7813,-0.6299988026528335
7814,1.706587730233877
7815,-2.3470460006829876
7816,-0.5302132064585279
7817,0.5428727310198922
7818,-0.8016615230276223
7819,1.6257679991947143
7820,-0.40482502278522603
7821,-1.599101803165052
7822,-1.088078328034853
7823,-0.8943004146559775
7824,-0.7162046409144842
7825,-0.34446679890283044
7826,0.959603389579723
7827,-1.4023942796466398
7828,-1.3029097681365736
7829,-0.06856031006573507
7830,-1.878945555256682
7831,-0.1841213854712873
7832,0.1001103615213148
7833,-2.3685803234107174
7834,-2.383255442318722
7835,-1.1552036623383977
7836,-1.3314314801734208
7837,0.38314304692769746
7838,-1.2187663964777276
7839,-0.7177527862705422
7840,-0.1311621313045641
7841,-1.3092375596485781
7842,0.17711032572168794
7843,0.04036731472603505
7844,1.9197428556813343
7845,-0.8406467456443664
7846,-2.374447213606539
7847,0.8614234035399116
7848,-0.5061705457871478
7849,1.3561390767266226
7850,-1.322642787937331
7851,2.3818037514718178
7852,0.5339501992971993
7853,-0.6334273065002669
7854,0.13126930311325558
7855,-0.3201511863318252
7856,1.5833675788128652
7857,-0.8381549739171974
7858,-0.14832597172662135
7859,-1.4815116345334536
7860,-0.5462823068129846
7861,-1.4219616531982875
7862,1.3410095180614592
7863,-1.0320415234685605
7864,-1.404438888206734
7865,1.0627571253994688
7866,-2.5112277798254583
7867,0.6339645877395577
7868,-1.4312002879838115
7869,-0.6918170168622988
7870,-2.058631851293603
7871,-0.2773822435572376
7872,0.09617079910114046
7873,-0.41257943962877097
7874,-1.052295560275655
7875,0.23543498293171705
7876,-1.061394238454353
7877,-0.8757560918467621
7878,-1.1611079071643755
7879,1.6839956214095313
7880,-2.036018709509319
7881,0.2005997361093398
7882,1.4345742203072762
7883,-1.6917985753542197
7884,-2.0417311179803965
7885,-1.2351689478133323
7886,-0.8488213972961453
7887,0.9513120681631486
7888,0.20448760234283825
7889,-0.2950653152222267
7890,-1.5892588661123925
7891,-1.2404974607514236
7892,-0.833320471875731
7893,-0.8070834042894437
7894,-0.3685565638176945
7895,-2.5767335181153346
7896,-0.29113977637337296
7897,-0.5422832630213466
7898,-2.073966593884424
7899,-2.485307283598315
7900,-0.6343482423390105
7901,-1.2232756187876732
7902,-2.3279681411695368
7903,-0.32383685982633253
7904,0.05633921825205812
7905,0.6487135140262034
7906,-0.980846825627087
7907,-0.4726001268184044
7908,0.9395605800483681
7909,-1.954786809810408
7910,0.2606351742809345
7911,1.2013166687682328
7912,-1.5152618428891398
7913,-0.4145136412336071
7914,-4.195610013428708
7915,-2.4815107924898427
7916,0.9477988475121728
7917,-3.225853827936861
7918,-0.3120639380225593
7919,-1.712694568001448
7920,-0.8429169029830753
7921,-0.9766128077005677
7922,-0.9199953451543977
7923,-0.5600113607022612
7924,-0.6140609918131938
7925,-0.3758248696666386
7926,0.3676289272119444
7927,-1.8456944351013163
7928,-0.6518330712214977
7929,-2.921024762249162
7930,-0.22827008627926965
7931,-0.34168690594223394
7932,0.39800772352911196
7933,-1.421596563759166
7934,-1.4694686771644694
7935,-1.9591897737563728
7936,-0.4685125703611652
7937,-1.0351125906347232
7938,-0.29039009883195677
7939,0.536302375091829
7940,1.2929999357112907
7941,-2.2707474857089323
7942,-1.871445631644519
7943,0.6717749331883599
7944,-0.3665873507341243
7945,-1.3569197663704275
7946,0.2234450303666627
7947,-1.9316514417939636
7948,-0.896710242593857
7949,0.190043076571636
7950,-0.009215425951269118
7951,0.42326235481682306
7952,0.03150379337990253
7953,-0.7103531877316872
7954,0.7732685414725013
7955,-1.1252599855686891
7956,-1.522887713978939
7957,0.3561903074727826
7958,-0.4106758867630262
7959,0.6518501830895096
7960,-1.4769711413895146
7961,-0.04960073792736702
7962,-0.686987244252921
7963,0.4892608979221529
7964,0.39439127678999
7965,0.3484200576363116
7966,-1.5084169367420772
7967,-1.4712771139385892
7968,-1.1445151453524862
7969,-0.309733793100502
7970,-1.6578768808768207
7971,-0.11092047204534125
7972,0.7543592332508775
7973,0.0939548749689596
7974,0.5810637770382472
7975,-0.3317806917397875
7976,-0.40747069303454375
7977,-1.2536194856817358
7978,-0.36561107550171235
7979,-1.745759418344498
7980,-1.9315924365095674
7981,-0.18221106419535915
7982,-1.340930231769454
7983,-0.11716378898006607
7984,-1.6355568493442925
7985,-0.4570413995379402
7986,-2.793813027352228
7987,0.07117555225250216
7988,-2.102604953000866
7989,-0.32873671668576454
7990,-0.7249897370092158
7991,0.37422617846004214
7992,1.939201387780124
7993,-2.4781382832040606
7994,-0.9589677613334564
7995,-1.1892230669459098
7996,-1.009239456418468
7997,-1.5784517883797715
7998,0.011032385674039025
7999,-0.3647171874094932
8000,-0.33762133966037977
8001,0.9990258924888871
8002,-2.426138386765161
8003,0.021601288828632437
8004,-0.431238570097885
8005,-0.7712735892899996
8006,-1.0506597438513134
8007,-0.6133721635320212
8008,0.6748217313336649
8009,-1.1397689790097503
8010,-0.8882199079258657
8011,-0.07173621237509947
8012,0.25122878987677855
8013,1.3000732928670562
8014,-0.8345693469183846
8015,-1.0144594984141913
8016,-2.249006480178782
8017,0.8890268721973338
8018,0.20957292604073663
8019,0.7196749754326147
8020,-1.6670684618713696
8021,1.2790667690407589
8022,-1.3125058653893098
8023,1.2930519085438767
8024,-0.5854575393185912
8025,0.3955100864134157
8026,0.002095669874060957
8027,-1.4412419195752546
8028,-1.5149712961308017
8029,-1.0718966901307139
8030,-1.5483665032390117
8031,-0.84419521713076
8032,-1.0607732629633508
8033,-0.6224989784622076
8034,-0.12103667784534655
8035,0.583214316558894
8036,-0.9890429638215947
8037,0.20297700905860494
8038,-0.22887163332914762
8039,-0.9541376466838665
8040,0.5510269522379594
8041,-0.4947520496355192
8042,-1.0059322405020472
8043,-1.7598719658662345
8044,-0.407437537066492
8045,-0.9937233334013256
8046,1.0461104889045516
8047,0.3042495681173232
8048,-3.1246833413022332
8049,-1.4490287194647444
8050,-2.081426436791588
8051,-1.6566989228230486
8052,-2.1130381692716433
8053,0.3592987789565633
8054,-0.2648336363623297
8055,0.1470152329733193
8056,0.4394199429968857
8057,-0.3713759787539223
8058,0.7523178323469297
8059,-1.7412506755557389
8060,-1.4179698632480633
8061,-1.1087340347132917
8062,-0.7537603800706851
8063,-1.6696059584658116
8064,0.23203026448160602
8065,-1.2082009290552294
8066,0.6902674425688345
8067,-2.126286253352845
8068,-2.173231730487635
8069,-1.3964968179881616
8070,-1.3840162525640054
8071,-1.7711149832399808
8072,-0.0572047180368237
8073,0.13632289534547992
8074,0.9961725180846449
8075,-0.2093883656180242
8076,-0.029481740558083495
8077,1.0337047305781568
8078,-0.9518897446481833
8079,0.22733955919419926
8080,-0.22555453583023685
8081,1.9066525626356923
8082,-0.23572947282369427
8083,-1.4561583240673222
8084,0.04142358490293507
8085,-1.5295461653730682
8086,-1.4606848729616557
8087,0.947471850223609
8088,-1.7200921880820035
8089,-2.241972465697987
8090,-0.7081503139591769
8091,-1.192433880866898
8092,-0.3463220795374894
8093,-0.3718188995771854
8094,2.389931046144866
8095,0.6023842766320184
8096,-2.602034367694034
8097,-0.19734598017891175
8098,-0.5189435289280915
8099,0.08124642918222874
8100,-1.701863100000674
8101,-1.1687850286199262
8102,-0.7223733482246604
8103,-0.007873861553058192
8104,-2.290691774926491
8105,-1.0386893143064595
8106,-2.6561528289712486
8107,-0.491365221388548
8108,-0.9850560524924246
8109,0.9340736187524749
8110,0.820390401435305
8111,-1.7409532844997366
8112,-0.08296147026858147
8113,0.8336293659547154
8114,0.10022844242107198
8115,-2.081506809306532
8116,-2.6635243157432855
8117,-0.4883501073674605
8118,-1.3556419657190772
8119,0.6308855028372342
8120,-1.4709004581857739
8121,0.38657248932349353
8122,0.4899596497792824
8123,0.32680512211361545
8124,-2.0444811250767354
8125,-2.2636724157373287
8126,-1.5054606051466617
8127,1.0529346079993827
8128,0.9047147858206085
8129,1.5182160082170866
8130,-1.5886238015234095
8131,-1.3900416370742745
8132,-0.06418642980847122
8133,0.5438867574097489
8134,-2.2685810631323293
8135,-1.4287073820085059
8136,1.4521710616406502
8137,0.3238188473916175
8138,-2.7063877536673404
8139,0.5046209063564941
8140,-0.25050563900881717
8141,-1.331491738163288
8142,-0.6619198252496361
8143,0.16123383723718132
8144,0.08042859995367224
8145,0.370614272744622
8146,1.1721844746815375
8147,0.044587103738447986
8148,-1.954837261106424
8149,-0.4060615791004123
8150,-2.7350118271070425
8151,-0.6103456533954381
8152,-1.2793468144972886
8153,-1.3380261465249323
8154,-1.0401212024516893
8155,3.341975298079061
8156,-1.2812643104341632
8157,-1.183103630323276
8158,-1.06703555745933
8159,-0.8040560707181978
8160,2.7390902550488794
8161,-0.6288156132151685
8162,-0.6846178883665667
8163,-0.7703112775012277
8164,0.5620576706797258
8165,-0.6860872843035253
8166,0.07427865583323942
8167,0.041751721802153474
8168,-1.9239001743536557
8169,-1.5393723437080706
8170,-0.4587946769174383
8171,0.8880819573119775
8172,0.17301546177029437
8173,-0.5041445282272988
8174,-1.221084163848912
8175,0.38869123040944165
8176,0.5329643673380664
8177,-0.6639464330193022
8178,0.3904342097897527
8179,-0.7325481390893297
8180,-0.7663978374168102
8181,0.6388790368661084
8182,0.22595954804164375
8183,-1.121177149660967
8184,-0.3618823828914169
8185,-0.9316219764594997
8186,-1.004908725096287
8187,-1.69949193967991
8188,-0.4101043477107029
8189,0.17002985528613723
8190,-0.9778266389682386
8191,-0.06439989474388352
8192,-0.9449908833178364
8193,0.09199454029928358
8194,-1.8367905133526377
8195,-0.20449998596150953
8196,-1.0113859376636223
8197,-1.0384202894716443
8198,-0.7246936160010584
8199,-0.40552303682943625
8200,-1.4906915682395314
8201,-1.5413201903334164
8202,-1.4784412915954457
8203,-1.5585265032235622
8204,0.15189009712137624
8205,-0.4152311992594391
8206,-0.35818111533378993
8207,-1.5992427447336928
8208,0.3449243410034857
8209,-0.19299836448463226
8210,-2.212539038378056
8211,-0.6154582399748678
8212,-1.0679858330951528
8213,-1.1819551213185844
8214,-0.5689897479676476
8215,-0.7403868938113191
8216,0.9236490116384883
8217,-1.0133959083386805
8218,-1.2097286712702102
8219,-1.856478066313405
8220,-0.08062409462017087
8221,-1.2487227889160235
8222,0.3084903425096752
8223,-1.123886075808802
8224,-0.9422894168857614
8225,-2.1262401193020617
8226,-0.10693229235848312
8227,-0.7930015506945696
8228,2.120935175007841
8229,-0.7335363850936379
8230,-1.4987499507604163
8231,1.2544601039644467
8232,1.4078915035191044
8233,0.7349066648838988
8234,-0.150954505601746
8235,0.23117403669281633
8236,0.09976747958412857
8237,0.46895232501558015
8238,-1.879665144981518
8239,-1.5555904705426145
8240,0.3496441918386388
8241,-1.3487015194578809
8242,0.04067106154833307
8243,-1.0014427829666912
8244,1.3244294960940852
8245,0.9100248603691271
8246,0.034200730715809424
8247,-0.0218202815971216
8248,-1.423915468378163
8249,-0.7153667889271913
8250,-0.8313303644877765
8251,-0.23222708894329308
8252,-0.22939039261014127
8253,-2.938095399477769
8254,-0.6549663556507259
8255,-0.04189730821195503
8256,0.16529284016728074
8257,0.9948564594838974
8258,0.41291283872138607
8259,1.016949436162917
8260,-0.9061917245204141
8261,-0.7447971901480746
8262,-1.4511043577167666
8263,1.6059339781304187
8264,-2.3463485115093943
8265,-0.19070235106961075
8266,-0.5556407649595649
8267,-0.03858798353545584
8268,0.6640237596638947
8269,-2.0579343060171
8270,0.7561052004645719
8271,-0.3398281003078203
8272,-0.876163953376111
8273,-1.2389977048227965
8274,-0.0631789128644148
8275,-1.2555780448499756
8276,-0.35536192536069644
8277,-0.6693905206793533
8278,-2.381742257075323
8279,1.1133235250100433
8280,1.6061397983941927
8281,0.6572982063868762
8282,-1.0288262512469522
8283,-0.6608196577504203
8284,0.46656506352160465
8285,0.6737658942981806
8286,0.8924757688062417
8287,-0.5172035184401329
8288,0.46398473313566035
8289,0.9845544838678392
8290,-0.53538199703894
8291,-0.16247744112694573
8292,-0.49493797908777254
8293,-1.482112803080644
8294,-1.8848360266837072
8295,-1.0435130049029673
8296,0.2854193783911218
8297,-0.3284387571656491
8298,0.8533281488904444
8299,-1.7410290532678103
8300,-0.6644554925528197
8301,-0.9830712382122067
8302,-0.6757731096990003
8303,-0.11436127476065217
8304,1.352002853115444
8305,1.4408134824760797
8306,1.0744122250203094
8307,-0.05462399730705325
8308,1.900989782437743
8309,-1.5615019371039933
8310,-0.6635948962573933
8311,0.7896475215703388
8312,-0.9028425184469633
8313,-0.0674662028905581
8314,0.32903448791453527
8315,-0.8136523299587015
8316,0.6992317855324688
8317,0.18624599575030032
8318,-1.0478695320179496
8319,0.9744219605162278
8320,-1.8828820049688098
8321,0.34626198484281734
8322,-1.6319988604418054
8323,-0.028296173433248084
8324,-0.08690810020513917
8325,0.22625659811345072
8326,-0.3224080480470415
8327,0.3008431172269277
8328,-1.32351946129542
8329,-0.7872978532224361
8330,0.32178722593316383
8331,-1.3555144658985157
8332,-1.3790290899959117
8333,-0.5389672343791039
8334,-0.8341124013812291
8335,-0.31515900724449686
8336,1.7691031590107507
8337,-1.9867930782300676
8338,-1.003262102163633
8339,-1.32063141271097
8340,0.8298289043546117
8341,0.5643204093912494
8342,-1.5578014418559358
8343,-1.5276668069518773
8344,-0.7112843252279286
8345,-2.788544779006287
8346,-0.16693174321627724
8347,-0.7508248525225697
8348,-2.0797022672192593
8349,-0.6362600490856085
8350,-0.5986772980180705
8351,0.7787504832519729
8352,-0.4717950513909517
8353,-1.3079038301102557
8354,-1.0741226265607051
8355,0.5085270989776981
8356,-0.6243514031632782
8357,-0.2178912639104012
8358,-0.488318784662455
8359,-0.31763195957188556
8360,-1.8117990958182424
8361,0.5142411410258133
8362,1.2886583485156105
8363,1.9962163565188802
8364,-1.7849028387987056
8365,-1.7447622465392743
8366,-0.37303232833936595
8367,-1.5772245691430786
8368,0.17628549302850427
8369,-2.0476970620774066
8370,0.21784281594607663
8371,0.1651177247362281
8372,0.27828613944405534
8373,0.36612569259396377
8374,-0.20106186763799994
8375,-2.7045632271572737
8376,0.237096497261986
8377,-0.15686976076617068
8378,-2.393718766954293
8379,0.29210366286493716
8380,0.1487399382883305
8381,-1.3230664485604526
8382,-0.5086088121536798
8383,0.6982802682783821
8384,-0.18326803080991444
8385,-0.9428771592379801
8386,2.1672860126686
8387,-0.7925987314101975
8388,-0.550409686110108
8389,0.0485692093595127
8390,0.27455696028545284
8391,0.49918358527654005
8392,-0.3966107891412588
8393,-0.9509015998495053
8394,-1.2268375903964435
8395,-0.3573523226639588
8396,0.2448452690078483
8397,-0.8979983700727173
8398,0.41994141295968246
8399,-0.76769090613821
8400,-0.16921678468276136
8401,-0.765118886230911
8402,0.21094166435508588
8403,-1.6455301825285027
8404,1.4250308125521443
8405,-0.5015315785262956
8406,-1.9551374196995135
8407,-1.4918360515145845
8408,-2.5144640479017673
8409,-0.6882004349114756
8410,-0.43876916895101487
8411,-0.7295594729563255
8412,-1.192895040558873
8413,-2.0530438995686415
8414,0.3772639348297704
8415,-0.5794214495145217
8416,0.03193910495432739
8417,1.700635457296665
8418,0.3428027566371126
8419,-0.8647320512079717
8420,0.7126639115451519
8421,-2.2429994192125657
8422,2.243880517821767
8423,1.3063699796327697
8424,-1.915546575680727
8425,-1.7278090654744618
8426,0.9694398774317702
8427,-2.1202850358190615
8428,1.4724574768297094
8429,0.8661245952604804
8430,0.36547645262339024
8431,-0.8686880806865009
8432,1.3101385915262114
8433,-0.9746351881763459
8434,0.20689680869618843
8435,-1.1874785766518219
8436,0.0934127904805171
8437,-1.5209108824813313
8438,-0.7489556705052947
8439,-0.762616335716758
8440,0.3733445835365724
8441,-0.7588890836904209
8442,-0.9831441985428065
8443,-1.7220695031738018
8444,-1.481739369503458
8445,-0.27733153109354525
8446,0.003933243987276541
8447,-0.7526332303978382
8448,-1.3007170280234694
8449,-2.4905473356142203
8450,0.009636571849175768
8451,-1.027118624875313
8452,-1.0607890071451698
8453,-0.7219622533728771
8454,-2.441614847129013
8455,-0.528673444670358
8456,1.0243032894835291
8457,1.1118275011132939
8458,-1.9330529936439356
8459,-0.47848457306852715
8460,-2.67862761021218
8461,-1.0791356249252972
8462,1.4815518086251025
8463,0.3393584195635324
8464,-0.7636128969433533
8465,-0.7027017364979431
8466,-0.8770905049847529
8467,-2.0467578919398743
8468,-0.47969553481966065
8469,-1.4251462617701462
8470,-1.893625427863527
8471,-1.4332581793397718
8472,0.5837217616634798
8473,-1.5407028599621881
8474,-1.2285833284384293
8475,-2.722561922839873
8476,0.07926765352629461
8477,-0.7389249761756278
8478,-1.0073661907230165
8479,-0.2326379046820637
8480,-0.5083290965440577
8481,0.007873844166631727
8482,-1.0282061415705899
8483,-1.14715122282929
8484,0.701335491456447
8485,0.008176524530876583
8486,-0.09087602155786856
8487,-0.3273770560493069
8488,-0.586066175957535
8489,-1.4355234363633134
8490,1.4955511014208946
8491,-0.3901697524157112
8492,-0.4434792080357955
8493,1.2264678879976785
8494,0.8917041260114176
8495,-1.6896360361003802
8496,-0.43260094586471015
8497,-0.899945525765794
8498,0.17897874188755414
8499,-0.7743196838304307
8500,0.07324749552536636
8501,-0.315988929446224
8502,-0.7278810573280351
8503,-1.547950200559737
8504,-0.3369064830313478
8505,-0.3177604521331087
8506,-0.5232750255892265
8507,-1.0650957111612707
8508,-0.3300521337918451
8509,-0.05213959943961077
8510,0.07730986263732206
8511,-1.414395375759842
8512,1.3750393791712856
8513,-1.3454177255414184
8514,-0.732540107811535
8515,0.5608643184276132
8516,-0.23489804466111297
8517,-2.1342088377196133
8518,-0.8449015645288181
8519,0.49198954052246113
8520,1.8301524061940737
8521,1.1030819523222066
8522,1.278938937220765
8523,0.08717741162670745
8524,0.0554775098704865
8525,-0.7928714060527372
8526,0.14201505430153927
8527,-1.1087505169591005
8528,-2.5475969969709675
8529,0.21611002051247308
8530,-0.9798432680106143
8531,0.1996202630503081
8532,-1.9473403978063129
8533,-4.102761222224069
8534,-0.38396891250889487
8535,-2.345594120778247
8536,-0.8202648570005248
8537,-0.006135625966398717
8538,-0.6961762861575691
8539,-0.42395261707995247
8540,-1.41589170609869
8541,-1.5073116326811857
8542,-0.8720505773942826
8543,0.5975654201063345
8544,-1.8053084356206233
8545,0.12812496112344607
8546,-1.3604052777153852
8547,-1.5151058133974742
8548,0.1973506053468606
8549,0.1546125777685794
8550,0.8017778701414612
8551,-0.20290631026985884
8552,-0.7006496019687417
8553,1.135284858823916
8554,-0.897971593600956
8555,-0.5828176461865713
8556,-0.7990902802544441
8557,0.22452807881418368
8558,-1.1469624464238601
8559,0.1135872164441124
8560,-1.952520111176041
8561,-1.4264881391188005
8562,0.051211144872319925
8563,-0.16890444701270113
8564,-1.2142738905128623
8565,1.1190401702686756
8566,0.4332020839959634
8567,-0.42822912625953913
8568,-0.5258955925119035
8569,-0.6068146674991894
8570,0.6711221695444818
8571,-0.09014400601121192
8572,-3.0519181639160977
8573,-1.0071727473122172
8574,-0.618673618726514
8575,-1.0847361058086438
8576,-0.5924835818852057
8577,1.4543815419875368
8578,1.3987518260087373
8579,0.5265980535415435
8580,-0.5768362095936764
8581,0.4848806079210166
8582,0.3039964850820788
8583,1.2991504419976008
8584,-1.0929329298000456
8585,0.2910401001398253
8586,2.1126492978626494
8587,-2.668436352630895
8588,0.16893667202190255
8589,0.5327141069361176
8590,-0.3413273326577956
8591,-0.03628120200391671
8592,-1.342178465202765
8593,-1.3730064616461015
8594,-1.6249166127426116
8595,-2.3674930072188567
8596,0.02541149705713963
8597,0.13062958560291593
8598,-0.3525825319407368
8599,-0.5024373192653132
8600,-0.9020471820856266
8601,1.2765729091032436
8602,-0.2371274587587191
8603,-0.9298802896159917
8604,-1.9312603976125498
8605,-1.9183579817557908
8606,-0.9669852873000118
8607,0.14962118262001756
8608,0.5608418641158007
8609,-1.5570502389898544
8610,-1.3272816525803441
8611,-0.9023916862214071
8612,-1.598277969980881
8613,-0.48743575259924254
8614,0.7562281235552709
8615,-3.0468642639446304
8616,-0.904369064384325
8617,1.2039889493194906
8618,-1.1134150310889326
8619,-0.5165080644715945
8620,0.18885377682445115
8621,-0.7002443302201882
8622,-0.06305824034726312
8623,-2.86489731319532
8624,-1.1468730738230761
8625,-0.6981532589604319
8626,0.5687532303973416
8627,-0.11033150077990572
8628,0.07150703410933978
8629,0.3600106415338036
8630,-1.9377435831061447
8631,-0.16000152482192231
8632,0.0784262605636461
8633,-1.886158052888015
8634,-2.9533670003495196
8635,-0.24539000256210147
8636,0.14807172927802992
8637,-1.041855401570976
8638,0.34290602495884276
8639,-1.9019041475340375
8640,1.4671598493719105
8641,0.42891509478806233
8642,1.1518065625592828
8643,0.7814999150356747
8644,0.20077538991481256
8645,0.09314292492376386
8646,0.44481137258962666
8647,0.6350791799524539
8648,-0.1921740940490302
8649,1.8303591975744935
8650,-1.2366086173565092
8651,-1.955506957666244
8652,1.797238542758958
8653,-0.7452613055498126
8654,0.7255373024196146
8655,0.30151206337259556
8656,-0.7981267838400975
8657,-0.6331687114270153
8658,-1.223151310389229
8659,-0.7564600882966488
8660,-1.407834581284404
8661,-1.5292505005620618
8662,0.08703407736566449
8663,-0.6316549738560931
8664,-0.8622364842196395
8665,-0.6388745752270236
8666,-0.02655317134105792
8667,-1.3955095909117705
8668,-0.2945232941734375
8669,-1.148982142747576
8670,-0.8496328390593582
8671,-1.0203126635741624
8672,-0.7048227378896594
8673,0.16020327250645394
8674,-1.587710504775173
8675,-1.5305356065991966
8676,-0.709871909246093
8677,-2.19805990929641
8678,-0.2535075626473865
8679,1.2429716318202448
8680,-1.0278732030790843
8681,-0.3687136532117895
8682,-1.463962125921634
8683,-0.848405279088638
8684,-0.10525712483340621
8685,0.5542351492101956
8686,-0.1179107470255536
8687,-1.1294866168211755
8688,-1.7341124849921459
8689,-0.6012166016170578
8690,-0.5943739132684768
8691,-0.6594059916597244
8692,0.28626395608079386
8693,0.036929147414455965
8694,-1.6836683254406883
8695,-0.6320144433832553
8696,-1.2566956678310415
8697,-1.8135272940741
8698,-1.1695670137029515
8699,-0.718000627741365
8700,-1.3002952253116649
8701,-0.6512832765321096
8702,-2.312351470514927
8703,-1.7038267139524275
8704,0.6978852613818467
8705,-0.9211826002419754
8706,0.26175402584160834
8707,0.2823987495486173
8708,-0.5061931410635809
8709,0.5656160257071133
8710,0.6311948907862104
8711,1.2133156787839026
8712,0.2960970618061939
8713,1.6198121963124574
8714,0.1241805130708319
8715,-1.561581947140125
8716,0.041899577742720795
8717,-0.6785016207260839
8718,0.24536107041158428
8719,1.4807590293749686
8720,0.08712271458931975
8721,-2.041237578720251
8722,1.1371024644990697
8723,0.2816195613913697
8724,-0.8972398718194728
8725,-0.8591617857613962
8726,-1.0000093200585334
8727,-1.3735053859906008
8728,-2.865926633274295
8729,-1.1859174442749012
8730,-1.0196167206612246
8731,-1.5857676923335344
8732,-2.717051165085908
8733,0.19005164003530628
8734,-1.3482183391214462
8735,-0.6826017102562135
8736,-2.725822682115062
8737,0.5394510704341244
8738,-1.5538691785715593
8739,0.36877497005063464
8740,-0.46623090283309865
8741,-0.5387942163527699
8742,-0.0794379197464645
8743,-0.914747628609755
8744,0.24464157213653803
8745,1.3889387222270901
8746,-0.3182592041152964
8747,-0.38623204019946966
8748,-0.7581094320149628
8749,-1.8233901438381275
8750,-0.7653200213948999
8751,-1.532561686044841
8752,-1.823100976705581
8753,0.7017387755189669
8754,-2.156977416289977
8755,1.7380730879587065
8756,0.36491907504671994
8757,1.5690308047454167
8758,0.12748114973728375
8759,-0.9013747989105365
8760,1.314639879754412
8761,-0.5837002268087386
8762,-0.8498815833923474
8763,-1.2209662813253641
8764,-1.3657736430197205
8765,0.008647610784925874
8766,0.25356850883194226
8767,-0.1703681259134774
8768,-2.2465357110064863
8769,-1.7623597855152489
8770,-3.1646460193458323
8771,-1.7811282930927683
8772,1.0464195143035306
8773,1.176212143826978
8774,-1.4885966455764912
8775,0.821261004608919
8776,-0.9793889697498681
8777,-1.147014766174535
8778,0.6613426902481176
8779,-0.6643177075519541
8780,0.5040427198372626
8781,-0.0745854909579449
8782,-1.915947154675276
8783,-0.04226824671405949
8784,-0.40732307526956896
8785,-0.9776524141194212
8786,-0.3469619412106182
8787,-1.12055961208867
8788,-0.0010755065901302263
8789,-0.6417406129250266
8790,-0.3202018117837986
8791,-1.5500027923970416
8792,-0.4871706284174856
8793,-0.937754259253627
8794,-1.3208935317633577
8795,-0.8119092146554129
8796,-0.08705819732239806
8797,-0.4923454084465687
8798,-0.26749354733468433
8799,0.780874177189987
8800,-0.9459104287267692
8801,-0.8850736313839508
8802,1.6249791634244983
8803,-0.9309743468377332
8804,-1.465442983900909
8805,-0.372192388126807
8806,-0.8909239472515438
8807,-0.15007938864210557
8808,0.45134589117256113
8809,2.4077475351753925
8810,0.5219454652323303
8811,0.43727679336456104
8812,-0.39065747630437453
8813,-1.240830911027794
8814,-0.5656540593900461
8815,-1.3279847437247039
8816,0.3159715880474796
8817,0.6553655627784537
8818,0.4921624160891358
8819,-1.7647387439609783
8820,-0.6641256535614992
8821,-1.3236329429899172
8822,-0.2347768573251443
8823,-0.12423899568934021
8824,0.048791147632146314
8825,-0.18666449413578043
8826,-1.4070106160414937
8827,-0.9452205084772302
8828,-1.9795952611237644
8829,-0.2175751868649355
8830,-0.27399788111040413
8831,-1.921143629896509
8832,-0.22821904931827347
8833,0.47213144084359837
8834,0.06834385500566198
8835,0.15415778763335908
8836,-1.2689363575745012
8837,-1.3976906136285494
8838,0.4067096714482492
8839,0.675873947943727
8840,-1.0729182854429171
8841,0.6133690957094928
8842,0.8987586072635776
8843,-0.5091987877524189
8844,-0.9715059940331043
8845,-1.2835813721209406
8846,-1.3894759625514617
8847,-0.326283755989279
8848,-0.1023098659945898
8849,-0.20666664625346476
8850,-0.33363463401810967
8851,-0.9972748292506239
8852,0.37436274445735673
8853,-1.36684825420942
8854,-0.28034248436770387
8855,-0.5788349360356434
8856,1.1055884226844792
8857,-2.450820113031794
8858,1.8595797429746599
8859,-0.999049046184713
8860,0.8615618112867329
8861,-0.5110718024451336
8862,-1.1336101179236773
8863,-0.833847501093963
8864,-3.0232962692615573
8865,2.446976143182328
8866,-0.14067844807657626
8867,0.4426139278222057
8868,-1.0080073207337261
8869,-1.1443131507578597
8870,0.5635923570744075
8871,0.6842502059638056
8872,1.0448874899704819
8873,-0.7766056916167055
8874,-1.5790537267731604
8875,-1.3468117938600659
8876,1.014508381064517
8877,-1.844334227998129
8878,1.3576599524085124
8879,-0.98605104593595
8880,-1.660081436157416
8881,-1.9794686592171902
8882,0.13123799619735532
8883,-1.104203102396378
8884,-3.50747471030058
8885,-0.12945635751485574
8886,1.192503918353923
8887,-0.8629444066655255
8888,0.8613809274515214
8889,-0.8338686955039207
8890,0.10698316680470266
8891,-0.9248503146815406
8892,0.24583540365905387
8893,-2.9754475040336748
8894,-0.8523450794459618
8895,0.84392790977318
8896,-1.2938681694565537
8897,1.2717935214222478
8898,-1.2995231687853424
8899,-0.8349859608805179
8900,-1.50599630108366
8901,-0.2751919496910513
8902,-1.8805941710677172
8903,-1.8566861097040146
8904,-0.8709076646137262
8905,-2.312719444398543
8906,-1.3983247320572656
8907,1.0977166090520836
8908,-0.5876681146851815
8909,0.7438554453006572
8910,-2.058772410928073
8911,-2.5905031569870145
8912,-0.09727132913016834
8913,-0.08023360426503223
8914,0.9935846683290049
8915,0.47688428146434964
8916,-3.126131287958567
8917,0.7219824915004469
8918,-1.2788496793792996
8919,-0.6985352920947632
8920,-0.3286653723133277
8921,-1.074286108357529
8922,-1.6430693405177905
8923,-0.34177313826050915
8924,0.009292590934611211
8925,-1.7445947369366164
8926,1.3499446450127492
8927,1.0606666640561946
8928,-0.9273106666434656
8929,-2.4711636519520033
8930,0.1705738105277821
8931,1.6732836769272534
8932,-1.21002888914079
8933,-0.819570162037743
8934,-1.7744636740184776
8935,-1.0761945773083346
8936,0.22913218458882895
8937,-2.197573850289388
8938,-1.56672861831549
8939,-0.9572549801933307
8940,-1.1790692348869953
8941,-0.46437638371058
8942,-0.28246733165867755
8943,-2.3983944409835685
8944,-1.7954430497917464
8945,-0.7760038278460653
8946,-0.13678153036759755
8947,1.1172694688763083
8948,0.16458606075098758
8949,-0.5719283118141231
8950,0.5612156924089104
8951,-2.013457062489439
8952,-2.448809974742346
8953,-0.8244443546309216
8954,-0.5101884370702974
8955,-1.187851791524087
8956,-3.0513163802759675
8957,-2.3572158745361467
8958,0.6318889074547163
8959,-1.6310337207491203
8960,-0.4497075467287544
8961,-1.057107405201326
8962,1.3374305331455498
8963,-0.6377608780080002
8964,1.7735407076782566
8965,0.9570985934676857
8966,-2.105807356430134
8967,-0.26491091230661584
8968,-0.21989186026769564
8969,-1.1926302626026049
8970,-0.7433932315566929
8971,-0.34673029677456857
8972,-2.5001212005855
8973,-2.65921218102019
8974,-1.8635218274006247
8975,-0.41229356238919945
8976,0.7568603572823003
8977,-2.86128338171578
8978,-0.943841845735796
8979,-1.0714873692047524
8980,-1.3707297578310655
8981,0.7276032998600793
8982,1.4632946930934443
8983,-1.2944514173542498
8984,-0.5529255502968815
8985,-2.521999336270549
8986,2.517052110719466
8987,-0.2973250335685619
8988,0.7027522260092922
8989,0.0934459113888998
8990,-2.307521431906455
8991,-0.14558496211391225
8992,-1.9778894081614324
8993,-0.42543287301502264
8994,0.011474951913543419
8995,-1.282485513228119
8996,-1.6077572704397087
8997,-0.5008765600296095
8998,-0.26351842442662843
8999,-0.41421144533071763
9000,1.1366710363944064
9001,-1.2554972874608252
9002,-1.0367979898518649
9003,-1.585767813830509
9004,2.512510297141659
9005,-0.7764101149072637
9006,0.8212179757316639
9007,-1.7103020590901012
9008,0.548290513410671
9009,-0.3327787452562543
9010,-1.0884899171959865
9011,-0.42465264217372406
9012,0.7414512343723555
9013,0.3756537827182905
9014,-0.7837890516967189
9015,-1.450213949331169
9016,-2.2701820983050056
9017,-1.7167854159007643
9018,-1.6481366598963632
9019,0.1274088936369132
9020,-1.1533377499838093
9021,-0.25763255927350687
9022,0.05100883493797792
9023,0.7347879563138727
9024,1.5457762693333335
9025,-0.8226296067575447
9026,-0.6409686737014814
9027,-0.9300420212526126
9028,1.4818757209436382
9029,-1.3679589050562115
9030,-0.3208055794030722
9031,-1.300487100417882
9032,-0.5891724249928589
9033,0.08808412900891371
9034,-1.689641028896193
9035,0.5264221107284456
9036,-1.8602291440066214
9037,0.22000563536673445
9038,-0.9590227367802919
9039,-1.1189081935115142
9040,0.39359947514187454
9041,-0.9138510939471188
9042,-0.13280210904281387
9043,1.2121407116255978
9044,0.13605315579222915
9045,-0.46995430382540515
9046,-1.5789567133650972
9047,0.1731109708150762
9048,-0.6167138538890213
9049,0.1361984982696987
9050,-2.1839517926669814
9051,-1.625672587950968
9052,1.9813779616248073
9053,0.6002960314200586
9054,-1.6142780628877424
9055,-1.3225395857401068
9056,-0.8863692529377221
9057,-1.2576971660693745
9058,0.10179542192320024
9059,-0.14268922834313835
9060,1.046316894516989
9061,-0.33340441972602153
9062,0.5234755190102534
9063,0.15217891562611596
9064,-1.8572953346732837
9065,-1.9831863936411567
9066,-0.9515088037215645
9067,-2.592513257172032
9068,-1.6086052066289775
9069,0.18552285335707452
9070,-0.01283995409106331
9071,-0.7049623731391667
9072,-0.7081631212311565
9073,-2.1607943414658752
9074,-0.6339750861901782
9075,0.4714196219063731
9076,0.4879172344215318
9077,-1.6091959695067595
9078,-0.6010115133389786
9079,-0.593578208088969
9080,-0.5590176734770709
9081,-1.8533352890285548
9082,-0.6684254417175569
9083,0.288169446795091
9084,1.460330929768747
9085,-1.7674132357732764
9086,0.4381860847724661
9087,-0.5974980450937398
9088,-2.4107455836793448
9089,1.2533327976067148
9090,-2.0198053144676953
9091,-1.5651385956077806
9092,-1.1393268504190788
9093,-0.048635009904621995
9094,-0.3357235819243469
9095,-2.2241127251880264
9096,-1.6174345082405124
9097,0.38299247825024507
9098,-1.4063064670838612
9099,0.07294949259371375
9100,-0.7830168819604604
9101,0.17557057757113403
9102,-0.08992327538916656
9103,0.080806857268656
9104,0.7126755489996788
9105,-0.540912035267033
9106,-1.6978167548719292
9107,-0.6828041285618529
9108,-0.8082936054868914
9109,-0.8797302719313671
9110,1.1123300872047617
9111,0.2550115827183541
9112,0.06738677246432967
9113,-0.6599057036188364
9114,-0.4805303630553715
9115,-0.9829143140010766
9116,-0.30732137627974626
9117,-1.984250768513422
9118,-1.903802325881908
9119,0.1036377009175955
9120,-1.0077488057684947
9121,0.12179980356221481
9122,-0.6309539059656232
9123,-0.43957313197921066
9124,-1.017940828357482
9125,-1.0653431340748083
9126,1.2627267980985972
9127,-0.6375930934183953
9128,1.5245188729024948
9129,-0.2836207376349498
9130,-0.5957910124293306
9131,0.2146421109637292
9132,-0.3048075037416058
9133,-2.0680242512822344
9134,-0.785844628403698
9135,-0.6468873622882846
9136,-1.8676345326900532
9137,-1.7677655092644162
9138,-1.0946420352964936
9139,0.2959638381769091
9140,-0.9380709892551168
9141,-1.2121442916626846
9142,-2.3837480503192188
9143,-1.9600123948506576
9144,0.2300976403855099
9145,-0.19860746552426822
9146,-1.869351779119123
9147,-1.5455594671114252
9148,0.06487091795596336
9149,1.451854467556539
9150,1.507336331732859
9151,-0.8075572616056604
9152,-1.6171859493704002
9153,1.6893427945443382
9154,0.6685243055936655
9155,-2.1148446486371704
9156,-1.910984619523815
9157,0.33399732680570904
9158,-0.7615208508963386
9159,-3.1711455510398947
9160,-0.7918112119227292
9161,0.6903820133731531
9162,-0.3526602276411237
9163,0.3438266685286701
9164,-1.1664240356287094
9165,-0.39126235016106703
9166,0.4669184428735697
9167,-0.7684075339361975
9168,-0.7521918802221521
9169,-0.2468963446012334
9170,-1.695820653518373
9171,-1.696780750299874
9172,-0.709380470594385
9173,-1.7782746347978604
9174,0.6989222455547821
9175,-1.3499498617810772
9176,-0.7455945767027852
9177,0.6015202728299993
9178,-0.7896890994602982
9179,-1.5411313320762536
9180,-0.2794146261221444
9181,-0.7185102826015326
9182,-0.7653924656229456
9183,-1.616345015222565
9184,-1.2468110887952784
9185,0.007952848044536553
9186,-3.187955700580884
9187,0.9444113179831595
9188,0.1895718806931831
9189,-2.0175060337591884
9190,-2.2885923128892873
9191,-1.3340737454440998
9192,0.5783069615389607
9193,-0.3509216842683246
9194,-0.9675942418670835
9195,-0.3184600427592253
9196,0.6312863767333216
9197,-0.5182525010046156
9198,-0.6258148017831596
9199,-0.9693936539311157
9200,-0.5764972774666763
9201,-2.0630374666532862
9202,-1.1067089535489394
9203,1.669892335661892
9204,-0.4339185483321333
9205,0.29104458139332845
9206,-0.809359870256259
9207,1.3333952396048065
9208,0.43226622078588217
9209,-0.8847969608598049
9210,-0.8370684057343123
9211,-1.4560307998189281
9212,-1.5661189109647253
9213,-0.007790242902057987
9214,-0.2982669017849122
9215,0.16756152112426836
9216,-1.0360796474924143
9217,-1.5770660847026174
9218,-2.7976157334460807
9219,-2.5476766723837487
9220,0.19697062490263145
9221,-0.842200783088433
9222,0.18425340081081898
9223,0.5104572248379244
9224,-1.007476618341391
9225,1.391988903198509
9226,1.1126574894435266
9227,-0.2771990533665626
9228,-0.7493638831960849
9229,-0.3841651781361715
9230,0.3319915034760399
9231,0.6998369878258675
9232,0.3051572709910403
9233,-0.46725263528860317
9234,0.10883338068307613
9235,-0.7564087916064168
9236,-1.2115716812342086
9237,-2.2466995659721842
9238,-2.0279713903968384
9239,-1.1776788622284704
9240,-0.38353214030704796
9241,0.32140475920232897
9242,-0.91051014493763
9243,-0.8360689347115048
9244,-2.2320126756173444
9245,-0.7173316792386233
9246,-1.2048649710972235
9247,-1.719776925936915
9248,-1.9435502146580201
9249,-0.6522834793218615
9250,-0.7804854646605931
9251,0.602281070341441
9252,1.9612496540554638
9253,-0.28817922193471734
9254,-0.5438062544440482
9255,1.2049770853854542
9256,-0.6207604499682151
9257,-0.0710311208793539
9258,0.25398618480030954
9259,-1.7562218629650668
9260,0.42657454037029097
9261,-0.30640475199438394
9262,0.6952050796950541
9263,-1.2455565916049394
9264,-1.1295056825691714
9265,0.8656135713927018
9266,-0.2122867424145211
9267,-1.1350738155951505
9268,-1.3022732473065377
9269,-0.8268646998164654
9270,-0.5555764113062183
9271,0.2544736790177194
9272,-1.612298463796228
9273,-0.04465081981211849
9274,-0.36133776874199397
9275,-0.37935907970594185
9276,-0.38408573999592865
9277,-1.4360572665241476
9278,-2.73074810086159
9279,-1.3976348106725787
9280,-2.021554790102836
9281,-0.273308213009427
9282,-2.1126230005759887
9283,-0.14510772170285768
9284,1.923511599229762
9285,0.25574319568762927
9286,0.5779109652793663
9287,-0.786261785324936
9288,-0.9738993479345377
9289,-1.9074246332285916
9290,0.44703262547331457
9291,-0.04259631240202516
9292,-0.29474059199759833
9293,-0.8746866274761472
9294,-1.210046107687929
9295,-2.2834980644029
9296,-0.4941755435347336
9297,-1.8816400972982779
9298,-1.9877836372429194
9299,-1.4416911054103205
9300,-0.8488157733395411
9301,-0.5160445997434145
9302,0.4452729092961636
9303,-2.4210909063507633
9304,0.6618091699277111
9305,-1.0561848457531513
9306,-0.10223323009479013
9307,0.6483504200570473
9308,-1.6125105151146095
9309,-1.155563191363983
9310,-0.008356586530465782
9311,-1.1413946382162667
9312,-1.0360695297767903
9313,-1.8013622510243736
9314,-0.1879782433763586
9315,0.02278997613955569
9316,0.6847835628964148
9317,-1.1743227936411649
9318,-0.5915208470804094
9319,-0.4413629808085726
9320,-0.6849637928234381
9321,-0.759483808566194
9322,-1.540443409160538
9323,-0.3925707220947678
9324,-1.001926016897028
9325,-0.6616752058757233
9326,-0.5524205478344217
9327,-2.126394253441477
9328,0.3548411172484831
9329,-0.41377714353006745
9330,-0.5425195670413113
9331,-0.17747567181888635
9332,-1.6769699000997664
9333,1.1812947380904901
9334,-0.03832467983762533
9335,-0.8814662848163055
9336,0.288022877124561
9337,-0.35815839213724754
9338,-0.8683739258467904
9339,-1.2493225753720638
9340,-0.7913291310119347
9341,0.7442344268730845
9342,0.4127120396195222
9343,-1.6549992357505512
9344,-0.26856016663762416
9345,-0.9477942078727173
9346,-0.5921860867261667
9347,0.8097606770402729
9348,-0.22432469072591993
9349,0.09055653075127368
9350,-1.6329397922779294
9351,-0.31880971448279294
9352,-2.134307217679117
9353,0.43946777861591757
9354,-1.6620219266007035
9355,-1.8626777965714614
9356,-1.4927731299487572
9357,0.11958332890061696
9358,-0.2751325113462889
9359,-2.4749560097298335
9360,-2.7649044015926703
9361,-0.7758394186020269
9362,-1.8553567611496529
9363,-0.4121374127871731
9364,-1.3609194239402946
9365,-0.7082502707511968
9366,-0.5843596777305982
9367,0.5920039443382091
9368,-1.301615909518255
9369,-0.23569430824490856
9370,-2.479137360021361
9371,-1.513382180654752
9372,-0.08717579706864607
9373,-1.0497094887610305
9374,0.2919125470185613
9375,-1.5071122331416977
9376,0.39568544986230114
9377,-0.06524362892759389
9378,-0.14547458428030485
9379,-0.8410910181300026
9380,0.10249851812765953
9381,-0.8096092356911289
9382,-0.3297046149886078
9383,-1.43968378506927
9384,-1.3557513567451003
9385,-0.16240445599968845
9386,-1.2675742162142931
9387,-0.658716499250215
9388,0.10538389902915457
9389,-0.1287911094005667
9390,-0.071796480843908
9391,0.38793372349132005
9392,-0.7134671729773122
9393,-1.0973397661064868
9394,-0.17335710292023776
9395,-2.3513523681877286
9396,-0.032675587610837
9397,-0.831214304106595
9398,1.0740529589638497
9399,-1.0651411722533464
9400,0.35136064543328216
9401,-1.6561243117812168
9402,-0.6844683688478252
9403,-1.4737069635739384
9404,0.4316841899776973
9405,-0.12431986493374936
9406,-0.8136546622570675
9407,-0.7021788758574646
9408,0.8166936263801519
9409,-0.8161103614939733
9410,0.3031031852539552
9411,-0.36433493330890365
9412,-1.3604237307020943
9413,-2.269021185187517
9414,0.7941292938735522
9415,1.0765838589220333
9416,0.9492268027164816
9417,-1.3900527917531271
9418,-0.6020079545376824
9419,1.58853341348079
9420,0.12716446066762468
9421,0.5464210679331178
9422,1.3484550232872208
9423,-1.6304893614171205
9424,-0.8846653282152231
9425,-0.6482837734423195
9426,-1.2079168332237855
9427,-1.6080113629439603
9428,-0.33923297557994014
9429,-0.6540458061726929
9430,-1.3299283810744416
9431,1.17732450914312
9432,-0.8590123591272016
9433,-2.475055499760862
9434,-1.0867190418758963
9435,-3.238884814401895
9436,-0.5577673240952525
9437,-0.20175731749671738
9438,-0.9254722844619703
9439,-0.5683793464288344
9440,-0.539497562282155
9441,-1.0582799692118354
9442,0.608701931822432
9443,1.2908864471828827
9444,0.2928933615643038
9445,0.4008554293513264
9446,1.5046084245100289
9447,-0.517537020394442
9448,-0.6755847709695596
9449,-2.441001768076964
9450,-0.4640272206677144
9451,-0.6563699258022129
9452,-0.57536058407916
9453,-0.5066816701199909
9454,-0.9065537628390884
9455,-0.8115419625450522
9456,-2.768030120547757
9457,1.092815233722928
9458,0.022871761868234586
9459,-2.4177324988789457
9460,-0.060337853287425136
9461,0.9297222202326687
9462,1.2500817843541496
9463,1.7826689386422574
9464,-1.1112409174743976
9465,0.38943271027915677
9466,1.5867852901245696
9467,-1.4786606154891908
9468,-0.2881109200620263
9469,0.011026106716374162
9470,0.5835562375513424
9471,-0.7657205137428786
9472,-0.8595623180310421
9473,-0.10811555941074993
9474,-1.8160244971784971
9475,0.14116418647319867
9476,-0.8712551223774053
9477,-0.20728571938408386
9478,-0.5287742181582895
9479,0.2275436753819744
9480,-1.089470833885079
9481,-0.7203593227571946
9482,-0.7082729255116162
9483,0.049455231896950225
9484,1.232657245248729
9485,0.4235887571963571
9486,-1.7858168877792617
9487,-2.0443875614974525
9488,-0.6470280723200472
9489,0.6997946212936927
9490,1.11504129383061
9491,-2.017366073081982
9492,-0.20362897400467006
9493,-0.4626746546822067
9494,-0.3749598159896532
9495,-1.4993315627064547
9496,0.2477124739880014
9497,-2.5670661907736134
9498,0.2953213927327969
9499,-1.7872544345328634
9500,-0.9740280017644126
9501,-0.6901113143157845
9502,-0.979215029678536
9503,-1.4004274598553683
9504,0.1321417122789347
9505,0.509839756363702
9506,-0.304195467625487
9507,-0.17750375761245257
9508,-1.385350279020885
9509,0.5092279733563618
9510,-0.644938796517587
9511,-1.8985152626620927
9512,-0.09102569404561871
9513,0.4459528530259706
9514,-0.26136265418010807
9515,1.0394878274584338
9516,2.1547446817498983
9517,0.5130689703867666
9518,-0.36916172960796323
9519,0.9731535121015831
9520,-0.18208413387087552
9521,1.7257644927593123
9522,-0.3112538578056564
9523,-0.8063258091612455
9524,0.3578895006413304
9525,-0.23473138056012569
9526,-0.11829391077254159
9527,0.6498575327746461
9528,-1.8965230924950958
9529,-0.803940662693027
9530,-1.7133661295129068
9531,-1.4137915490216426
9532,-0.9307998680574516
9533,-1.4710236960653318
9534,0.15361788365316098
9535,1.1467732915833815
9536,-1.03798882013223
9537,0.496211909913589
9538,-0.2503449224513636
9539,-1.7335848939268945
9540,-0.558369894179398
9541,-1.242182216253467
9542,-1.5033581428057072
9543,-2.6643509889760635
9544,1.412552009257961
9545,-0.484582851321108
9546,-0.9445708260063685
9547,1.1669632549135178
9548,2.304763666417055
9549,-0.6346639183576903
9550,-1.7343935536517798
9551,-0.5334617771970155
9552,-1.6563814910487724
9553,-0.7846746930999852
9554,-0.5751094582443504
9555,-0.961851351098
9556,1.0125659424268059
9557,-0.6477880104270162
9558,-0.23691723672171883
9559,1.02190756567736
9560,0.7456957839093494
9561,-0.7958767951284467
9562,-0.5883502761170329
9563,-1.3831721674257695
9564,-1.0706328189802052
9565,-2.408884249526504
9566,-0.3009764930568136
9567,-0.8260148121439764
9568,0.4971097703732015
9569,-0.9532305460602051
9570,-1.74284896437779
9571,-1.9110698206726664
9572,0.6828597387975426
9573,-1.004674270522799
9574,-2.056430719448242
9575,-2.3300061431830406
9576,-1.27711254352988
9577,-0.5007762937387925
9578,-1.6140329979968988
9579,-1.0242679910285242
9580,-0.5751104754634171
9581,-0.42138494006455085
9582,0.4894281529104565
9583,-0.7029708605310913
9584,-0.6716926543716241
9585,-1.0835928205866678
9586,-0.607620242596652
9587,-0.7663938704214504
9588,-1.912782726530665
9589,1.114001267985201
9590,-0.03322299400872952
9591,-2.857918960518059
9592,-1.9646633903723207
9593,0.22920403025401426
9594,-2.6548436608820096
9595,-0.02036698187033459
9596,-0.07085664577392647
9597,-1.3743652071288648
9598,-0.7893665461478397
9599,-2.008799843777619
9600,-1.6080874834384122
9601,-0.7561030819754346
9602,-1.9252869894791163
9603,-0.9170252940263319
9604,-1.1416666245429352
9605,-0.05601895482360306
9606,-0.1646004642153899
9607,-0.16225263720425043
9608,0.09032514978667937
9609,-0.2828620657874692
9610,-1.5994412770384168
9611,-0.7965182324150352
9612,0.7011737341923916
9613,1.1839108325319498
9614,-0.03125918362707336
9615,-1.326519583096978
9616,0.02721043391579747
9617,1.4183801650280259
9618,-1.9106238301324485
9619,0.9776280214785795
9620,-2.5152127411880034
9621,-0.42159412313008754
9622,0.8691987781817453
9623,-0.3144728741996445
9624,0.17939521149169643
9625,-0.26136543457463457
9626,-1.1872089043781897
9627,0.9434688207527647
9628,-0.25038104319930377
9629,-0.7458389464648391
9630,-1.8502901650327732
9631,-0.46504086156057944
9632,-0.7385644011177563
9633,0.35730349066662437
9634,0.6990078328743197
9635,1.3462126277939201
9636,-0.5975600315671045
9637,-0.7106834534736541
9638,-1.26167938458797
9639,-1.3943208155991635
9640,-3.153576011973314
9641,-1.820423810994343
9642,0.05356410091145025
9643,0.7549709032582844
9644,-1.444694892918064
9645,0.5027328601697679
9646,-0.7587307802016198
9647,0.5157372597690171
9648,0.8062187951039603
9649,-1.5652417153328373
9650,-2.7140400128665307
9651,-1.049891220148008
9652,-0.14835731590350598
9653,0.7840404582082665
9654,0.052248315926556876
9655,-0.855576512321051
9656,2.283912253405766
9657,0.4589197843726392
9658,-0.828184681624769
9659,-0.6132301115026675
9660,0.3673080017775092
9661,-0.1601440289578227
9662,-0.5353836119369244
9663,0.16757343168794425
9664,0.049441068340477345
9665,-1.421776569269165
9666,-0.7609462336334862
9667,0.31786284190162406
9668,-0.9754004541789227
9669,0.1580265168383267
9670,-1.038924594452757
9671,0.12808053461533664
9672,1.0511212725329089
9673,-0.6696011709114932
9674,-1.8336378793901964
9675,-0.4788782668101812
9676,-0.41698936558529287
9677,-1.6063385791145592
9678,0.06013068931570009
9679,-2.4958008441748145
9680,-1.1332055356550543
9681,1.6539735652485452
9682,0.02480964191160323
9683,0.1437041533019312
9684,-3.14247684235196
9685,-0.37834156586459144
9686,-1.4895002701113291
9687,-0.8213400441652371
9688,-0.29286380301197634
9689,0.009053298212867045
9690,-0.9859164824631588
9691,-0.5858014153498886
9692,-0.7099690614108697
9693,-0.08105831084351489
9694,-1.2534757588192653
9695,0.6117721038592563
9696,-1.5261146468281195
9697,-2.0205791663744517
9698,-0.1942104717861288
9699,-1.23970544122004
9700,0.0005970179678718435
9701,-1.7412190474169074
9702,-0.6520532691411574
9703,0.4857391431839131
9704,-1.3195803007130968
9705,0.34559426660183584
9706,0.4157014216109798
9707,0.1157237119070823
9708,-1.6968025535977902
9709,-0.7240370895943018
9710,-0.14234865302310717
9711,-1.9475270388801176
9712,-1.787697316474191
9713,0.12108589427674395
9714,0.4206542981499808
9715,-0.3138685740883491
9716,-0.7122455444290875
9717,-1.0117523100456511
9718,1.4874522317771006
9719,-1.1953315798017499
9720,0.7218275112729584
9721,-1.4782186574710647
9722,-1.8239114297391905
9723,-0.4540806781942527
9724,0.10503767745229664
9725,0.41235414109468915
9726,0.004170954687926942
9727,0.03152883739275247
9728,-0.28468887553438704
9729,-0.3185121254446873
9730,-1.7521097529577168
9731,-0.3949073358894518
9732,-0.9257293182325917
9733,-0.7205601398190702
9734,-1.6415046576574253
9735,1.2486948284559503
9736,-1.3985197133476228
9737,-0.6680221402742412
9738,-1.1124553970070454
9739,-0.9674792812394923
9740,-0.33144061114469403
9741,-2.641071949524273
9742,-0.9362264001620082
9743,-1.1312805884470092
9744,-1.8332245453161953
9745,-0.8350398641237639
9746,-0.0607980767783014
9747,0.35129356760343905
9748,-0.853873694180449
9749,1.6903610369618758
9750,-0.6649014466505876
9751,-2.085543499256662
9752,-1.174891574908888
9753,0.4605976818312212
9754,-1.1814252012763304
9755,-0.5524515331525653
9756,-1.255960141459127
9757,-1.1825101194406615
9758,0.8999270020877598
9759,-2.2939613788448217
9760,-0.6852216470730106
9761,-1.1048037597982234
9762,1.1511278692494402
9763,0.034293804221755986
9764,0.8971295629252439
9765,-0.7068858253435185
9766,-1.0770757884775808
9767,-0.31090588412402365
9768,-1.986296161442766
9769,-1.4939941766321287
9770,0.5973923846815807
9771,0.08093034769310892
9772,-2.06301664667491
9773,-1.3380586896688555
9774,0.052925419989734435
9775,0.10332949822634807
9776,-0.8657991522163186
9777,-1.6954526302763655
9778,-0.20286757295916114
9779,0.5899529539430933
9780,-1.046105282880589
9781,0.4456840805104352
9782,0.4599682270854586
9783,-0.7700361766028055
9784,-2.158790372291412
9785,-1.5222750453190166
9786,0.1090220189195863
9787,1.3489763570773239
9788,0.7793143841487246
9789,-1.0310361168055293
9790,-0.8399441548140745
9791,-0.9572160181548306
9792,-0.9845062251443242
9793,-1.7762671784537911
9794,-1.3095633961108644
9795,0.3192598998771863
9796,1.1304894017475826
9797,0.20692274028617808
9798,-1.8868340376009907
9799,-1.3292997205916992
9800,1.530441820639047
9801,-1.0407347352885514
9802,-1.2074299339291135
9803,-0.9449430788220197
9804,1.347352338426754
9805,-0.2396015459513026
9806,-0.7394014810865724
9807,0.8978141460549365
9808,-2.0631779527726386
9809,-1.0211159895232789
9810,0.3731209976261276
9811,-1.5925227806302986
9812,-0.7102627362400782
9813,-0.3453240179315943
9814,-1.5979901191516783
9815,-2.588358678492515
9816,-1.300801356381808
9817,1.6247192242627029
9818,-1.7170283718327022
9819,-1.5374419305964186
9820,-0.29222920275915376
9821,1.0129859052843804
9822,-1.417359802569187
9823,0.023681098120999278
9824,-0.7230529836627327
9825,-2.557538817988484
9826,-0.35950494811815126
9827,-0.32416299682889205
9828,-0.6496014874790093
9829,-0.3036098599213788
9830,-1.2470302743554762
9831,-0.7531326419215575
9832,-0.6358876227805055
9833,0.5113368594557588
9834,-1.4971385530504824
9835,-1.32581715201475
9836,-0.041088992496078336
9837,-1.5389305683545536
9838,-1.5367873188688335
9839,-1.004052035944352
9840,-0.9158721476954113
9841,0.3094616059356343
9842,-0.527240824982835
9843,-2.057077994788346
9844,2.139491699249276
9845,-0.9072499722140988
9846,1.673552924154615
9847,-1.9445702866741112
9848,0.06210965352670217
9849,-1.101333761790339
9850,0.12440385250460628
9851,-1.1580253352853795
9852,-0.3732409668954525
9853,-0.01601862247910918
9854,-0.7192327198486976
9855,-1.2851650503371599
9856,-0.883365481148328
9857,-2.8963708146727734
9858,-0.26073935100527224
9859,-0.40420417552435256
9860,-0.6120437159676276
9861,-2.5152402412794177
9862,0.26821405012634014
9863,-0.9078464909624696
9864,-1.832786374542754
9865,0.7810630031214293
9866,-0.31478683501120974
9867,-2.0814610049885376
9868,1.0579443751140851
9869,-0.9113005071836255
9870,-0.3926568655702473
9871,1.4419942854095074
9872,0.48804185444676995
9873,-0.8040869690825834
9874,-0.13876720778295304
9875,-0.8390719707010706
9876,0.4307556974816015
9877,-0.17391536398614593
9878,-1.3429533591106857
9879,-0.7848630103472016
9880,0.39263048113567545
9881,-1.26094719494889
9882,-0.06377645080043884
9883,0.5279547065028752
9884,-1.273412247191503
9885,0.4360231704702031
9886,-1.260883658511387
9887,1.0046273141088151
9888,-0.07643113606325797
9889,-1.9089042395034381
9890,0.20447041723244375
9891,-0.9250685650514243
9892,-1.0238055851806975
9893,-0.3385197652308828
9894,0.5060052816545666
9895,-0.8932314811805531
9896,-0.49427699809946796
9897,-2.4207930751556677
9898,-3.146895659832447
9899,-2.400711498892185
9900,-0.8100391731676699
9901,0.5232260786777947
9902,-1.7193629969788562
9903,-1.500152939689765
9904,-0.6887633620624705
9905,-1.7079876877773463
9906,0.06942884811909944
9907,-0.5309806106727798
9908,0.4077007712933358
9909,-1.4923740058650745
9910,-0.5071776075219705
9911,-0.6189713122286834
9912,-0.20294317167650874
9913,-0.4888139934686331
9914,-1.0528420508077285
9915,0.47895269259912476
9916,-0.40047071999274914
9917,-0.7134898194948409
9918,-0.9945377672333251
9919,0.03507586351914638
9920,1.1198847718926026
9921,1.1462434385519695
9922,-1.6662502131745267
9923,-0.9579921760325156
9924,-1.2968412722163056
9925,-0.17981457802850412
9926,-0.779949600324097
9927,1.2611571097419634
9928,-0.4775031150628024
9929,-0.8740583871929785
9930,-0.5435895075765297
9931,-0.4317142705498377
9932,0.17245032558455065
9933,0.10889072305609426
9934,-2.170859827729116
9935,-1.019468245984219
9936,-1.0761099444999822
9937,0.15558164408929887
9938,-0.04720410746987869
9939,0.2146888063523884
9940,-0.3359833224472054
9941,-0.8535546215355121
9942,-0.12215075878345971
9943,1.9689937564573867
9944,-0.5149360663391489
9945,-3.822847481896972
9946,-1.1191749757547893
9947,-0.37082907922835884
9948,-2.022649863763799
9949,0.2445289289384016
9950,-1.4997860441116924
9951,0.19414544446039228
9952,0.6838161565090237
9953,-2.169522222582866
9954,0.21611107001104646
9955,0.3319170017712315
9956,-1.1768420977857925
9957,-1.8468442695330654
9958,-2.90365883015786
9959,0.6774678162085609
9960,1.7000323874207524
9961,-0.46437556468110464
9962,0.493451111969564
9963,1.097412607533772
9964,-0.595464421387871
9965,-0.6043754751577143
9966,1.3973352665042724
9967,-0.9166904091672573
9968,-1.735246928138849
9969,0.3317434203579296
9970,-1.3371671693980165
9971,-2.000280718648715
9972,-1.114516316622768
9973,-1.3101861009075721
9974,-1.49478838531148
9975,2.3257734798411036
9976,-0.4358274153103935
9977,-0.058332797988812024
9978,-2.4126623095327755
9979,-0.5445478575058547
9980,-2.1883256675680856
9981,-0.28373803587428115
9982,0.18146865440440074
9983,-1.0189623315429532
9984,-0.9401893233733939
9985,0.9503437538582145
9986,-1.427855823605305
9987,0.008199541547185163
9988,-0.2787989303466627
9989,0.8225580845420178
9990,-0.5790779885344379
9991,-0.6483798191463618
9992,-1.3800863706395923
9993,-0.07777405915202085
9994,-1.1025530193986037
9995,-1.424774839132544
9996,-1.02621441214555
9997,-1.342950193313144
9998,0.6512044262648233
9999,-1.4230616730014691
10000,1.70958573020219
10001,-0.667955574791707
10002,0.3498175065524268
10003,-1.65041993311334
10004,-0.0927881218577793
10005,0.4752529231067033
10006,0.7714650622674762
10007,-0.6084657939337204
10008,-2.59222941216888
10009,-0.8432834417534203
10010,-0.1366214401807473
10011,-0.7308324279155837
10012,0.47720798996712444
10013,-1.8340246204020219
10014,-2.212928041798709
10015,0.04779581652734752
10016,-0.053435370768105284
10017,0.08758905387990207
10018,-2.1577377337760084
10019,-1.1222958524825424
10020,-1.162212830037524
10021,1.3527657291960447
10022,1.150532946197876
10023,-0.11949320782761885
10024,0.32650802212821506
10025,-1.9438069669836584
10026,-1.1770470704115656
10027,-0.8956226201404606
10028,-1.859127071584711
10029,-0.20690413223441573
10030,-0.8427098724646949
10031,-1.6904067488338583
10032,-2.1197501109283245
10033,2.309909239628053
10034,-0.9826958927729452
10035,-0.2844312109873305
10036,-1.1163703431217238
10037,1.6705027705161413
10038,-0.49666400490768625
10039,-0.3898365415521585
10040,0.5295244618497932
10041,-0.8809764057535345
10042,-0.9816543866169782
10043,0.48156141471969427
10044,1.1464901367230078
10045,0.12123660032453087
10046,-1.9035421941162076
10047,0.056320372721268885
10048,-1.0968936303333083
10049,-0.9473509635912836
10050,0.6641126197069465
10051,-2.054219478915993
10052,0.3149708171421878
10053,0.1566008174939788
10054,-0.005371130781353983
10055,-0.731601811099476
10056,-0.4724858615681764
10057,-0.4685153837402517
10058,-0.7171424297661824
10059,-0.18990695429077298
10060,-1.642388396078492
10061,-0.3450536157810093
10062,0.6657184800786607
10063,-1.406556751935459
10064,-1.0412818012814804
10065,-0.747956801953617
10066,0.552528601939464
10067,-0.8315009671409519
10068,0.7035341732550309
10069,-0.39839641120861347
10070,-1.029524227391427
10071,-0.003675931427569612
10072,-1.2669381167518416
10073,-0.9189972739606951
10074,-1.3346875701016647
10075,0.4737242041877575
10076,1.6158109735960955
10077,-1.8734638246404034
10078,-1.1151192708898556
10079,-1.659895071630726
10080,-2.1382261130596216
10081,0.15378621970569128
10082,-0.1061412739551777
10083,-0.49009300718293425
10084,-0.8227613753320555
10085,0.2060427106809436
10086,-2.4502161177609314
10087,0.8816399321036106
10088,-0.505963434014726
10089,0.12686752716041216
10090,-0.6182904404653671
10091,-0.7748251559525852
10092,-1.1903466088461632
10093,-1.1478729270563965
10094,0.14045107188950634
10095,-0.34892207364043853
10096,-1.5043065287274833
10097,-0.4450921331295371
10098,-1.2963719584245719
10099,-2.979839203283602
10100,-0.29794202380571555
10101,-0.5386054857639598
10102,0.11461518251647679
10103,1.1610051490948983
10104,0.6246276677149668
10105,-1.826671617985923
10106,-0.22195250229686497
10107,-0.8262365839095507
10108,0.2789981830764114
10109,-1.2395114261896931
10110,-1.863401769543985
10111,0.3199560854491285
10112,-0.6671642916873239
10113,0.4207312343508286
10114,-0.9545410708129922
10115,-2.9979483136219858
10116,-0.9638006709174916
10117,-0.5637247279740953
10118,1.6242246235680846
10119,-0.9634111723054043
10120,-2.7768978440991328
10121,-1.1712273147401822
10122,-1.257161409011642
10123,0.09073388709545438
10124,-0.7818347879903069
10125,0.21458451778224608
10126,0.8216748530902928
10127,-1.7116140230745835
10128,0.623201738290527
10129,-1.012322955634336
10130,-0.5918437139817044
10131,-0.9956123208332273
10132,-2.703852948125872
10133,-0.7819741580025392
10134,-2.4897572882460937
10135,-2.0907093709778657
10136,-0.28208830948929325
10137,-0.22459381655402233
10138,0.02979393654718021
10139,-1.4910282616526966
10140,-0.28806664300692253
10141,0.8778229001480136
10142,-1.0396239998053791
10143,-0.1510174524709762
10144,-2.2562365621071114
10145,-0.6403804436090359
10146,-0.499493967486376
10147,0.13814086248119062
10148,-1.1611844953501722
10149,-0.8455538172814414
10150,-0.5462956115149938
10151,0.7363251100553071
10152,0.18716677885774424
10153,-0.9796887854160254
10154,0.1636090937755254
10155,-0.49429376348878995
10156,-0.9660146937687177
10157,1.903314428595738
10158,-0.07816397386868379
10159,-0.5535845842103563
10160,-1.7284213813083755
10161,-0.921453238005507
10162,-0.7378948781648288
10163,0.15046834726025876
10164,-0.24912531455451936
10165,-0.7301488599008639
10166,0.051060698127083734
10167,-0.1636085573237056
10168,0.6980506006058593
10169,0.510039320783046
10170,0.172058090652902
10171,-1.768063915023761
10172,-0.45486565105543275
10173,-1.0632804206982585
10174,1.0517932606714586
10175,-0.4289352542361788
10176,-0.8397127724928282
10177,1.348493928917482
10178,1.2080941087912427
10179,-0.6921321929160849
10180,0.33408625683494897
10181,-1.9427216374531082
10182,0.2453610174899176
10183,-0.9373498839088088
10184,-0.7637847600608376
10185,-1.3481134530850716
10186,-3.0667083659223797
10187,-1.825672663926132
10188,0.6553728975889039
10189,-1.9721912615699546
10190,-1.514931873697385
10191,-1.404496297376946
10192,-0.5419536952853401
10193,0.13349857904246443
10194,-0.8986236701170057
10195,-1.1818018539917108
10196,0.33997146613011786
10197,-0.7792931867933244
10198,0.5040371852556431
10199,-0.8410545923975811
10200,0.7080842766662169
10201,-0.8634560151845538
10202,0.47236887509525904
10203,-0.4146576778558745
10204,-1.3612055378536665
10205,-0.3975551771565609
10206,-0.30782742237437555
10207,1.5903352822673678
10208,0.21310227280263438
10209,-0.701223383203369
10210,-0.19222750821056916
10211,-0.2301500964898493
10212,-1.899128358745192
10213,-0.4668608726802871
10214,-0.024809368995953984
10215,0.5803854794944736
10216,0.11929633458806801
10217,0.5260014932573795
10218,-0.2703435914385095
10219,0.36533483004963657
10220,1.6864734348118187
10221,-0.3155136978504236
10222,0.4773651572916019
10223,0.5528138777810263
10224,-1.9107548369416574
10225,-0.5183613119939623
10226,-0.7971495434699882
10227,-1.3373308866589313
10228,-1.1054814987381407
10229,-0.753150928514978
10230,-1.3024490070071706
10231,0.47680993034827673
10232,0.1091346664185926
10233,-0.6733786460572319
10234,-0.4251953997720491
10235,1.519022122843683
10236,-1.9464430326310247
10237,-0.17412103708763804
10238,-0.09775173888499888
10239,-0.6110891020891422
10240,-1.411867728289908
10241,-0.1252966594846479
10242,-0.7620912790360802
10243,-1.2288488548865324
10244,-0.6983361538485978
10245,0.3101088210071267
10246,-0.40291094441715314
10247,0.302780966553033
10248,0.5585222107000252
10249,0.07063212173384881
10250,-1.6152611012643412
10251,0.2852095916829842
10252,-0.050393273709528064
10253,0.8380467209337028
10254,-0.34674975144534015
10255,-0.9367225083590859
10256,-0.40216801639317956
10257,-1.169438725005824
10258,-0.7751643247440183
10259,1.4671272602123264
10260,0.34780660833330934
10261,-0.5548093304848909
10262,-0.9240576850003264
10263,0.6318175276691057
10264,-0.784114774143443
10265,-0.5391001079198314
10266,-0.40315820953393167
10267,0.6140473074440376
10268,0.18835116680288755
10269,-0.3552653216602373
10270,0.3099984894598592
10271,0.3251937695833604
10272,0.005403229184358427
10273,0.7884336096073242
10274,-1.0764297959149807
10275,-0.4880507862087512
10276,-1.1200107338708196
10277,0.349487253226312
10278,-0.8095387497398862
10279,-0.7161150883748224
10280,-3.543205481912652
10281,-0.577520067942434
10282,-0.5627223762669591
10283,2.424633673698883
10284,-1.459050549055698
10285,0.3619607917519305
10286,0.12447053918745837
10287,-0.5016197717995821
10288,-0.3950631782896121
10289,0.17612917275851858
10290,-0.5902210649388993
10291,-1.084111400665022
10292,-0.887103451998251
10293,-2.5842762190748774
10294,-0.7740630164172634
10295,-0.3128487804683354
10296,0.8954493916721877
10297,0.03771062333395325
10298,0.13890083316796642
10299,-1.5200891993387264
10300,-0.025144452862406075
10301,-1.3955745995052706
10302,-0.575372127567819
10303,0.8771838232817283
10304,-1.845708565724046
10305,-0.5176651773206052
10306,-0.460714733688589
10307,0.43245830385318845
10308,1.597577595862563
10309,-2.7261490280766374
10310,0.8989215311635504
10311,-1.0037657431626195
10312,-0.7190779279810556
10313,0.5684117021033686
10314,1.479175079043701
10315,1.124932856591819
10316,1.32048882735237
10317,-2.350462984523099
10318,-1.1168258623930614
10319,-0.8762166456113558
10320,-0.23356608272725504
10321,-1.6362078941068843
10322,-0.7346976032747892
10323,-0.24422573800826586
10324,-1.7233510327469364
10325,-0.11005335655679427
10326,-0.28611582225378446
10327,0.3608291740848937
10328,-1.60473889873816
10329,-0.4235482086694409
10330,0.8055374005760629
10331,-2.5488291125945914
10332,0.10922619179244686
10333,-0.8026718128218314
10334,-1.6005100105295547
10335,-1.6228487789269774
10336,-1.188925868853822
10337,-0.7475157592450046
10338,0.8142447513189011
10339,-0.030693938654555386
10340,-1.3661889004036962
10341,-1.454666122729476
10342,-0.1735557365502709
10343,-0.07656161318422089
10344,0.24969788668695778
10345,-0.1905073046055923
10346,-0.019065977298537984
10347,-1.9944268829896645
10348,-2.070118299281585
10349,-1.5033815336644378
10350,-0.5438342772418535
10351,-0.7325838188630458
10352,1.3403676570701069
10353,0.4606853432689737
10354,0.7117493429220971
10355,0.44336287865462165
10356,-0.9975372517938239
10357,-0.053212366086825336
10358,-0.26459031443778025
10359,-1.4108860278457551
10360,-0.340646762257687
10361,-1.3270136103679602
10362,1.6901644069081785
10363,-0.7358445046355903
10364,-0.4667698737109435
10365,-2.245250401403656
10366,-1.6893761000074887
10367,0.4291815256804133
10368,0.23063355636505467
10369,0.600925937991199
10370,-1.3752483475927504
10371,-0.32440682652500313
10372,1.9403406207190717
10373,-0.10287434652134664
10374,-0.44496029425890016
10375,-1.0819760133364111
10376,-0.9541042353101117
10377,-1.2195797564650839
10378,-0.2146941526055568
10379,-0.4900047329328441
10380,-0.6826119468553282
10381,-1.3606988878310122
10382,1.2348079535248426
10383,-0.05780388445461959
10384,-1.0175946035826162
10385,-0.5669030045025467
10386,-1.3549489590071349
10387,-0.8093535898015911
10388,-1.0925735748324055
10389,0.7577207517978835
10390,0.6057690265927236
10391,0.3069688858449269
10392,-0.5058729157092996
10393,-0.9988345173952323
10394,-3.5029792455634334
10395,0.05985080077521847
10396,-1.1321041379207792
10397,1.0004979570063364
10398,-0.5183991462308036
10399,-0.8345046666874505
10400,0.39458653580881575
10401,-0.6944842368724279
10402,0.48237396931717824
10403,0.5879123906017933
10404,0.023418129134375687
10405,1.1256778180000298
10406,-1.1868607674167357
10407,0.1094819031208667
10408,0.10229179515921027
10409,-0.1249927891594258
10410,0.5644181188486405
10411,-0.5445796599243082
10412,-0.7127080917313905
10413,-0.271595886716839
10414,0.37099217502473836
10415,-1.580245243640133
10416,-1.1985617201910224
10417,-1.53422740991821
10418,-1.0099371766744967
10419,0.2069583980983924
10420,-0.20407546263912008
10421,-0.66291113160367
10422,0.6214765522762569
10423,0.5239466859739568
10424,-1.896909823971368
10425,-0.9286854454615259
10426,-1.0011199928836214
10427,0.6845839844234535
10428,-1.2635108029821107
10429,-0.11953658416493995
10430,0.49065618358714036
10431,0.543080599311399
10432,0.7006238951397527
10433,-0.3735889949897336
10434,-0.17536436526006882
10435,-2.608800398014669
10436,-1.6464528466702415
10437,-2.008177159909306
10438,0.8094407362295314
10439,0.14736724855087907
10440,0.19403732273411578
10441,0.17694633835292234
10442,-0.4975934784829966
10443,-0.2091716937102186
10444,-0.07472631841562752
10445,0.9081244105318551
10446,-1.4742974227305767
10447,-0.06435978539620635
10448,-1.8873722432727906
10449,-2.215852171803257
10450,-2.5585401705393007
10451,-2.4953054798837964
10452,-1.2975453035703879
10453,-1.7175818732449715
10454,1.8820839560755185
10455,0.6490283471746388
10456,-0.633853770371216
10457,-1.0071127968388325
10458,0.7259602792978316
10459,-0.20610693671077962
10460,-1.7096666881224394
10461,-0.5681661687904282
10462,-0.13079941197695527
10463,-0.7033611591666373
10464,1.7139898420982995
10465,0.5388843383893794
10466,0.4242803738648159
10467,-1.3456356556189664
10468,0.7780106987033791
10469,0.13799316568251638
10470,-2.138169356086199
10471,-1.1033428105416614
10472,0.9763838927725156
10473,-2.4140139476713127
10474,-0.7312849648969033
10475,-0.5004113543314913
10476,-1.9393577327049893
10477,0.5112936532005874
10478,-1.397358428894854
10479,-1.128062946111867
10480,-2.326173700707571
10481,-0.06452187309684188
10482,-1.237616086782116
10483,-0.7420920697294473
10484,-1.374076437913301
10485,0.672986747525731
10486,-1.7485419950672574
10487,-1.1942244297696438
10488,-0.6906538046463822
10489,0.24995330369110857
10490,-2.7292645707853564
10491,-1.985726019434214
10492,-0.392994019436707
10493,0.27999227910216207
10494,-0.10441883192797108
10495,-0.8572701989609203
10496,-1.0171830435365226
10497,0.41502333481883946
10498,0.23519687455796978
10499,-1.5590081482676972
10500,0.3315949647343821
10501,-0.8736455315820233
10502,0.27524737736401095
10503,-0.5820111278999316
10504,-0.4418913747345167
10505,0.07329512066634747
10506,2.0511563835930797
10507,-0.39001007859537684
10508,-1.6139249171950596
10509,-0.17258443863215578
10510,-0.9351840351259275
10511,-0.28908568699889814
10512,-1.5969555344157915
10513,-0.7436214166191688
10514,-1.8384417665146584
10515,-1.6940297047533495
10516,0.02610380446842503
10517,1.1785646032916017
10518,0.5018102427180644
10519,0.5440604114489583
10520,-1.4615448870809375
10521,-0.3606174835274796
10522,-0.9415112923980371
10523,-0.2861232278606083
10524,0.8194639147655072
10525,-2.1385307218954592
10526,0.5594910420957827
10527,-2.3777397578751227
10528,-1.766357513690467
10529,-0.6120867928057552
10530,1.5131694295972578
10531,-0.972546330633812
10532,-1.6504265973780146
10533,-0.8537445628019654
10534,0.14147346119317494
10535,0.26444570897481
10536,-0.5454715021128713
10537,0.5233199252452025
10538,-0.706096569621226
10539,-0.3272979745235264
10540,-0.7225482621347132
10541,0.7161303571666919
10542,-1.258909230367228
10543,-1.3658968427005822
10544,-0.8432530463583926
10545,-0.36727766840531006
10546,0.32151908477884045
10547,-0.3333214633339705
10548,1.2529822815075606
10549,-0.4742699382785066
10550,1.5002147155629584
10551,0.4667593390602779
10552,0.34026513638319633
10553,-0.18665547447550868
10554,-0.8220722643591208
10555,-2.6466952184374413
10556,-1.7703776100019413
10557,-1.8266707466145602
10558,-0.5532631408141142
10559,0.7973897635590659
10560,-1.1211665467566023
10561,0.17576958191363234
10562,-2.3083653130573016
10563,1.5777355008375955
10564,-0.21625861985659223
10565,-2.4895584322907194
10566,0.6674208409058449
10567,1.18369587109281
10568,0.20547119497373045
10569,0.4381338142005614
10570,-0.7937879540256441
10571,0.7969597991220518
10572,-0.84127428530489
10573,-2.537004310220742
10574,1.2016086977472016
10575,0.35858286907915593
10576,-0.45104330182302627
10577,-1.7164327211195256
10578,-0.030026232801377284
10579,-0.7618985321510096
10580,0.5609496485123617
10581,1.3708688126850919
10582,-1.1612032752808452
10583,-0.1522776662432661
10584,0.8031342012441974
10585,0.2912554514044481
10586,-0.34153954981613865
10587,-1.0298575602983355
10588,0.2739557486512326
10589,0.28729789462954136
10590,-1.3333700402384867
10591,-2.03217091295465
10592,-0.07571209905287124
10593,-0.6277248978042271
10594,-1.4925484772258555
10595,-0.458792754588804
10596,0.5658850904968864
10597,0.12050752598224651
10598,-0.9351660985574707
10599,-1.2527443755597898
10600,-0.6368375407117901
10601,-0.8074458338909237
10602,-0.46124928937737947
10603,0.045039643313803945
10604,0.06685163252923432
10605,-1.9104616470425122
10606,-0.08300582487230307
10607,-0.9229419970444588
10608,0.3213095058816995
10609,-2.993828509664602
10610,1.719812317543534
10611,-0.32429725935564724
10612,-0.8702503262221546
10613,0.036575940393891004
10614,-1.5107182760506372
10615,-0.1207194133544488
10616,0.34659890008762073
10617,-0.6330887879668659
10618,0.714035078593011
10619,-0.8932559162944037
10620,0.12052274945630692
10621,-0.5334040875023537
10622,-2.5711355566099967
10623,0.39724724111489235
10624,-1.0954049383635387
10625,0.507705349698659
10626,1.4958728455975794
10627,-0.7673103356136103
10628,1.0181688252591146
10629,-0.7663359621423864
10630,-0.9080308767638742
10631,-1.0633648536046842
10632,0.5560592010950995
10633,-0.68495252011525
10634,0.3875000810121231
10635,-0.32646026150826785
10636,-1.754747861866142
10637,-0.04736896435453014
10638,-1.526446812033785
10639,-2.0785840321250406
10640,-1.3812124907947212
10641,-1.820874672603135
10642,-1.6979032794196454
10643,-1.4300813206082958
10644,0.3439865946342066
10645,-1.0713077262510111
10646,-1.2129562208720008
10647,-1.8278720594960425
10648,-1.0434158720101265
10649,0.3255233384527334
10650,0.7045845730634896
10651,-0.1827961316079028
10652,-0.1671683542195042
10653,-1.7562088263217832
10654,-0.13304850193637896
10655,-1.3890857752242192
10656,-0.6554288519596541
10657,0.3709858143717729
10658,-0.5562883075838085
10659,-0.39345368618270415
10660,-0.05592250466927695
10661,-0.22709093772259353
10662,-1.7673456882682075
10663,-0.08975002884673267
10664,0.15538734990456682
10665,-1.3224583959543705
10666,-1.116448521959332
10667,-2.7576455512413416
10668,-0.4562358778086062
10669,-0.23282501659716304
10670,-1.399512333179008
10671,-0.8726190361077885
10672,-1.7833092545045874
10673,0.3070022019902561
10674,-1.1668124827291446
10675,0.20993800052133216
10676,-1.1044852602480033
10677,0.07096570384728934
10678,-1.6453271917795314
10679,0.43830641779600515
10680,-1.0194178222509511
10681,-0.5914993277966821
10682,-0.3149166724633961
10683,0.21814386087282334
10684,-0.7074875206517738
10685,0.40317421127347086
10686,-0.9078772462774849
10687,-2.364291731936487
10688,0.49011347486375556
10689,-0.0843499621833218
10690,-1.2031956281473504
10691,-1.0916440604754687
10692,-0.7708168203406869
10693,-2.397969822391061
10694,1.062034316460195
10695,-0.8884869232007506
10696,-0.5152617700879574
10697,-0.09106582634659127
10698,-1.5417710763189811
10699,1.2581769457698848
10700,1.2273960502004555
10701,-1.9666569584542184
10702,-1.5642270731095735
10703,-0.34822204296381865
10704,0.4869452152384164
10705,-3.2864960197973705
10706,1.896656467340729
10707,-1.2547807430066458
10708,-0.5803736780112855
10709,-0.6779310932524564
10710,-0.9506290019662528
10711,-1.4840805433097632
10712,-0.687890832057602
10713,0.47379154554771463
10714,1.2873115123249161
10715,-1.6910943427256109
10716,-1.474804861785251
10717,1.4248193556245152
10718,1.1694900583864367
10719,-1.1021027369542298
10720,1.0132547102525642
10721,-1.7490350573663431
10722,-1.2062437742220289
10723,-0.3187967742160363
10724,-0.9923846062098334
10725,-2.4794057926971154
10726,-1.6328149064230657
10727,-0.1426068432786048
10728,-3.1915280908219437
10729,0.20288667839153368
10730,-1.8702721647642033
10731,-0.4697925010892982
10732,-0.4798511333951263
10733,0.6476745869637519
10734,-0.9958564981021192
10735,-0.9477098532513952
10736,0.4698349488867289
10737,-0.6784553223107812
10738,0.4218033713559072
10739,0.2974174069176155
10740,-0.9862350966617075
10741,-0.0030005212888040145
10742,-0.7756066134468353
10743,0.6579634893101037
10744,-1.0331946444842304
10745,0.4443441155543755
10746,0.22698017348074262
10747,-0.09930696276439926
10748,-3.34750585706925
10749,0.8663252924524145
10750,-0.6542284326663147
10751,-2.008935285111591
10752,-0.1836278929068964
10753,-0.922609190705754
10754,-0.8818540295335129
10755,0.4259652696101356
10756,-1.6312239197646625
10757,-0.3361724992157975
10758,-1.794862657584467
10759,-0.3402435386190522
10760,-0.06077728774135438
10761,-1.4618626567689634
10762,-0.9778980722194495
10763,0.024441612730435165
10764,1.1052242937248358
10765,-0.4539003771759367
10766,-0.4256963690154103
10767,1.5564462004880704
10768,-1.0038523100622843
10769,-1.741906890386235
10770,-1.3571966942177367
10771,1.0151442837218645
10772,-1.380207920144289
10773,0.16935746178023003
10774,1.2887520971499378
10775,-0.6303461126306469
10776,-1.0493789804932698
10777,-0.7455960809896881
10778,2.1478396217911624
10779,-1.1800563424267376
10780,-0.6232221537763194
10781,0.4278604138774751
10782,-1.464116046414362
10783,-0.02036688748655957
10784,0.5151461412046747
10785,-0.49938988964218034
10786,-1.4596565655615632
10787,-0.8513059122946479
10788,-0.15965838089252152
10789,-0.7736526310048297
10790,0.6850751271322362
10791,-0.17991624271024603
10792,-1.0974937710434873
10793,0.7209295804185585
10794,-2.47032669561623
10795,-0.205727606780297
10796,-0.2888573175985174
10797,0.02492136697956294
10798,-0.6077615662461762
10799,-1.4888732818260548
10800,-1.314036267121807
10801,-1.134348013108877
10802,0.9377411774841702
10803,0.37277437475397424
10804,0.3208955552676901
10805,0.2898053344764704
10806,1.5151018709298376
10807,2.199519415744795
10808,-0.8507358563429316
10809,-2.337835520575474
10810,-0.03688755909050123
10811,-1.2787996234925778
10812,-0.341236324267412
10813,-1.5231644983730799
10814,0.0306239829930538
10815,-2.142595940488221
10816,1.9801108059291852
10817,-1.0693970411988059
10818,0.8206081517250529
10819,-1.2820389738017641
10820,-0.5707457198682726
10821,-1.070245130134926
10822,-0.6119497451615658
10823,0.7989929053788203
10824,0.773976204562582
10825,-0.3206843628749603
10826,-1.752799705368877
10827,-1.0167039084300367
10828,1.4940539004766284
10829,-0.5705680724060934
10830,-0.894396997348137
10831,-0.20312133852292608
10832,-2.1964982994207043
10833,-0.9044257367103649
10834,-1.5855996384149467
10835,-2.660268091711919
10836,-0.04072282136983871
10837,-0.7288691130300534
10838,-0.42529136171350723
10839,0.3696760468174698
10840,-0.702053457934362
10841,0.5308232698382291
10842,-1.3258081204022392
10843,-1.079070522655915
10844,-1.494725176627775
10845,1.1025521493015624
10846,0.21078555868785553
10847,-1.8504292070580606
10848,0.48238889662105844
10849,0.07817080242415009
10850,-0.2059770644303125
10851,1.4136694873454076
10852,-1.280021554934536
10853,-0.37678063353272817
10854,0.6944144474371927
10855,-0.30967411783573245
10856,-0.7522552206411406
10857,-0.1647612253213694
10858,0.5911233620728404
10859,-1.8267533820366566
10860,-0.21560507352643754
10861,-0.740679666158591
10862,-0.3694063159231641
10863,1.0530468867779472
10864,-1.401105315302099
10865,-0.7420355883115302
10866,-2.2569503416067747
10867,-1.2291577682366117
10868,-0.6841971432064857
10869,-1.1345662466703998
10870,-0.9827491399146644
10871,0.12775704517256942
10872,-0.43687986433862813
10873,-1.1692419740144426
10874,-1.8526067071353034
10875,-0.2939291861901805
10876,-1.7912766004693015
10877,-0.29103148211229746
10878,-0.7879101780313672
10879,0.12177445054923275
10880,-2.3068101237978085
10881,-0.5959489691023337
10882,-0.08544093177883838
10883,1.2322306330539066
10884,0.736451366879519
10885,-1.2409716782426252
10886,1.412984706916414
10887,-1.6717557971837753
10888,-0.22273667218678483
10889,-0.6795685078750748
10890,0.059885210030193425
10891,0.253138549042757
10892,-0.8475186755872226
10893,-0.8164858620423854
10894,-1.6250566844899472
10895,0.14985049225765804
10896,-0.3608248424935987
10897,-1.3627439200467382
10898,0.30871037806371304
10899,0.3891719221759059
10900,-0.36628768277007295
10901,-2.395947181694248
10902,-0.010765095817621806
10903,2.063529403856157
10904,-2.194262257038812
10905,-1.037241165732614
10906,1.0278897469851453
10907,-0.29501673725362904
10908,-0.24223491651217927
10909,-0.5373507647155807
10910,-0.9850271302803852
10911,-0.19307753954727058
10912,0.014358472803792044
10913,-1.5473449613074113
10914,-2.3459196901384383
10915,-0.250637560534244
10916,-2.6336230339900495
10917,-0.9214201738386295
10918,-0.7602081922924666
10919,1.4837780674621994
10920,-3.0625413881866637
10921,0.340636734074512
10922,-1.6570358713480422
10923,-2.5852951439792276
10924,-2.025354995754234
10925,-0.21487334519924445
10926,-1.1068967622534567
10927,-0.2786822610400297
10928,-0.6789951337676892
10929,-0.46553532530520936
10930,-2.0907596308877765
10931,0.49980226283228213
10932,0.8219250965489785
10933,0.5344750739148683
10934,-1.6042236282454938
10935,-0.684713562674091
10936,0.14848271940812674
10937,0.34299199020031057
10938,-2.4171423827449563
10939,-2.332349691612351
10940,-1.3288221460153598
10941,-2.4414495244268326
10942,0.19131277489259568
10943,-1.2276785750157146
10944,0.1731164784456627
10945,-0.6896983180931442
10946,0.7214340980527767
10947,-3.3206969480269586
10948,-1.2355357722362545
10949,0.161503694267209
10950,-0.7997742397617635
10951,-1.052207718055642
10952,0.9066876634991409
10953,-0.8505639776776059
10954,2.284732469602057
10955,-0.4626891643340829
10956,-1.6861747260429203
10957,-0.4801489090225991
10958,0.5889142915852963
10959,0.473396596675028
10960,0.393291603502091
10961,-1.5851726423919348
10962,-2.603156964173646
10963,0.16334393380822876
10964,0.011152365772417072
10965,1.4756170774171682
10966,-0.06888187259872836
10967,0.8900234474808543
10968,-1.4381872678802259
10969,-0.2682066023447216
10970,-1.2346594010795642
10971,1.2294786000914257
10972,0.252481123959641
10973,-1.0100458364704215
10974,-0.9319593295846332
10975,-1.3295550410457677
10976,-3.239652074282159
10977,-1.4385361831932473
10978,-1.057444862082658
10979,-0.8071101024671432
10980,0.4914416752218519
10981,-1.9152652489045192
10982,-0.7748220891071584
10983,0.3464044462291399
10984,-0.8915772566842926
10985,-1.274281591879129
10986,0.722979282111246
10987,2.2390804768501744
10988,-0.22299756140622118
10989,0.14190957544222926
10990,0.965745011092444
10991,0.2044137612401791
10992,0.3249873747868877
10993,-1.448675499526642
10994,-1.14777955374299
10995,-2.0698134749918227
10996,-1.999170292844314
10997,-1.620629560049713
10998,0.24718625904593694
10999,-2.3221169782233595
11000,-0.36842204150865016
11001,-1.13277298772139
11002,0.00784694842388528
11003,-1.6807551838732588
11004,0.4272278547101451
11005,-0.6717203527174667
11006,0.09466190882257025
11007,-1.674032469120887
11008,-1.1767379858121414
11009,-2.2234983093248455
11010,-1.0153863635999918
11011,-1.2761470539733242
11012,-0.461757540687604
11013,-0.8185947102267941
11014,0.11736616879723305
11015,0.1825551617050314
11016,-0.7276489307092864
11017,0.5452542294262854
11018,0.5119825492209031
11019,-0.3384284044520611
11020,0.43261406996634333
11021,1.436545004217072
11022,-0.2239994422396262
11023,-0.6904240479566345
11024,0.33098817864552177
11025,0.11085825261148585
11026,-0.6835832117758187
11027,-1.0989721501885978
11028,0.338205606164948
11029,-1.2766036169645096
11030,-1.1424160180577554
11031,-0.6491075823774435
11032,-1.1760082130760054
11033,-0.5614385069749536
11034,1.826737164745586
11035,0.6019170605074604
11036,-1.2120866847917773
11037,2.0554907399549673
11038,-1.480180663046939
11039,-0.09141529870433529
11040,1.066011047325233
11041,0.5180524654724167
11042,0.7728743699255554
11043,-1.2644854636794591
11044,-1.9253596486939404
11045,0.7657565996439795
11046,-0.7220464922334431
11047,-0.9189007352672969
11048,0.16361955094688724
11049,-2.291927226183448
11050,-0.20238808083918075
11051,0.13887207646573393
11052,0.16493440585008046
11053,0.9815696355219324
11054,-1.2216244290293892
11055,-0.43021564998532213
11056,-1.128699750803011
11057,-0.9578200543137484
11058,-0.872866365372729
11059,-1.9020484407005156
11060,-0.6340038880752856
11061,-1.5607755775900574
11062,-2.296069241390583
11063,-1.0004707326368354
11064,-1.552140002396091
11065,1.6793032978193834
11066,-0.6773429623781398
11067,0.26923686180889556
11068,-1.1595734781158693
11069,-1.771093835501401
11070,-1.6632104303217612
11071,0.5115131938746524
11072,0.6304323805465035
11073,-0.798411008468942
11074,-2.4148581502821775
11075,-0.6126662511291089
11076,-0.48351384037989464
11077,0.21865442369236776
11078,-0.5894422074701922
11079,-2.2718259756279435
11080,0.24683685990713106
11081,-1.388718332985845
11082,-0.22195492989753363
11083,-0.891795760348644
11084,-1.080042689601556
11085,0.22161172308220367
11086,0.18789429260323542
11087,-1.1854588515320141
11088,-1.144113164281108
11089,0.8620313878691148
11090,-0.6162912772768013
11091,-1.7775591198447431
11092,-1.8684155285783013
11093,0.11480730968053321
11094,-1.088978719741044
11095,-0.17847794967563663
11096,1.00649889285094
11097,0.5851219321540331
11098,-0.3586437228435112
11099,-1.5821326865135399
11100,-0.11430698732722788
11101,-0.7106102690186934
11102,-0.36311192980820106
11103,0.4997664995386868
11104,-1.2869108330157877
11105,0.22478472105296324
11106,0.4324817935994214
11107,0.5839963702310772
11108,-0.07676805885799909
11109,-1.1124214547776188
11110,0.5628829903937289
11111,-0.30772367530214123
11112,-3.0417637213767463
11113,-0.6912604541104413
11114,0.06002072395063884
11115,0.2265758860268785
11116,-0.6495120728039017
11117,-0.05212132537070785
11118,-1.014273084910131
11119,0.6174295106882508
11120,-0.08694904595364106
11121,-0.7094476264049334
11122,0.5017673321618856
11123,0.5728803839403205
11124,-1.6667005097343843
11125,-1.6326812145991196
11126,-1.3590530018468827
11127,-2.693237209983024
11128,-0.7968016915985943
11129,-2.370392574426691
11130,0.7293591274455828
11131,-0.21811307757384601
11132,-0.35959117740467317
11133,-1.4711295375836841
11134,-0.31349477534724346
11135,-0.30651788092585736
11136,-0.39673866755167403
11137,1.09892520248767
11138,-2.368606820917292
11139,-0.5273792939490696
11140,-0.4644511262052346
11141,-0.22221537244597078
11142,-1.4725528919585422
11143,0.425000683234199
11144,-0.590054313031037
11145,0.35438767390732795
11146,-1.3105328990263705
11147,-1.213196923127746
11148,-1.6582319649483552
11149,0.8973563303686147
11150,-0.3274921865220458
11151,-1.5922835279091927
11152,-0.4278451231561111
11153,-1.1971089847482972
11154,-1.7662821479039938
11155,-0.4463351036497245
11156,-1.4534693396892713
11157,-1.3571050034928993
11158,0.9573299018145333
11159,-0.13913468741507418
11160,-0.31087167245765923
11161,0.6454703703917979
11162,-0.23310770910704415
11163,-1.9894677377868841
11164,0.4006208619528775
11165,1.0857276584625717
11166,-1.3711790627266245
11167,1.7894633047762682
11168,-0.2358307016619453
11169,-0.12857139775746818
11170,0.12627427427576798
11171,0.7053572497938785
11172,-1.2363164730735674
11173,0.7114992937764876
11174,0.8534939982756227
11175,1.0111727565721287
11176,-0.6632031192776906
11177,-3.3497888349152856
11178,-0.14973813774273748
11179,0.3155897206307093
11180,0.3989730232640122
11181,-0.42096755998944024
11182,0.9012164560894087
11183,0.3104424571109558
11184,-0.7805173011845215
11185,-1.1900651015612103
11186,-1.7013127796014933
11187,0.6134751193288285
11188,-0.26599320028684426
11189,0.68095042031811
11190,-2.2287873095469086
11191,-1.439962393528774
11192,-2.8434214026351907
11193,-0.6024672486975418
11194,0.3565920397858356
11195,-1.1275705636846456
11196,0.19614534189068733
11197,0.8104334937809309
11198,0.8241078865296108
11199,-1.4033588177418461
11200,-0.7113893574575639
11201,0.8483656406918687
11202,0.12879277923854582
11203,1.247071022218689
11204,0.9615832210580904
11205,0.6047000700577536
11206,-1.1385180271614843
11207,0.44754614664965264
11208,-0.17903965446366277
11209,0.8745924476226812
11210,-1.2291314869288026
11211,-0.061801855582870324
11212,-0.26273355902052176
11213,0.01074165182236686
11214,-1.0816128726778058
11215,1.4707043404956612
11216,0.22266008650065183
11217,-1.3420256450496035
11218,-2.463515584773146
11219,-0.36076305216113325
11220,0.5249575904897661
11221,0.6419231865059424
11222,-0.6440382697527733
11223,-0.7535189755447552
11224,-0.6848480519470332
11225,0.3525722868640367
11226,-0.8721425987026236
11227,0.6980617444963756
11228,-0.8352369503241646
11229,1.3515995703492
11230,0.034500393727929124
11231,-0.5029286710173643
11232,-1.3300171162962715
11233,0.6496166228255211
11234,-0.9882139685418837
11235,-1.3287498689363422
11236,-1.5051468163466801
11237,-0.7493148941078571
11238,-0.6630318023728377
11239,0.46599569308970573
11240,-0.06209906405260779
11241,-0.9991874771721118
11242,-0.9707952173168649
11243,-0.6534233829817052
11244,-0.05238697891114652
11245,-1.1056403132920718
11246,1.1560968820995294
11247,-1.1861410690620415
11248,-0.7662892487273354
11249,-0.13658453766869927
11250,-0.6443620408638526
11251,-1.392251486776518
11252,-0.2848331608041197
11253,0.6977701734647107
11254,-1.977333492439153
11255,-1.6464830300081352
11256,1.1595414400162805
11257,1.5736791503637524
11258,0.563117557655953
11259,-3.274517839386341
11260,0.09063302333371392
11261,-0.8578705632657326
11262,-0.003015104983369543
11263,-0.6190581772646025
11264,-1.7313116582790626
11265,-0.6244376326452001
11266,-0.48809213595104955
11267,-1.5365544172597971
11268,0.3159081505908524
11269,-0.4817372570950703
11270,-0.2529479360125919
11271,-1.2900957296536462
11272,-0.07806282627727912
11273,-0.6345019272974308
11274,0.16064639514474138
11275,-0.9465499408818132
11276,-0.6832787936712305
11277,-1.351685456437235
11278,-1.2919039448488214
11279,0.9475760976577681
11280,1.1372468571806547
11281,-0.8947061632605555
11282,-0.1290812985170129
11283,-0.01310874938071338
11284,-0.7276511020243801
11285,-0.3361309928334122
11286,-0.30938480028982707
11287,-1.3494588165101422
11288,-1.1121751887258076
11289,-0.13444241962145959
11290,0.3914770556228544
11291,-1.5080689594468444
11292,0.4063066772644294
11293,-0.6154340688182675
11294,1.2339802996828422
11295,-1.4325378159406612
11296,-0.8186470145369507
11297,-0.21620654018296664
11298,-0.17580122734950093
11299,-0.13836850716380025
11300,-0.4744296616810104
11301,-1.307031271790771
11302,0.5467912403675335
11303,-0.8194056428520443
11304,0.14471665267660072
11305,-2.0323482962741553
11306,-0.1958467918999489
11307,-0.5727942954596312
11308,-1.3421200610803152
11309,0.9284376982349809
11310,-1.1430636297575425
11311,1.2611092849121412
11312,-0.9650615282124084
11313,-0.5088946281404763
11314,-1.3256097621345315
11315,-0.06194385178127865
11316,0.3703121322258742
11317,0.6651765496790059
11318,-1.3392489378306485
11319,-1.5311022045462774
11320,-0.00968794841085771
11321,-0.4161243388895902
11322,-1.089832263513597
11323,0.1720851198264628
11324,0.3456402693858218
11325,1.1630498586957025
11326,0.43227467757754545
11327,-0.874489040608991
11328,-2.1490927870810412
11329,0.34190509723794815
11330,-1.450116481443152
11331,0.3504222820200291
11332,1.5051064246486836
11333,-1.497903708862269
11334,-1.7493546973838987
11335,0.37922179495392616
11336,-0.40757629248466326
11337,0.4800789812881656
11338,0.5011543664008086
11339,-0.7996716367930848
11340,-1.1779636021318225
11341,0.8720793307734522
11342,-0.8059504928171111
11343,0.37989123308745953
11344,0.06447054620262715
11345,-2.4988119314693935
11346,-2.404698024943598
11347,-1.7364856348440811
11348,1.4916274139429109
11349,-1.056518301889699
11350,-0.5412728550264108
11351,-0.9501355024989637
11352,-3.2118163654196934
11353,1.3977601123549976
11354,0.6112623313525667
11355,0.052747213477480154
11356,-1.9372679189022817
11357,0.5791645111644741
11358,0.09358263323076438
11359,-0.17160464348085303
11360,0.6306426215834728
11361,-0.1892997807365927
11362,0.2937273665138954
11363,-0.03311219256365405
11364,0.680393105350768
11365,0.024081722748605067
11366,0.1530405135169307
11367,0.34110302397920084
11368,-0.6273563083705818
11369,0.20787892605429226
11370,0.6370058824703833
11371,0.11137793717699829
11372,-1.7851068994850707
11373,-1.1049497935146357
11374,-0.9883358239276263
11375,0.40932654219262854
11376,0.031574622798052454
11377,-1.1990848745841385
11378,0.9642100017773577
11379,0.054352135759537346
11380,-0.1657415690677313
11381,-0.060756077699199496
11382,-2.333599347473275
11383,2.762609332668359
11384,-1.016168287818999
11385,-0.6266339460176419
11386,-1.3893114999612828
11387,-0.29860651859965737
11388,0.12874823611456288
11389,-0.9601342578501302
11390,-0.6914791050956264
11391,-2.3234155093433624
11392,0.7855180535600343
11393,-1.550887724164289
11394,-1.2533933110463322
11395,0.4149980738804533
11396,-1.073182640746527
11397,-0.9911243162538917
11398,-2.3286028726739287
11399,-1.2100436474120058
11400,-2.0953951610680734
11401,0.2563076872362684
11402,-1.067613883939918
11403,-0.2767498243387235
11404,0.6172636815575638
11405,-3.25348965477554
11406,-0.3406533124882082
11407,-0.5621705261216731
11408,0.6445997574646876
11409,-1.063273726060947
11410,-0.7758723059161335
11411,-1.483927716247272
11412,0.14004894048619138
11413,-0.5954013319367012
11414,0.42991642506708694
11415,-1.3398912746886578
11416,-0.7866835906482667
11417,-0.40855513379225417
11418,-1.0574404161059863
11419,-1.7974916592926298
11420,1.6901545630545427
11421,0.49558093989928975
11422,-0.4251137486576858
11423,-0.1941264837174771
11424,-1.0680995649386484
11425,-0.2899921708298895
11426,-2.1089850961890866
11427,0.17022213777017947
11428,-2.6422165645152655
11429,-1.133728641513608
11430,1.7320147479966455
11431,-0.6666757712302083
11432,-1.0241853830822243
11433,-0.9062538218927255
11434,-1.0293617946120506
11435,0.777580577025632
11436,-0.4812609859086326
11437,0.2547710436304982
11438,1.5251201366921534
11439,0.6851280778431988
11440,-0.5224254720149122
11441,-0.6137677421727572
11442,0.023285978317432177
11443,-0.8433914025070959
11444,-1.6371705587291094
11445,-0.23812586925674656
11446,0.5038453722621987
11447,-0.304085774661452
11448,-0.11601845319416004
11449,-1.4370678529859773
11450,0.30290892275694636
11451,-1.2571058341600445
11452,-0.5759460516786112
11453,-1.2294927754420066
11454,-1.476214768189994
11455,1.9863586784818945
11456,1.2036301838025667
11457,-1.294282621436898
11458,0.6579971670174727
11459,-1.625725887588606
11460,-1.1074749221700833
11461,0.031481826940298996
11462,-0.6633934271236257
11463,0.6224962106940045
11464,1.1020792114678817
11465,-1.6967353371698173
11466,-1.6031160524739476
11467,-1.1021047234236572
11468,0.39225104148274137
11469,-1.0927509389456416
11470,-1.2817666505191352
11471,-0.8133097428085798
11472,-1.6980938324197368
11473,-1.21650711141521
11474,1.2549275049264619
11475,-1.5216101518168355
11476,-2.232331444894708
11477,1.0152816326257368
11478,0.6618426673843809
11479,1.0529152779299815
11480,-1.0065436253386957
11481,0.7296602704028318
11482,-0.6405202708770728
11483,-0.6309635270280669
11484,-1.9101042234057353
11485,0.892097720528708
11486,-2.109929175356635
11487,-1.4687218331633956
11488,-2.082819130065096
11489,0.4997290515661781
11490,-2.4010797708522817
11491,-0.08690531689703018
11492,0.3144829417115884
11493,1.4466843111514955
11494,0.8784144456535659
11495,-1.886977068451286
11496,0.2263860908979955
11497,-1.5532373170326743
11498,-0.36744397835833587
11499,0.49474246710279135
11500,-1.1058689418342211
11501,-0.08689959693620009
11502,1.2137810969674534
11503,-0.4840458920919554
11504,-1.2545648726774612
11505,0.09540368515765296
11506,-1.407814465853063
11507,-1.1913647386444035
11508,0.23429879548335905
11509,-1.409296188357367
11510,1.0812389730301555
11511,0.5992939132371005
11512,-0.6381990712597613
11513,0.4453859248359401
11514,0.818487915674344
11515,-1.8774124156469432
11516,0.14609606400910402
11517,-2.006739462570125
11518,-1.0802384189573
11519,0.4717485066207846
11520,0.7681426671649358
11521,0.9988222612576437
11522,0.12439518504405145
11523,0.07511127928597439
11524,-3.4789029798093525
11525,-2.0018405989366297
11526,-0.2589648074210168
11527,-3.020230290448125
11528,-1.2780741547396273
11529,-0.8862624909196258
11530,-0.12149652446038395
11531,-0.6879365109301104
11532,0.7667430472684782
11533,-1.6424550116288796
11534,-0.2641148682138077
11535,-1.8549762975922048
11536,-0.03825798456863247
11537,-1.5861439161592794
11538,-0.012435005668791743
11539,2.301773689999958
11540,-0.9887773847004295
11541,0.19107508394215844
11542,0.5946295310248533
11543,-0.05499507238665524
11544,0.7750116638861348
11545,-1.420242389103712
11546,-2.4521058808957896
11547,-0.060644288595701035
11548,-0.8147696189272567
11549,-0.9614691723185038
11550,-0.35580100380055113
11551,-1.433952080650579
11552,-1.25621427918134
11553,0.37513683162410416
11554,0.7463365389907309
11555,-0.83689554623647
11556,1.1298670225891645
11557,0.42051879974645856
11558,-0.0036417177709917037
11559,-2.3163059223057956
11560,0.513665695301799
11561,0.8341013807404496
11562,-0.36761676650540753
11563,-0.19833643517113186
11564,-0.8247457602378105
11565,-0.8595843684667829
11566,-1.9050717260627752
11567,-1.1511241280226308
11568,0.673785409451384
11569,-0.7933278565520516
11570,-0.8083078469004703
11571,0.27543061519383016
11572,0.6214712827877551
11573,-1.1142147681419123
11574,-0.36456323331477875
11575,-1.0079072697326716
11576,-0.1604311984722112
11577,0.9697227446576214
11578,0.46330639374518384
11579,-0.5190399762938456
11580,-0.4745779841262009
11581,-1.3030081821265616
11582,-2.139227614297215
11583,-1.619437165395096
11584,-0.26433793806051104
11585,-1.7480544677028054
11586,-0.07054610857957425
11587,-0.4834538135508246
11588,-1.786264834536416
11589,-0.8120795427745116
11590,-0.003544197774365293
11591,-1.7799217557512144
11592,-2.3822922506407265
11593,-0.1091224996554826
11594,1.08942377289438
11595,1.6976531281280218
11596,-0.07672688965215846
11597,-1.9577097360223474
11598,-1.7273537567232315
11599,-1.1833988857474251
11600,0.11495345185227684
11601,-0.10144815108741267
11602,-0.3386686989234353
11603,-1.6985484222925207
11604,0.6152293905760373
11605,0.8384980785722316
11606,0.16057888218881256
11607,-1.522954986358336
11608,0.40067315761570954
11609,-1.6329098275139025
11610,-0.4594328707241979
11611,0.4974259489091961
11612,-1.1198332689598722
11613,0.3511914455445626
11614,-1.1957023179511046
11615,-0.4003180366310841
11616,1.8481342121310917
11617,-0.5429628831493956
11618,-1.2599789828469947
11619,-1.1527166961384783
11620,-0.9124330380578334
11621,0.2961901493346173
11622,-1.7861209594345089
11623,-1.0692551022437689
11624,0.29145004174204964
11625,-0.5121962434251461
11626,2.057980947742577
11627,-0.6597704671219778
11628,-0.98401586428151
11629,-1.1575757572484229
11630,0.6651799741598468
11631,-1.4816694060418265
11632,-0.435955670523775
11633,-1.2531180242844595
11634,0.8251818478228367
11635,0.19515437379644907
11636,-0.7320767350106419
11637,0.9933208698592194
11638,-2.0175058720263808
11639,-0.7694840810850208
11640,-1.6170564456674303
11641,-0.5759377837957469
11642,0.2927195936090772
11643,0.013590596278124811
11644,-1.4034213552191765
11645,-0.6563951524608117
11646,-0.7393746960441596
11647,-1.2096118973852081
11648,-0.2676148288451272
11649,-0.0017809654806457687
11650,-1.9421706090037882
11651,-0.5689998405723412
11652,0.5925861259366181
11653,-0.04709212756381437
11654,0.5953535845680955
11655,1.1176805611608231
11656,0.017218408376507788
11657,0.6581935785025098
11658,-1.2053414113279401
11659,-1.6181046295998343
11660,-1.5117799965398122
11661,-1.164926170544823
11662,-2.1529143807649014
11663,0.5681798321614965
11664,-1.4182173682738382
11665,-1.8868138358293518
11666,-1.998530875652191
11667,-1.4383911301690195
11668,-2.6161707664857365
11669,-0.05617294666980577
11670,-0.22196091784236816
11671,-2.097312284097417
11672,0.9536540701029277
11673,-1.0754740279079142
11674,-1.1355196210471683
11675,-0.996017543102958
11676,-3.5442166097779335
11677,-0.07937211644894304
11678,-0.2342751429727276
11679,-0.929352182166552
11680,-0.23030869600757142
11681,-0.13844563834478452
11682,-1.349095804567186
11683,-1.1478397013472854
11684,-2.147405568998433
11685,2.3400752821142086
11686,-1.3697770982998803
11687,-1.1731480450029346
11688,1.0584650696479054
11689,0.09846859848108332
11690,-1.9321672975492667
11691,-0.2587263552180098
11692,-1.0341977376372082
11693,-0.7007773725250516
11694,0.8989691796246078
11695,-1.894715422606566
11696,-1.7667417313575728
11697,-0.7234263839053569
11698,-1.8849566675540603
11699,-0.7327995033084989
11700,-2.4307467613176073
11701,-1.5762697637199476
11702,1.5129633633425468
11703,0.3684298912656313
11704,-0.7178424950697211
11705,-1.361370635997512
11706,0.09024530099362693
11707,-1.8807486076290063
11708,-1.2349704514374307
11709,-1.2320857792538458
11710,-1.378865031189989
11711,0.29191655331594674
11712,-1.247654263191464
11713,1.1257800824095865
11714,-0.5022744554424475
11715,-0.3951060590553607
11716,-1.5670626043623237
11717,-0.12438109988722085
11718,-0.44650580688342667
11719,0.4317930288250575
11720,-1.328264501349978
11721,1.2075174087622458
11722,-0.23608729308600696
11723,-0.9020227808643215
11724,-0.5733807473987192
11725,-0.07362531294403593
11726,0.10251782028968726
11727,-1.9466993847424825
11728,0.42430215968438695
11729,-1.7093094835590406
11730,-0.6729598888006659
11731,0.3033805947998071
11732,-1.3108146780976437
11733,-0.4465965491580289
11734,-1.4640132123110714
11735,-1.6765449525904537
11736,0.2976628378153287
11737,0.10967426360457666
11738,-2.1629498111622123
11739,-1.3197546249339636
11740,-1.2164932541005957
11741,-2.636236518463485
11742,-1.1812197830058715
11743,-0.3357058291917202
11744,-0.09155182714904592
11745,-0.6449893562414478
11746,0.7122167646700309
11747,2.571381591646036
11748,-3.20516374800514
11749,-2.2230228190557897
11750,-0.3371700262487487
11751,0.7891860553540596
11752,-2.140873964696715
11753,-0.30609221808497233
11754,0.7063988518297961
11755,0.3071344208501152
11756,-0.7673686054903321
11757,-0.535136342840139
11758,-0.25772915114368566
11759,-0.8195550950958819
11760,0.7576635472172679
11761,-1.3050216662733307
11762,-1.4341579683142818
11763,0.13602984059380266
11764,-0.6512708805453105
11765,0.7952117330705932
11766,-2.663092309319185
11767,-0.7137775064514493
11768,-1.2922178800548272
11769,-0.41376385451555836
11770,0.18850861511639544
11771,-2.2511624928860376
11772,-0.8858289438137517
11773,0.6567387096373898
11774,0.10638098496557546
11775,-2.0782937067441725
11776,-0.982702607265293
11777,-1.810110424117212
11778,-1.4778994620368555
11779,-1.0531907067694342
11780,0.0733546357143397
11781,-1.7788673925096554
11782,0.10817949076495514
11783,-0.7118846091298717
11784,-1.842351004460524
11785,-0.452911185280255
11786,-0.2969536154022536
11787,-0.08208141326880347
11788,0.07340913788030434
11789,0.0874299446292698
11790,-0.22550316393558179
11791,-2.417592905839348
11792,0.7679764853120861
11793,-2.0759521345109766
11794,-2.00927370852098
11795,-0.043266356787996285
11796,0.6029869561855257
11797,0.1673877217804438
11798,1.2270940334502112
11799,0.2488265469152745
11800,-1.213639061080572
11801,-1.7170275143355758
11802,0.811931854504429
11803,-1.383123126353937
11804,-0.5978029954750533
11805,1.3716193835954578
11806,-1.033384491769774
11807,-0.7064842127260608
11808,-1.33652158730655
11809,0.019905280431495226
11810,-1.5662305701073005
11811,-2.6839643969807048
11812,-1.7184127431750493
11813,-0.08102047776685284
11814,-1.3612542188049273
11815,-0.4617953895773401
11816,-0.5701415890320964
11817,-2.3286424456124704
11818,-1.1742793300158747
11819,0.5524011986694758
11820,-0.11580148217808528
11821,-0.507670320619658
11822,-2.6140593579761413
11823,-0.48320259960894685
11824,0.9900811104282368
11825,0.11335626832875789
11826,-1.2914564744468056
11827,0.6578267584838104
11828,0.20424818550333546
11829,0.905669826250395
11830,-0.06488248321135809
11831,-1.995588876358661
11832,0.04554552087927263
11833,-2.2669439003495606
11834,0.4323762917327265
11835,0.733213228905587
11836,0.1617100132417807
11837,-1.7509727261196477
11838,0.35420717280828795
11839,0.11413378336519114
11840,1.2294098681022343
11841,-0.8312107934977182
11842,-0.7958747225111596
11843,1.0107237786226582
11844,-0.03976506289990467
11845,-1.7595447141934888
11846,0.44992303279862494
11847,-0.46871017815785865
11848,0.21900594565366427
11849,0.1305486043519526
11850,0.04848330849928373
11851,-0.05008143649664515
11852,-0.6261431368612485
11853,0.2596665683271995
11854,-1.3692132809183915
11855,-0.3782518027308277
11856,-2.222641604849325
11857,-0.2542648567418473
11858,-0.3499743781446814
11859,-1.1602571331613625
11860,-1.7324501846947507
11861,-3.016683823175038
11862,-0.9864754063612495
11863,-2.262897058154631
11864,-0.42372136454265613
11865,-1.5151097743055935
11866,0.6261052985590103
11867,-0.15092950597942612
11868,-1.2770598757206764
11869,0.39419532967279225
11870,1.453258479517341
11871,-0.14223956081406192
11872,-0.1324532163122818
11873,-0.8946497107447036
11874,-1.645454196084342
11875,-0.4498095675163963
11876,0.376413154748382
11877,-1.5282403833045377
11878,-1.5048458628213166
11879,-1.1502642063617743
11880,-1.4197713860599817
11881,-0.5559820310120256
11882,-1.2759720786129314
11883,-2.296837472320207
11884,1.059697136462098
11885,0.10480746401355151
11886,-0.3050152998083201
11887,-2.5866426577969217
11888,-3.0232822418065517
11889,0.18888603329613485
11890,0.16459011060011963
11891,-0.40940988679382456
11892,0.021739052419581656
11893,0.23349771280312526
11894,-0.8354282738410402
11895,-2.048011907008754
11896,-1.0594155043240963
11897,0.7329797407296363
11898,-1.1885621510750364
11899,-1.8884893980760025
11900,-2.5461389320155847
11901,-0.3733008070276349
11902,0.27814444943084726
11903,0.3732858064153606
11904,0.34243877649044735
11905,0.456344425714829
11906,0.8688025690599088
11907,-0.9693468234758541
11908,-1.2244644088901162
11909,-0.0001638212091318314
11910,1.070685244959611
11911,-0.1490317916105629
11912,0.019246103063269016
11913,0.28746835927963366
11914,-0.7211178562009363
11915,-0.2727114517802145
11916,0.027240051698434298
11917,0.33578037843083236
11918,-1.17513832902087
11919,-1.8765165269079531
11920,0.006935155259753745
11921,-2.2386307825538583
11922,-1.075680512869343
11923,0.2388667794623761
11924,-0.6090633408997146
11925,-0.033354245081497966
11926,-1.5444126822542827
11927,-0.4200555031166687
11928,0.2149585523830858
11929,0.7021074556959135
11930,-0.0028420179570969317
11931,-0.8293693860567081
11932,-1.505090629583864
11933,-0.9997750581265022
11934,0.4079639800377328
11935,1.2057515158614815
11936,-0.40235246300134775
11937,-1.1523208163353944
11938,-1.9647634877744924
11939,-0.9734439308312566
11940,1.2017263002018133
11941,-1.6633329821093965
11942,-1.4636714356921772
11943,-0.6353663772588183
11944,-3.111512344440108
11945,1.0177595894451024
11946,-0.9219371754036644
11947,-1.160030033109841
11948,-0.10165781011787817
11949,1.9232582597610188
11950,-1.8995129721810906
11951,-0.8137349876797272
11952,0.3162238678230094
11953,-2.379248176495779
11954,-0.587007621491159
11955,-0.6419413081606085
11956,-0.38707225546263696
11957,-0.7401339811240655
11958,0.3358586179389017
11959,-0.7564430954279948
11960,-0.3019157351717971
11961,0.6003453525457649
11962,0.06666093976359622
11963,-0.42758217430258216
11964,-0.416616080657194
11965,1.7545101921637798
11966,-0.3188228689588539
11967,-1.148244777358821
11968,-0.19842200194879567
11969,0.18431774297726722
11970,-0.42257609896839426
11971,-0.7085654759288987
11972,-1.234446688670749
11973,0.7889569873093472
11974,-0.46002983343512777
11975,-0.49760173710946276
11976,0.29294586405295164
11977,-2.29146283870637
11978,0.6563939790651392
11979,-0.17508302507121662
11980,-0.3757416717331299
11981,-0.38584247845900554
11982,-1.27715275943587
11983,-0.7009421773361078
11984,-1.14327692835236
11985,-0.2668488690867542
11986,-1.0408090659555613
11987,-0.837094772297502
11988,1.7336415348770446
11989,1.3852199718950975
11990,-0.7996278453345043
11991,0.6120782128161155
11992,0.04371815393994513
11993,0.1130046025816569
11994,0.4793675417236575
11995,-1.0048369396271652
11996,-0.33062915878483323
11997,-1.2659760353167258
11998,-0.8493899551537692
11999,-1.025321930222103
12000,-0.6304454137936315
12001,0.13654363461541752
12002,-1.9891389571261389
12003,-0.5366818989934687
12004,-0.34130406528261203
12005,0.480502891215018
12006,-1.6099064517163744
12007,0.06140076715407594
12008,-0.21927106190484613
12009,-0.8222647571846244
12010,-0.5294156142051509
12011,-1.0164911597023623
12012,1.083611991312614
12013,-0.06950871786271365
12014,-0.32930317102048523
12015,-0.3556043903400067
12016,-0.849849304529328
12017,-0.33610776076211213
12018,-1.5583553812822108
12019,-0.11892899290190106
12020,-2.6801400702996667
12021,-0.45941565280726593
12022,1.3056871325215798
12023,-0.7312064121812923
12024,0.18577853613772144
12025,1.9127079945933605
12026,0.36543258937096346
12027,-0.15193837774386343
12028,0.5302116281792504
12029,-2.164563025087711
12030,-1.49973601686767
12031,2.021192467896402
12032,-1.0838109359491939
12033,0.518647097771396
12034,-0.0451094347332085
12035,-1.8041747564267825
12036,0.13513368138551385
12037,-1.057814967433283
12038,-0.6136630508456025
12039,-1.1516374045049245
12040,0.6437221441111258
12041,-0.1468478552930924
12042,0.1343021660282253
12043,0.34335780290971096
12044,-2.343904978148822
12045,-0.5179721738417536
12046,-1.0692063572250343
12047,-1.3947732565258644
12048,-1.245220597400682
12049,-0.6169855728286529
12050,-1.4736415415408373
12051,-2.1725566165056347
12052,-1.698078601521987
12053,1.3826705342082266
12054,-0.036225357252037016
12055,-0.6696604192544533
12056,0.702596292427958
12057,-1.834713089772596
12058,-0.2863949395460315
12059,1.1245977391006554
12060,-1.006746899254746
12061,-1.8090340241131493
12062,-1.399833172956224
12063,-1.2285176485375748
12064,-0.110434631308721
12065,0.3234181225357812
12066,-0.35879071986562094
12067,-0.7353654197968353
12068,-2.6046938784007336
12069,-0.675623312175598
12070,-0.16133963113141492
12071,-1.1740743103216595
12072,-1.068733110244518
12073,-0.4969574565926741
12074,-1.8889383162183988
12075,0.9012886808614731
12076,0.03061717366332653
12077,-0.18426485164746287
12078,-0.6422866336716767
12079,0.5888013418086587
12080,-0.9573411702351133
12081,-0.3314566768767053
12082,-1.4275304650761609
12083,-1.4902150514628278
12084,-0.9105799253864367
12085,-0.06726024063580593
12086,-0.4907861632188064
12087,-1.1578805678084236
12088,-0.43829282315225493
12089,-2.4902140791381493
12090,-1.6065843596557143
12091,-2.3124368697858464
12092,0.8605685344521365
12093,-0.5600476643552856
12094,-0.44601794850721144
12095,-0.6895367312231373
12096,-1.9693183039341169
12097,-1.4784380813257179
12098,-0.08464508844541929
12099,-0.5409908877942428
12100,0.367855748363824
12101,-0.23040681529652568
12102,-0.2950413344467917
12103,-1.1277898339405739
12104,1.2953669480968109
12105,-1.171481226196267
12106,-0.5459311296847101
12107,0.08421424319217385
12108,-0.05450324800864337
12109,-2.6171884332163278
12110,-0.5690109541165607
12111,0.5559254340656221
12112,-1.3443971643198611
12113,0.8258333405108357
12114,-1.5610832929682676
12115,-2.736675352813528
12116,-2.0770207288374003
12117,0.6949555061142378
12118,0.7053316084302714
12119,1.316996906397076
12120,-0.886813953243716
12121,-0.43230912105439123
12122,0.5077613039925544
12123,0.2420538064287967
12124,-2.5275204048120843
12125,-0.941297288310426
12126,-1.0582634002788476
12127,-2.1133757715395807
12128,-0.9220029553226952
12129,-1.8430394291492775
12130,-0.4774502437680488
12131,0.19554732370499547
12132,-1.2938489221460823
12133,-0.39635018396989136
12134,-0.5782266729944384
12135,-0.7253777320700009
12136,1.5672965180542953
12137,-0.9471582523416624
12138,-0.3978503594140964
12139,-1.0744431117263027
12140,-0.05834012175569514
12141,2.1497397524498534
12142,-1.2322814595985851
12143,-1.508490786298248
12144,-0.7390030496641913
12145,-0.923035439000427
12146,-1.135220596209142
12147,-1.8905881312588044
12148,-0.06173289729217557
12149,-2.532486701374824
12150,-1.4890218374210091
12151,-0.894202560629152
12152,-1.4255704605603796
12153,-0.15623626060114681
12154,-2.3930360367472154
12155,-0.39567574112773723
12156,-0.43176107047369255
12157,-1.4320027206763604
12158,-1.7135491940085055
12159,0.3115421816088282
12160,-1.1076746179624433
12161,0.3681453719702748
12162,-1.632654870657616
12163,-2.082683854587501
12164,-0.00623207776659096
12165,-0.5058237229766644
12166,-0.3239460670437849
12167,-1.70522720481516
12168,0.679592242045284
12169,-0.3545210663163427
12170,-0.735588648808023
12171,-1.5703166433356677
12172,-2.9344936904217658
12173,-1.316810082062897
12174,-1.256957663211738
12175,-0.12440549106499221
12176,-1.4182999249100008
12177,0.6226901513016191
12178,-0.27925913989583484
12179,0.021826787060483577
12180,0.23753172063905004
12181,-0.632535684625358
12182,-0.2691472689161849
12183,0.5413301134686632
12184,-0.32088282550406577
12185,-0.7280149104360966
12186,1.6600088677366445
12187,0.5525248161501094
12188,-0.30760049305034426
12189,-0.038269733432837016
12190,0.5795195073388867
12191,-0.817871197180976
12192,0.8821882226907203
12193,0.6543571428384465
12194,-0.7493750682594637
12195,-2.259803985545107
12196,0.31866665694498375
12197,2.262791032616872
12198,0.6699378090792061
12199,-0.27249453920972627
12200,-0.10401521894196797
12201,2.2412377447516088
12202,1.32280879534408
12203,-0.14540385999452304
12204,0.0910534247595054
12205,0.45133867698282737
12206,0.6806286171449578
12207,-0.7529047522728868
12208,-1.7826154089152968
12209,-0.6889443024730466
12210,-2.9711040886982865
12211,-1.4941026958644537
12212,-1.114700812008262
12213,-0.5898821996036501
12214,-2.860219815695161
12215,-2.1841114811675957
12216,1.0285727548756014
12217,-1.2065811527193002
12218,-0.024916263020517748
12219,0.23168533689277648
12220,1.226931840337536
12221,-0.8723628334700702
12222,-0.13372061122945064
12223,2.6447237215956116
12224,0.15787781419486874
12225,0.5127418500361326
12226,0.25054378376508013
12227,-1.4139229018741681
12228,0.33274296238709555
12229,-1.8795808771597993
12230,0.9655757605811651
12231,-0.7658382810862965
12232,-1.139181979996986
12233,-0.8837913191242474
12234,1.2418731673511973
12235,-0.398373186070524
12236,1.7908583929714879
12237,-1.0803813567875327
12238,0.6531595260084059
12239,-1.4464954788694493
12240,-0.9357637776518675
12241,1.1497955451217592
12242,0.10949709819230818
12243,-0.10911325995462362
12244,0.9626566067510733
12245,0.9945077970128273
12246,0.1519656244039899
12247,-0.10629884977315618
12248,-0.6258027591388404
12249,-0.6247035988738107
12250,-0.9794991252358277
12251,-1.8034698896570978
12252,-0.6851322023399329
12253,-1.6032148787075018
12254,-0.5209872374128435
12255,-1.6323324221256523
12256,-2.1879232962034756
12257,-0.7456805433941807
12258,0.17367131868209518
12259,-1.1648571010128852
12260,-2.0821316974937285
12261,0.09289585286422986
12262,-1.1773801666028207
12263,-3.4567141057697452
12264,-1.0182720820882665
12265,-0.6261530480552416
12266,-0.6387111670122527
12267,-3.839448160356114
12268,-1.5343691542305002
12269,-3.4285250915811964
12270,-0.7804745474315351
12271,-0.18588380922173436
12272,0.729537569665715
12273,-0.3478474967520485
12274,-1.5495761329543072
12275,-0.05788662576559478
12276,-0.3419389133817031
12277,-0.011837908177118772
12278,-1.8478664306122092
12279,-1.1074575857635531
12280,-1.0004490380138014
12281,-0.44711544214186916
12282,0.0050910445374577895
12283,-2.678765242484157
12284,-0.2323637366553697
12285,-1.3708421792139096
12286,-1.2255931628711492
12287,-1.2805428866508632
12288,-0.7256400293461843
12289,-0.7443020110642982
12290,-0.3800733461111963
12291,0.9642158929304527
12292,-0.801049535153419
12293,-0.2358757375517115
12294,-1.523580099497744
12295,0.5136100423678123
12296,-1.386606924691578
12297,-0.8584598820164066
12298,-0.7630970197039435
12299,0.763560017869066
12300,-0.264520444203032
12301,1.8328675584293097
12302,-1.0183691201633924
12303,0.8080720691384824
12304,-0.6322413941741185
12305,-1.1599520064745912
12306,-1.28589973682337
12307,-1.0860059983208326
12308,-1.0539038587583975
12309,0.42653424909082366
12310,-1.315208784011007
12311,0.444144223103203
12312,-1.952048272698319
12313,0.6423578753493357
12314,-0.8679401459267259
12315,-0.8927104193277787
12316,1.3011931002996178
12317,0.6029672777751149
12318,0.14090393284304725
12319,-1.6090060350051476
12320,0.37889526078171143
12321,-0.5706295967828725
12322,-1.490593454121413
12323,-2.5114930268872815
12324,1.2813492818606742
12325,0.6634858479777804
12326,-0.1087664280942594
12327,-0.018181152631024516
12328,0.9744842746753641
12329,-1.6487059898761023
12330,-1.0745243563339595
12331,-0.3621740495794703
12332,0.1890682975765033
12333,-0.9227984281341179
12334,0.22756734637886644
12335,-0.6507830270142188
12336,-1.5242208097535435
12337,1.515952644682012
12338,-2.1893467260216615
12339,-0.7131306849041033
12340,-1.49891073173765
12341,-1.442567688869028
12342,0.7165277978493847
12343,0.8552857145693198
12344,-1.709830567555885
12345,0.3252551821721828
12346,-3.1410978456204197
12347,-3.6561431475343977
12348,-1.1648313205033276
12349,-0.45978551409565405
12350,-1.6343347193050581
12351,-0.899749206196452
12352,-2.205953729695385
12353,0.973163376536993
12354,-2.6283300424877623
12355,-1.2540948783591692
12356,-0.9727876577046161
12357,-1.539619958140842
12358,-0.793488794734547
12359,-1.5927970677695396
12360,-0.5942059219819811
12361,-2.5676706820512174
12362,-0.24126244418649412
12363,-1.4963656704595745
12364,-0.9239902909335819
12365,0.9284306069236072
12366,-0.3659315525334497
12367,-0.7212335187871681
12368,-1.0747251182455413
12369,-0.495556676294033
12370,0.6936260887105823
12371,1.6024752528395743
12372,-1.2190407657147795
12373,-0.2656182082975407
12374,-1.4379786465563384
12375,-1.3004979140525141
12376,-0.7938004785677459
12377,-1.9683908641137169
12378,-0.47569318722561355
12379,0.021790873463851
12380,-0.09872163785042892
12381,-1.1423490925058077
12382,0.8121360798775363
12383,-2.1858371113817743
12384,-2.1702795868732836
12385,0.6662211615717526
12386,-0.019047280423823032
12387,-0.8489606752828781
12388,-0.7658212128021207
12389,-0.6107611662741758
12390,-1.9132665130992357
12391,-0.8937501878715324
12392,-0.9304209835349496
12393,-1.8169612630532859
12394,-1.190420082643509
12395,-1.7756466459695224
12396,-0.8709737615693225
12397,-1.8669242255973046
12398,0.46630683891681846
12399,1.0452678290436532
12400,-1.334368807013329
12401,0.9579208290230847
12402,-0.980634969861629
12403,-1.9336547784586333
12404,-1.442587713726238
12405,0.0044841967075799904
12406,-1.1827735426055181
12407,0.24890514728005741
12408,-0.6829974171816275
12409,-2.2196414035740735
12410,-2.0431163994906956
12411,1.7686435679664898
12412,0.4993736170365275
12413,0.10295825545345699
12414,-1.1695891659154427
12415,-0.04973443182079795
12416,-2.168143221914403
12417,0.9343755352793822
12418,-0.2251589075180349
12419,-0.9225014373524367
12420,-0.9910715383416903
12421,-1.6068005578965283
12422,-0.12590921423206203
12423,-1.7785890358952754
12424,-1.7075464411421706
12425,-0.10333565092069164
12426,-0.3171146640694043
12427,0.09833772261114859
12428,-1.8071931480589485
12429,0.0466606452227685
12430,0.4770891933235899
12431,0.039943179825939756
12432,-1.4538436641196961
12433,0.9326366282032289
12434,-0.9158925337700099
12435,0.7760017564194472
12436,1.1502882068171638
12437,0.09591744902277566
12438,-0.915201969897391
12439,0.9586857962447688
12440,-1.6012270905909922
12441,0.2193845801007775
12442,-0.09697808895442694
12443,-0.9447841517498713
12444,-1.545118800604432
12445,0.08903802793458548
12446,0.0627279844087063
12447,-0.7406753411837848
12448,0.10283110757995334
12449,-1.3112722407610102
12450,0.481644757904897
12451,-0.9065309796648128
12452,-0.9262568684270077
12453,-0.797015600842921
12454,-1.356874857152237
12455,-0.2922098119927855
12456,-0.9137836261435381
12457,0.24454462232521162
12458,1.3038931129954268
12459,-1.1111096053145442
12460,-0.6648106489068172
12461,-0.7436039064973424
12462,0.020382237133318437
12463,-0.661620954309953
12464,-0.3238078406128819
12465,-1.8700071961735478
12466,-0.4601821004337599
12467,-0.19184457203412902
12468,-1.393564131003265
12469,-1.1284019817794408
12470,0.42329432251058624
12471,-1.5515983473026513
12472,-1.5770184150640838
12473,0.42424892100057754
12474,-1.3683547481039273
12475,-2.575524797205115
12476,0.26353197573949605
12477,-0.8749162313183628
12478,-1.755978755156241
12479,0.8397396842347233
12480,-2.5912895386420756
12481,-1.5538646111426384
12482,-0.08652014208150227
12483,-3.120268790800159
12484,0.05613823104760618
12485,-0.8270760333125781
12486,-0.29603702181776637
12487,-0.5645695863085878
12488,-1.7543320766951753
12489,-1.4024668205591075
12490,-1.453674329877411
12491,-0.7251994040379071
12492,-0.7461282359053723
12493,-0.5281045469328887
12494,-0.7592627321494742
12495,-1.52413481458597
12496,-3.1270155884941633
12497,0.22404435397666322
12498,1.8264357335495185
12499,0.10216986829968944
12500,-0.9104650112476018
12501,1.4230262057407579
12502,-0.3797647453175227
12503,-1.915269420263141
12504,0.040423317500021816
12505,0.12915529564299835
12506,-2.223974939423041
12507,-2.461309773529549
12508,-0.7827830145844501
12509,-0.8948315638287162
12510,-0.08327233309129856
12511,-0.5876314243369187
12512,1.2441284308284524
12513,1.0265752607872773
12514,0.3172990419961266
12515,-1.2496921260715483
12516,-2.2491954010204043
12517,-1.400936132569728
12518,-1.370232411612387
12519,0.42517821987050364
12520,-0.5900633608247627
12521,-0.907905664039311
12522,0.002475356444803012
12523,0.4928257170815664
12524,0.9022711228299516
12525,-0.6264373766739457
12526,-0.905964590996171
12527,-1.026965668081117
12528,-0.6616722920571101
12529,-2.385055066518506
12530,-2.2322696084797577
12531,0.12009334745336242
12532,-0.15179596306911336
12533,-0.1601953220078911
12534,-1.5566922419835592
12535,-0.25756743808619137
12536,2.5152216502344715
12537,0.6746123026220915
12538,-1.0481712940037224
12539,-1.406379954766351
12540,1.235264259388993
12541,-0.17995397672570415
12542,-1.1347247438876455
12543,-2.1413995554295444
12544,-1.0152011410566897
12545,-1.410084849794768
12546,-1.8834929154444233
12547,0.485730041963368
12548,0.5483643711458036
12549,0.24513024265785954
12550,-0.121826338988832
12551,-1.5576791428070358
12552,-0.3190632459451199
12553,-0.003825107910811254
12554,-0.3846090593299806
12555,1.405537802965233
12556,-0.9190781669063631
12557,0.16205642885259341
12558,-2.22266564401997
12559,2.3130192037582744
12560,-1.5082787215605735
12561,-1.6875251651836205
12562,-1.692969105423496
12563,0.4011734483409256
12564,-1.6095717302304413
12565,-0.8259290583556683
12566,-0.10934447665327662
12567,-1.1982677677994658
12568,-0.6319316579074226
12569,-1.3810275426633765
12570,-1.1963925253665377
12571,-0.8314104172612582
12572,0.9403455318433753
12573,-0.35343698255168904
12574,-0.97736722611344
12575,-0.3025864883465035
12576,0.596560934802248
12577,-0.09756115377101138
12578,0.48767877922108327
12579,-1.1383401602253227
12580,0.9971928884189789
12581,-1.5808800056979377
12582,0.10796864658315763
12583,-1.2579704794166686
12584,0.9622137232136467
12585,-0.5975709701394625
12586,-2.0136411423404783
12587,-1.0297286181070568
12588,-0.4612242190907479
12589,-0.5102977026742136
12590,-2.8371080450804245
12591,0.674774482705794
12592,-0.6701750122449188
12593,-1.8554883205127375
12594,0.021232978130220792
12595,-0.9249797489240517
12596,0.4782303834384737
12597,0.2864479085490527
12598,-1.9563734313536472
12599,0.09936118007801209
12600,-1.138140861700815
12601,-0.43348933209114326
12602,-0.3397769264274165
12603,-0.09446826488054144
12604,-0.3732226221416532
12605,-0.14947120337866796
12606,-2.249170794388106
12607,-0.7544064867721615
12608,-0.47215549007841
12609,-0.8454786481473002
12610,0.78225814370856
12611,-0.7902124066688865
12612,0.41973866604308946
12613,-2.2726016844245187
12614,-0.8631532601493814
12615,-0.7365869443717066
12616,-1.9467178382776105
12617,1.1943201823534275
12618,-0.9542079977952271
12619,-0.3413830544076193
12620,0.8940164818915886
12621,0.972780212941796
12622,-0.28557718407962307
12623,-1.0850107299604494
12624,-3.0358617464621593
12625,-0.5285544682802568
12626,-0.6318223194800779
12627,0.8071289387051159
12628,1.3322882182168727
12629,-2.2795418154726104
12630,-0.32828039751750365
12631,-1.3527581531303152
12632,0.823005450324739
12633,-0.548858858306662
12634,-0.014032797791534879
12635,-0.6743601555833367
12636,1.1545093237083812
12637,-1.0023495940449294
12638,0.4618741861994389
12639,2.0403860241625265
12640,0.24250430853643157
12641,-0.7968526161034059
12642,-0.9578599388820781
12643,-0.8180898298444509
12644,-0.4876218169723785
12645,0.35592001691571507
12646,1.4243254211865657
12647,0.07065684232253577
12648,-0.15127454566159337
12649,0.11205698145916498
12650,0.8332781087904618
12651,0.7907848911579161
12652,-0.8482062877608717
12653,-0.7903886188663606
12654,-0.7785541159633227
12655,-1.0828683850433833
12656,-1.399710438063018
12657,-1.0153371998663918
12658,-1.8359338213928802
12659,-0.31979431550314985
12660,-2.4050609399694656
12661,-0.3715944529461877
12662,-1.1868370780041204
12663,-1.1348503543013833
12664,-1.4298656062741353
12665,-1.281896663191817
12666,0.37275348733468516
12667,-1.2219790071265835
12668,-0.7407622127645723
12669,0.47012355943697415
12670,-0.35897509819509116
12671,-0.5240257041225589
12672,-1.464691066891925
12673,0.5488446577858577
12674,0.9586914109863893
12675,0.12635054934675438
12676,-1.0340762320272532
12677,-0.06437605220051323
12678,-3.121875416011033
12679,-1.2408929259018642
12680,-0.5601588131448078
12681,1.7682756889891855
12682,-1.692747804164198
12683,-1.4639951468887542
12684,-0.7394150466567444
12685,-0.6745569558741058
12686,-0.06423607328225056
12687,0.2609078823360872
12688,-1.4410663173439324
12689,-0.4834193890920493
12690,-0.2940617304798243
12691,-1.599675639575485
12692,-1.7020469869551107
12693,-0.228443563243588
12694,-0.8992085521041447
12695,-0.4421132606789346
12696,0.6474019499011013
12697,0.3177443545599664
12698,-0.05745607629132787
12699,-2.3530584946948796
12700,-1.4456717772653491
12701,0.5591327259370548
12702,0.6182684995001035
12703,-1.9838976014573426
12704,-0.09949519820201475
12705,-1.4140828384477828
12706,0.8648436897386451
12707,-0.7920319658043573
12708,0.12146303256558774
12709,0.847044471353174
12710,0.7890436634082757
12711,-1.012076625004481
12712,1.1013903663195606
12713,-1.1119897284667886
12714,-0.22723711092151797
12715,-0.804024169339908
12716,-0.06573819355123622
12717,-1.5301659341649636
12718,0.23865153595404487
12719,0.36000832823454737
12720,0.8383633420095606
12721,-0.35718212444878084
12722,1.8724217631745241
12723,-0.8546214409840656
12724,-0.2851946459167972
12725,-1.4490788358590645
12726,-0.2022401803665395
12727,-0.39069472647894665
12728,-2.412589183942007
12729,-0.5350650486718412
12730,-0.2721679778297754
12731,-0.047611216275144086
12732,-0.6697498077945918
12733,-1.6040287226633936
12734,-1.7185364559414267
12735,1.0480032433039232
12736,-1.0994307168023087
12737,1.0337262577120423
12738,-2.7811027934653896
12739,1.4928969341375313
12740,-1.550322525192701
12741,-0.8372002509553566
12742,0.2531603453045045
12743,-0.2863053568237939
12744,-0.7665904497155319
12745,-2.6521364601974105
12746,0.011968954162725032
12747,-1.448567802869964
12748,-3.533796802916308
12749,-0.8651587068484855
12750,-0.2621260801122445
12751,-1.424205681991647
12752,-0.46193477871446176
12753,0.03499464235854255
12754,-2.887506004745626
12755,0.8322420545073304
12756,-0.6014088427591502
12757,2.7696303143321237
12758,0.8735279818265187
12759,1.1731298947598554
12760,-0.49001186259567736
12761,-0.9952295822146775
12762,-0.061343979828826334
12763,-0.32517543649030123
12764,-2.12778847269516
12765,0.5835251188433261
12766,0.23662335767364676
12767,0.034215087317927106
12768,-1.0880461441142528
12769,-1.7752429762869184
12770,-1.694193880794227
12771,-1.0107308019302133
12772,-2.782209381076663
12773,1.4355363767689489
12774,0.8363244473758861
12775,-1.2911695023150722
12776,-0.45409822851696385
12777,-1.1711928915939946
12778,-1.0362015371822382
12779,-0.7277861128167435
12780,0.1656452158166441
12781,-0.9424255882173723
12782,-0.1583141692970136
12783,-0.1212940083590821
12784,-0.1697402967459561
12785,-0.4586585804935775
12786,-0.4146555706639513
12787,-3.1912732084244357
12788,-0.7659175250297442
12789,1.0745814653536339
12790,-0.03613331749377652
12791,0.9138026443222365
12792,-0.5144821602208149
12793,-1.0844332819119435
12794,-1.0451525228301553
12795,0.07208975119891833
12796,-2.0624433716004775
12797,0.642446308382166
12798,-0.6880468898342202
12799,-0.9491947059394052
12800,0.8872002066370577
12801,-0.41416552824003194
12802,-1.2960766247533413
12803,-2.383712629178893
12804,-1.9029219761025846
12805,-1.160664342924358
12806,-1.5786576560404009
12807,-0.485539487378955
12808,-1.8633011665725183
12809,-2.5615648274592626
12810,-1.469838247949852
12811,1.0332575428606237
12812,-1.0950968134979127
12813,-0.4042037514760093
12814,-0.43847839951800016
12815,-1.2845498628555627
12816,-1.8888905359929264
12817,-1.2639613361390656
12818,-1.2635692375535184
12819,0.2499148833859044
12820,-0.8584532586328156
12821,-0.14585846823712909
12822,-0.633043525780237
12823,-1.1396961014077434
12824,0.30108274560855597
12825,-0.42099726056324327
12826,-0.8973376275016124
12827,0.9764126354472312
12828,0.5953997686201592
12829,-0.9499127389909692
12830,-0.4786485068287917
12831,-0.6557293604496435
12832,0.16078144768646518
12833,0.5902757498468882
12834,-1.6068163550798313
12835,-1.3143590370474683
12836,-2.171869140502068
12837,-0.9894897275489648
12838,-0.04389883307969911
12839,-0.6070838184504136
12840,-2.1164461527195804
12841,-0.5269784363883637
12842,-1.2542723492478434
12843,-1.1843133046647456
12844,-0.7061718951152043
12845,-1.7568612388027942
12846,0.8315420754350049
12847,-2.776335277879821
12848,-0.32554513968239784
12849,-0.3618320986983006
12850,-1.163808696469137
12851,-0.8182879778209867
12852,-0.9382550951123112
12853,0.2067511247564
12854,-0.36227651716621295
12855,-1.837306051250462
12856,1.07093741901724
12857,-0.15788170005012947
12858,-1.3596087426400163
12859,-1.357232234825337
12860,0.5793222746872831
12861,-0.3710904682641183
12862,0.29242723649291835
12863,-0.11822535160546793
12864,0.5154078456875667
12865,-0.03845609855766369
12866,-1.0116771453743547
12867,-0.6987081353439539
12868,0.4838316238911724
12869,-0.14371260517498524
12870,-0.6083414986732631
12871,0.647465070273826
12872,-0.8605579575980417
12873,-2.28014629509239
12874,2.2535208731952827
12875,-0.7148322466964717
12876,-0.3912710273886409
12877,1.524692861125472
12878,1.0651769735012808
12879,-2.2715754247112714
12880,-0.7362409313578582
12881,-2.8568742391758337
12882,-1.4103600865886836
12883,-0.761133261528141
12884,-0.6204387390008168
12885,-1.7652532221650803
12886,-1.0350517412847275
12887,-0.2880679838279083
12888,-1.4996440287565722
12889,-0.5306969695498313
12890,-1.6786745773536034
12891,-3.3454168402906133
12892,-0.7304382819687953
12893,-0.5144663619960929
12894,-2.0280608654121357
12895,0.11447227574773439
12896,0.7212339546708013
12897,-0.3105552761409419
12898,0.12671213750878618
12899,-0.4932458204741892
12900,-0.993665787396286
12901,0.17955239042735505
12902,-1.400492500906618
12903,0.4237727907319895
12904,-0.9260465371499493
12905,0.27513334605192
12906,1.4872400455827617
12907,-0.4604140938688952
12908,-1.379802593136859
12909,0.4657509800937254
12910,-1.0133392596267612
12911,0.2945897550313734
12912,-1.149304496289463
12913,-0.5981982561289318
12914,-0.43027528000576537
12915,-0.8866991329446607
12916,1.340965342945944
12917,-0.8979449456589241
12918,0.03549106597196516
12919,0.6260962702183708
12920,0.21555241799199126
12921,-0.025039121073326787
12922,-0.7754110393361962
12923,-0.1343894932882761
12924,-0.1332717886598796
12925,0.4589257660175259
12926,-1.3147026002821152
12927,1.9854152856147205
12928,1.0833140404056678
12929,-1.7962758656017492
12930,-0.6656977099285639
12931,-1.4418238466717672
12932,0.6530585906640787
12933,-0.23740675825782265
12934,-0.1855699860942024
12935,-1.4931236757895752
12936,1.4377750029507899
12937,0.5570771041148911
12938,0.12942389673780136
12939,1.148886925649125
12940,-0.9286224183739322
12941,-0.8428680619854642
12942,-3.3540853620099327
12943,-1.3877813131445413
12944,-2.3179322860731086
12945,-2.7959061551231326
12946,-3.2395647343210707
12947,-1.0722334573689833
12948,0.2649648551369027
12949,-1.347890166936521
12950,-0.4407074981891748
12951,-1.9373751654784697
12952,1.1020229122052256
12953,-1.830437053826269
12954,0.2427148659415012
12955,-1.1534615974372895
12956,-1.6894376822326698
12957,-0.34077101501771834
12958,1.281286215515555
12959,-0.6541835169050385
12960,-0.1417809091293053
12961,-0.6819266073099666
12962,-0.7297138078603813
12963,-0.8191501506190395
12964,-0.9793337769715899
12965,-1.5659309494278841
12966,-0.4237931199133631
12967,-1.5340340690344414
12968,0.18602010698160637
12969,-0.9197275480505496
12970,-3.2259491758658547
12971,-3.8060110119938275
12972,-2.6217143319755642
12973,-1.3999855526744556
12974,-0.582892662418609
12975,-0.022777212687668857
12976,-2.414763529897492
12977,-2.7424118773578012
12978,-0.02678402921288292
12979,-0.11657393825203971
12980,-1.0484329220340587
12981,0.08050303659020386
12982,-0.8185404962403561
12983,1.2776535325284049
12984,-0.5471760685113298
12985,-1.8602428225673466
12986,0.42681850758078865
12987,0.05392864206778292
12988,0.17478173197704783
12989,0.693891466883099
12990,-1.6931851200096875
12991,-0.365596792772526
12992,-1.7333652838356508
12993,-0.2504206988646942
12994,-0.662880808741731
12995,-0.9605550104821203
12996,-0.8005715670992802
12997,-1.0436261973476801
12998,-1.234564359862473
12999,1.0888881567732995
13000,-1.7724791736033114
13001,-2.54025123653668
13002,0.013798632689223544
13003,-0.7662986054227046
13004,-0.237256787749605
13005,1.0405412352712466
13006,-3.3941941314203032
13007,-1.6918315374636408
13008,-0.16257486169345742
13009,0.07769399728546339
13010,0.961577473916512
13011,0.5435078471664934
13012,-0.37419157563332583
13013,0.12634444429902103
13014,0.46460836672610284
13015,0.3007996775221027
13016,-0.36131666073575697
13017,-0.4396629054292067
13018,-0.7815039265971034
13019,0.1812986872895732
13020,1.2010475879857836
13021,-0.5737563731785956
13022,-1.3652231376705521
13023,-1.1852261324017088
13024,-1.5869343309188382
13025,-2.0609492387440267
13026,-0.5726343496780943
13027,-2.250082930282977
13028,-3.2064126882859143
13029,1.298893666235415
13030,0.3839152355433536
13031,-0.6838548656779763
13032,0.11224150654164235
13033,-0.7512160209799141
13034,-0.2475203031671554
13035,-0.9487541529359793
13036,0.16246025001262954
13037,0.6082575638606192
13038,1.4827720188663027
13039,0.5851023337853465
13040,2.0699872922173737
13041,-0.27171459612410387
13042,1.6188840822856447
13043,-0.5087621582795046
13044,-0.29883377839759023
13045,-0.005149518865618485
13046,0.8640842038276672
13047,0.29553428125472325
13048,-0.06938994890674777
13049,-2.119928787788154
13050,-0.8060112383417571
13051,-0.28299967511352886
13052,-0.5912743864934225
13053,-0.17185300287849115
13054,0.28471486084153663
13055,0.13814051864590426
13056,-0.5648929390018697
13057,0.36969816739010714
13058,-0.2755086436322842
13059,1.1782522735424708
13060,-2.008178102217545
13061,1.7625197853191077
13062,-1.9478277107286353
13063,-1.4717540803013103
13064,-0.046010058537800935
13065,1.0550581358302806
13066,-0.8951853025215846
13067,-0.10904986490303475
13068,-1.304619074545978
13069,0.6703156972166746
13070,-1.8836201995579753
13071,0.1806434037888044
13072,0.6952827132174488
13073,0.4763724629102173
13074,0.38550835221821367
13075,-0.15229253590821584
13076,-1.7088854199295436
13077,0.7360727772584219
13078,-0.7953523939183462
13079,0.2833435931334623
13080,-1.055817224573138
13081,-0.3661847416729641
13082,-1.4173851257529324
13083,-1.8176040844864771
13084,-0.45865370460874827
13085,0.6693599763417644
13086,-0.3078086466879027
13087,-0.01966217385482194
13088,-0.9157434688032613
13089,1.1807637028624622
13090,-1.4472592074374564
13091,0.681665945132067
13092,1.375905850739497
13093,0.5671092506852724
13094,-2.4932354554496916
13095,-0.3491149654974238
13096,-0.1049306243989932
13097,1.0299053346226144
13098,-1.3889728907260384
13099,0.1198147789788903
13100,-0.5836891412592086
13101,-0.2909462922632756
13102,-0.31520387576115416
13103,-0.12770792767290917
13104,0.20397146414805056
13105,-1.1124441417186894
13106,1.121935223535045
13107,1.0653819116229528
13108,-0.17720252230617772
13109,-1.5252229635519476
13110,-0.517552346808607
13111,-0.18174638701959145
13112,-0.1989692876370388
13113,-0.9278916772728985
13114,-1.8200892236589634
13115,1.1767437598301256
13116,-1.3536813482255787
13117,-0.9890977837487754
13118,-2.901472430120601
13119,-2.4867882246878925
13120,-1.952640644238126
13121,-0.6301053676959254
13122,0.8864035349074849
13123,-0.05339580444285036
13124,-0.5355138358371704
13125,-0.6244142768858183
13126,1.3492341554950062
13127,-0.03213118587803154
13128,0.04106007556333685
13129,-0.28935579935623335
13130,-1.8857487922277585
13131,-0.32865898392142945
13132,-1.234377777150665
13133,0.6931929663122791
13134,-1.4857078869208837
13135,-0.7854901537557961
13136,-0.2606967132671211
13137,0.14140848920620241
13138,-1.1887735215868347
13139,-0.9590470058151602
13140,0.8828486684760878
13141,-1.3887769042835547
13142,0.1825830371714321
13143,0.08563904539830824
13144,-0.34298548468930157
13145,-2.111753999919617
13146,0.4571297259796323
13147,0.8790618975387664
13148,0.006834904535841457
13149,-0.39377921220125667
13150,0.007993456387778375
13151,-1.714028112511154
13152,-0.46388461582461904
13153,-1.1488108056154545
13154,1.477910953119291
13155,0.742974838734702
13156,0.4546353460371205
13157,-0.5496584295793308
13158,-0.1373384599806852
13159,-1.880007589455576
13160,0.692550610180187
13161,-0.03030948894439711
13162,-0.2600200693714887
13163,-0.8343340011238506
13164,0.7438144294630494
13165,0.989071402609767
13166,-2.3331439105535283
13167,-0.37307174514031893
13168,-0.42926158635430944
13169,-1.5517003080422382
13170,0.5372902123634751
13171,1.2145043921219651
13172,0.9102434673421873
13173,-0.25098314576559577
13174,1.4898392392886128
13175,-0.23635404400833898
13176,-0.756305027281164
13177,-0.3511583926066745
13178,-0.004193713771574181
13179,0.2032451148837376
13180,-1.410166451868973
13181,0.25019419445634183
13182,-1.2016851314857493
13183,0.2848736271359441
13184,-1.7899627802480291
13185,-1.7180978051909297
13186,-0.6325263173113957
13187,-2.1618895186432336
13188,-0.9408905576053682
13189,-3.71354708927242
13190,-0.7754969140651873
13191,1.3264844438158878
13192,-1.90818708873539
13193,-0.4878631516405693
13194,-1.286971126071879
13195,-0.3145591115410615
13196,-0.26158962643087913
13197,-0.3292060321415038
13198,-0.7817634514110606
13199,0.07864093344310069
13200,-2.3204404493625206
13201,-0.6839474522647617
13202,-0.7244686216958642
13203,-1.9311458087583768
13204,-0.5088655921839134
13205,0.43625598765797574
13206,-0.6511778076217241
13207,-0.725050109701128
13208,1.51203441360791
13209,0.5288528293338612
13210,-2.318237014829176
13211,-1.006176309705337
13212,-0.6974151775360008
13213,-0.20690802566928423
13214,-0.8017558025181106
13215,0.07472664382237837
13216,-0.7058874500130871
13217,0.5667735803552094
13218,0.5706347808290777
13219,-2.5326371649522548
13220,0.8058767972946761
13221,-1.353594093876736
13222,-2.6806765057691724
13223,0.41208713300639854
13224,-0.6021343720729004
13225,0.4306791090852794
13226,-1.0684341440721168
13227,0.6164496712099353
13228,-2.1957297343998112
13229,-0.15593387156017413
13230,-1.6770308673803065
13231,0.23592373852981896
13232,-1.3382977003106227
13233,0.19584086159474678
13234,-0.8509846521031086
13235,-2.0093550529989077
13236,-0.06507807205747662
13237,-0.562224867345154
13238,-1.4929408215729554
13239,-0.8195712781790222
13240,-0.7316986327464046
13241,2.333526113722845
13242,-0.8979279511629259
13243,-2.415089588767104
13244,-0.9560760736959479
13245,-0.4022803547012852
13246,-0.8733973417256787
13247,0.3295946267403259
13248,-0.049809954167844506
13249,-0.14718875824995892
13250,0.1893508706562106
13251,-1.454993153098766
13252,-0.3260696556816874
13253,1.1500293161793933
13254,0.20311471192155828
13255,-2.5058701120522464
13256,-0.16573247778635175
13257,-2.611568624460953
13258,-2.5156248365902925
13259,-0.8740796589298607
13260,0.6075711586567095
13261,-0.4512981016501661
13262,-0.6200640082907196
13263,-0.9887468496550487
13264,-1.387159014342867
13265,1.5099476118267514
13266,-1.8198932777221248
13267,-0.8859305244325142
13268,-1.9256561852613268
13269,-0.38762119476802315
13270,-0.9401304613776775
13271,-0.29416580291490924
13272,-1.9637321662269507
13273,-1.0389002021889249
13274,0.5463080393193313
13275,-1.8272579493266194
13276,0.05539263302123683
13277,0.3216505901957214
13278,0.14352351597411506
13279,-2.7355985076399967
13280,0.9369797926865939
13281,-1.4026950045522883
13282,0.5897172756328355
13283,0.7719937702704608
13284,-2.4187580633001304
13285,-0.8466693693333474
13286,-0.09516768436136336
13287,-2.20831810240255
13288,-0.7080295278913452
13289,-1.598214454232446
13290,1.377753922891442
13291,-0.21339355583057107
13292,0.8491620027327378
13293,-1.062223655257721
13294,2.367981148880117
13295,-1.650086588140884
13296,0.4150822472371024
13297,-1.1371005056787302
13298,-2.3763981916199226
13299,0.989702070222196
13300,-0.7999426092085234
13301,-1.610272237150897
13302,-0.5410621063648384
13303,-1.224550875402726
13304,-0.15434978292309695
13305,0.9206427605576735
13306,-2.1017675462414527
13307,-2.010827262471799
13308,-0.7704402096820288
13309,-0.33588610038153455
13310,-1.0556498248406578
13311,-1.5628281907743546
13312,-0.46302123849741256
13313,-0.4000433166512487
13314,-0.8550374347105407
13315,-1.7639315722342155
13316,-0.35952836494009366
13317,-1.1749051565809334
13318,-0.30618831787131406
13319,-0.15048638977344875
13320,0.27604242575659566
13321,-1.0713018482358225
13322,-0.6099362889865129
13323,-1.5864337279781875
13324,-1.8076601702130521
13325,-1.0230850468691302
13326,0.5875000695332018
13327,-0.05573619624671844
13328,-1.0929874795673982
13329,-0.46847282271100144
13330,0.4539899645727085
13331,1.1993114110990686
13332,-0.19324060710358504
13333,-1.103800850531985
13334,1.1638688993210515
13335,-1.007982793890756
13336,-0.24277829533463158
13337,-1.314949955236088
13338,-1.5107323824501875
13339,-1.910781004276984
13340,0.4805474080166995
13341,0.1493732559306396
13342,-1.5586217479371267
13343,-0.8916695977863108
13344,-0.16444488855813355
13345,-0.8783878856603373
13346,-0.6381218746042431
13347,0.28707704134233347
13348,-0.5254057554030092
13349,0.040679704539512695
13350,-2.1024120869868845
13351,0.14454635177930608
13352,0.004970098123702804
13353,-0.15105317798462276
13354,-0.9923342153723402
13355,1.006052954745018
13356,0.8879332630460504
13357,-0.7029167568612674
13358,-1.0006340947759873
13359,0.29688387168026714
13360,-0.7672266646269897
13361,-0.327770093824034
13362,-1.1393809680033644
13363,-0.7156263104244213
13364,-1.0740528484778413
13365,0.6201767570387955
13366,-2.1973819861529034
13367,-1.8255716924179293
13368,0.0020073231738761965
13369,0.5872885875467526
13370,-0.3551387667824241
13371,0.08939493274717336
13372,1.2968489480855956
13373,-0.3963452777093681
13374,0.7277958547401604
13375,-1.3321655989348715
13376,0.2370519980155371
13377,-2.2751785980475447
13378,-0.44221587683380514
13379,-0.4533581835143525
13380,-1.3211957765935907
13381,0.6130364363383258
13382,-0.07637467478174376
13383,-1.3736184432133403
13384,1.4254192975503468
13385,1.7124087307621787
13386,-1.723551415633198
13387,0.7771473776790845
13388,0.11443982037523903
13389,-0.014404660322001495
13390,-0.22320223856048999
13391,0.6807878042017449
13392,1.3012245685198605
13393,-1.030269142475848
13394,-0.7245566668222452
13395,-0.12907813040620497
13396,1.8466646793509005
13397,0.15968422727361714
13398,-2.0562380580411794
13399,0.1066805760261329
13400,-2.566740338484141
13401,0.19306532523352093
13402,0.12060900811916421
13403,1.7674090572902708
13404,-0.7022986302258004
13405,0.059105919188259914
13406,0.06800973852899306
13407,-1.7074491787877868
13408,-1.1435847273452704
13409,-1.6521460615196037
13410,0.1729052916832417
13411,-0.26081188157148305
13412,-1.5705796511819363
13413,-1.3786387322983413
13414,-1.2052794032297904
13415,-1.1110780069053035
13416,-2.89116776409755
13417,0.018547056058426103
13418,0.39337663164883024
13419,-0.4366306856813835
13420,0.8302473049326301
13421,-1.1266412127480985
13422,-0.85608345452956
13423,-1.2885086468390752
13424,-2.009007621333971
13425,-0.19179621745127684
13426,0.40884551281676584
13427,-0.0209296959509519
13428,-1.9795148600236168
13429,-1.4019347922554282
13430,-2.0125014831251584
13431,-1.3929997900252769
13432,-0.3961336955666123
13433,-0.8769359106917446
13434,-0.05252841202301356
13435,-0.9879386066554197
13436,-1.2361648907481224
13437,-1.572246570514554
13438,0.09510035031818986
13439,-1.5560051723131798
13440,-0.6455258025415983
13441,-0.11834073627031128
13442,-1.509730280883104
13443,0.4738362883573964
13444,-0.47385573881352716
13445,0.10723127999356352
13446,-2.231287451321453
13447,-1.1329688090736156
13448,0.9298877553260358
13449,-1.4633607029208644
13450,0.398891196185569
13451,0.06720204021195084
13452,-0.5541639411903467
13453,-0.23065528734605673
13454,-1.9422942114850332
13455,-1.225373996959903
13456,0.27012744162588165
13457,-1.99464101728496
13458,-0.2611294395976288
13459,-0.9894872984332541
13460,-0.5209815765541467
13461,-1.3397289096476697
13462,-0.1998911798754795
13463,0.8036764970784488
13464,-0.35260837306515513
13465,-0.19143691295624454
13466,-1.8832502023064341
13467,0.7425403196453497
13468,-0.5441951586000839
13469,0.2666718986881449
13470,1.349352283334087
13471,-1.6790031335557978
13472,-1.4231174177146806
13473,0.6446566684611458
13474,0.3076361099357735
13475,-1.2688826494126655
13476,-0.6255990033959055
13477,0.47147607715940776
13478,-0.06008994960612529
13479,-0.47116216219498863
13480,-1.6672601415468997
13481,1.3119292296063463
13482,-3.3446079376884326
13483,-1.6004875001321346
13484,0.19895465603266982
13485,0.6137695105440365
13486,-0.21405519476481258
13487,0.18415434969367672
13488,-0.8819485951646155
13489,0.1120692531818861
13490,1.2791867873975171
13491,0.661249457140929
13492,0.4084421108754186
13493,-0.8950496955615908
13494,-2.910103069791142
13495,-2.0928169671419665
13496,1.6334427796311737
13497,-0.6819677405914136
13498,-0.6800658172834863
13499,-0.3555282304101974
13500,-1.807636922745861
13501,-0.842053477776951
13502,-0.6845485021968661
13503,0.4032431527738951
13504,-0.567305682027899
13505,-1.7742134942871841
13506,-1.0649523271087913
13507,-1.8740630520316341
13508,-0.24174270820892207
13509,-0.9689733591625307
13510,0.3941426867600784
13511,-0.5539794347488839
13512,-0.9591223205989047
13513,-2.088622400620178
13514,-0.23815892457290355
13515,-0.4000989542658102
13516,-1.256266693877434
13517,-0.611825909046349
13518,-0.3316143234180837
13519,0.4016816743560819
13520,-0.14522649445726143
13521,-1.8087139988605772
13522,0.3624669572866458
13523,0.0032704990503305
13524,-0.14525354899316872
13525,0.4889670952751177
13526,-2.101252351709678
13527,-0.9343835007223222
13528,0.04760765304756698
13529,0.05893570075480316
13530,-0.5042973320337932
13531,0.14583938165696897
13532,0.3762405053921183
13533,-1.6179912505066683
13534,-1.0697058952535003
13535,-0.2893365336630552
13536,0.5261566835265101
13537,-0.41708330808667704
13538,0.18431648528686662
13539,-0.3224643275988973
13540,-1.647949919401082
13541,0.8794151348169263
13542,1.691766484552704
13543,-0.5983661037057315
13544,-2.065922578581178
13545,0.8819493108622531
13546,-1.0374150430644866
13547,-0.19441005259654698
13548,-1.5588847536475479
13549,0.5797960515909069
13550,1.5484034356107568
13551,-0.26192989099260333
13552,-0.7323478800958578
13553,-2.3385356872348284
13554,-0.7148807888970646
13555,0.3889112216705367
13556,0.2860349959455001
13557,-1.5146803984664878
13558,1.1059493723983356
13559,-0.04630554612179809
13560,-0.21435615995406376
13561,-0.36814015878823714
13562,-1.0285514964555766
13563,-0.9394664849360013
13564,-0.4742975199064816
13565,-0.7147504391935235
13566,0.8882223019275244
13567,-0.8791728243582454
13568,-1.4315570823956358
13569,-2.7671379682285377
13570,0.6111971789987292
13571,-0.5819654717075473
13572,-2.012072226329179
13573,-1.504392073031885
13574,1.6920258048187715
13575,-1.5999865325500733
13576,-0.6787472738896443
13577,-2.5124043388665958
13578,-1.2117400107663
13579,-0.20226042709720454
13580,-0.5100254034130289
13581,-0.21783700910802745
13582,-1.1107116522268534
13583,0.24318153682975
13584,-0.5195104561243461
13585,1.011817430132087
13586,0.20572710666191163
13587,-0.5922097481258769
13588,0.9332466978962615
13589,-0.9098881075845714
13590,-0.1417599491551691
13591,-0.8129950717282033
13592,-3.423547155397191
13593,-1.1553248160792562
13594,-1.9167995938467504
13595,-0.4839481677773483
13596,-0.28727352199627465
13597,-0.01179666813475877
13598,-0.06405190633907276
13599,2.1350976126977836
13600,-0.7117165466374018
13601,0.28513862627154074
13602,-0.08713198405477274
13603,1.3619156571222455
13604,0.34367868654370043
13605,0.8528634543248899
13606,-2.3051316499815497
13607,-0.013258830645507258
13608,-1.6073033578493905
13609,0.4878362814046898
13610,-0.832198750331935
13611,0.07071762816549532
13612,-0.11044473125660031
13613,-2.859089567574352
13614,-1.5334711622494024
13615,-1.1157921666495207
13616,0.15911850472690836
13617,-0.8852085470059523
13618,-0.5099673113948395
13619,-0.3001616102708494
13620,-0.6599090469167471
13621,-1.4055880591090704
13622,1.1370119126899336
13623,-0.8971097607443985
13624,-0.5355503403327069
13625,-1.1863820931604354
13626,-0.9677131043217977
13627,-0.4632482640096167
13628,-0.2612073983211063
13629,-2.0715568000832487
13630,1.422328140349944
13631,-1.112227630412633
13632,-1.718503965010472
13633,0.32757017382813003
13634,-0.887980442280055
13635,-1.1712113228792094
13636,-1.261088623349279
13637,-0.6164421691936914
13638,-2.1899217898121726
13639,-1.0826511858527377
13640,1.4645423958928139
13641,-2.9820429342550923
13642,0.19508194899142484
13643,-0.34314677660150283
13644,2.081466436740409
13645,-1.032686295087076
13646,-1.2600613030666552
13647,-0.6668946730007852
13648,-0.5722365020712337
13649,-0.8060810355270269
13650,-0.3071854720940383
13651,1.3899983254307182
13652,-0.6671694814993974
13653,0.5839158444948701
13654,-0.36022402594917025
13655,0.3314468387216958
13656,-0.30216157398028315
13657,-0.5786232606359919
13658,-0.8651103206719715
13659,-0.48892684246806406
13660,-0.4968936241483321
13661,-0.3200478823395563
13662,0.23128912139186864
13663,0.6149294548874065
13664,0.07492545425770036
13665,1.5128686129422175
13666,-0.44997656610224807
13667,-0.594778272518858
13668,0.6371872020851888
13669,-0.8292559094636922
13670,-0.5155854616496761
13671,-0.6028936371233313
13672,-1.7924595106759076
13673,0.4139418085071508
13674,-0.7349754883742401
13675,-0.7639866024860446
13676,-1.5255256953342593
13677,-0.3665890932798491
13678,-2.928893524102425
13679,-3.0164014562210424
13680,0.2797937479707058
13681,0.6320862477566548
13682,-0.6287897956739494
13683,-0.20479521956406233
13684,0.16022601736485353
13685,-1.1913184051160919
13686,-1.5029193599637152
13687,-0.4284577133972448
13688,0.7722453366275608
13689,0.8311717971616917
13690,0.6255584744189402
13691,1.8399307556095543
13692,-2.1365481422175128
13693,-0.2735227195271044
13694,-2.8451911573325432
13695,-1.0903356275333442
13696,-1.7566411169498222
13697,0.5465105230891185
13698,-1.233325144205619
13699,-1.3810465772278293
13700,-0.6420412601488582
13701,0.5701801140430725
13702,1.1780604490663131
13703,-1.1361594896005354
13704,0.04794554320793948
13705,-1.080637739400718
13706,-1.7002979465844439
13707,0.21697998717479758
13708,-2.6632844861824063
13709,0.03382324664004355
13710,-0.12742490073803614
13711,-0.5887563424923568
13712,-0.5346408800575199
13713,0.20522309771870462
13714,-1.70103032325053
13715,-1.8282738501304823
13716,-0.23848219927623326
13717,-0.3117774444876962
13718,-2.8620866200938786
13719,-1.7915041200731086
13720,0.17220762362768716
13721,-0.6742194301771368
13722,0.7443561300490775
13723,-0.764287776814813
13724,0.8257518528443486
13725,-0.6873430914518667
13726,-1.730556249867685
13727,-1.0985962140329106
13728,-1.4976573348392261
13729,-1.9088550033304592
13730,-0.899737955863241
13731,0.6397022090822326
13732,-0.24071762540800096
13733,-0.43395856371663366
13734,-0.9359625141412045
13735,0.29096244586914777
13736,0.27173584164414133
13737,-1.586235498243753
13738,0.09543781283157915
13739,-0.10551421700352637
13740,-1.1384754404670872
13741,-0.6275490585147382
13742,0.40441481755219477
13743,-1.740361443937687
13744,-0.44992625998458385
13745,-1.2867927987231587
13746,-2.3237851057848093
13747,0.36763285448044775
13748,-0.8768646032109851
13749,0.34414836026742424
13750,0.5923171169721448
13751,0.598203644514564
13752,-1.715061927379665
13753,-1.3979388482820667
13754,-1.4531313880623604
13755,-0.9301602112592682
13756,1.1284602011932954
13757,-1.1757657566590403
13758,-2.4706543981217166
13759,-1.441391858064884
13760,-0.06853715242011545
13761,-1.451585487559607
13762,-1.6361422317951717
13763,1.0632443417165964
13764,-1.3665656284437253
13765,-1.8117982836055
13766,-0.33668497966845745
13767,0.6712462355137465
13768,-0.6127926005949702
13769,-0.5598262100180398
13770,0.31688612244934355
13771,-1.0542718569299616
13772,-1.409888753509251
13773,-0.5566004470555498
13774,0.9358002808467454
13775,-1.7762160605989283
13776,1.1771417975968972
13777,-0.9267192935819121
13778,-0.693411625651789
13779,0.6023578431992576
13780,1.2561556456244831
13781,-1.5627668183171068
13782,-1.3958329425993152
13783,-0.7918181160367359
13784,-1.4396079816683973
13785,-1.7378241102476586
13786,-0.43804377458553856
13787,-0.7049741429338345
13788,0.00991987489267604
13789,-0.29205685144596777
13790,0.5550667391697974
13791,-0.5340126206996394
13792,0.05599594134465946
13793,-0.2892824235517544
13794,-0.852077910189271
13795,0.3442538692480128
13796,1.1371678492949846
13797,-1.491202340227564
13798,0.4292179205228547
13799,-1.538528844451879
13800,-1.4345395974613986
13801,-0.3138959710397585
13802,-0.30193713384156945
13803,1.4019064559107646
13804,-0.5906700716583422
13805,-1.3644253165316977
13806,-0.252487561384522
13807,-2.0202003343747332
13808,-0.9446697780323617
13809,0.5725395767070339
13810,-0.8993391596569995
13811,0.5129714479375468
13812,-2.4489954795096454
13813,-3.3267828877774206
13814,1.9599481864052863
13815,0.20401952161720793
13816,1.106279438797936
13817,0.1965480058620216
13818,-0.8945965117879835
13819,-0.718317090903372
13820,-1.1164686976842806
13821,1.0080193353380376
13822,-1.2144806677545574
13823,-0.5883675863149569
13824,-1.677544414118073
13825,0.27691519041706836
13826,-1.3974270101629163
13827,-0.7355837331977826
13828,-2.573349569108374
13829,0.049411833950902345
13830,-0.09258176026013346
13831,0.5105205566890497
13832,-1.3890462779544137
13833,-2.2556328464343474
13834,1.3375875551141239
13835,-2.3776896324212973
13836,1.0920581657821575
13837,-1.5337673705560375
13838,-0.05416343864895451
13839,-0.12270722400856926
13840,-0.6495628451262534
13841,-1.756783373470021
13842,-1.1623824544129633
13843,-1.2773985552314326
13844,0.15212095556304694
13845,-0.3311998643974928
13846,-1.5708827420272338
13847,-0.44661758414934755
13848,-0.4159767662586831
13849,-0.7200766941353566
13850,-0.9968388853803574
13851,0.8600311494297779
13852,-2.577238666757908
13853,-0.16373392110307017
13854,0.9506615337794961
13855,-1.2640151282837397
13856,-1.2619032111383017
13857,0.6653908997470135
13858,0.9509821101564067
13859,-1.2486281071861882
13860,0.5350886741657647
13861,-1.4568354089238207
13862,-0.9919646114000042
13863,0.6003631526670564
13864,-0.48472777037074355
13865,-0.0306215714437457
13866,-1.5446192691584018
13867,0.1329370678691959
13868,-0.6519689031069839
13869,1.276143968066639
13870,-1.2122336509553773
13871,0.8473879014572248
13872,-0.5517976447660601
13873,1.6306264902821328
13874,-1.2177844200265528
13875,-1.0597131547207153
13876,-0.5977915128631688
13877,-1.3564453764093285
13878,-0.9224437763364789
13879,1.066893848524215
13880,-1.4146429796511613
13881,1.2039341243872745
13882,-0.42301547166968656
13883,-0.3120169264549041
13884,-1.800337854239494
13885,-0.46640411175215846
13886,-1.6168240074575075
13887,1.8651118329724932
13888,-0.8983556594394739
13889,0.2532692983284222
13890,-0.6193397683735324
13891,0.44557665771356847
13892,-1.2575712972113657
13893,-1.9334654733022478
13894,0.4952184745226864
13895,0.5870773635463433
13896,1.7018038267845088
13897,-0.25889143024457056
13898,0.214516825488271
13899,1.0917255405916035
13900,0.12171350870916298
13901,-0.020665311570770117
13902,-1.301129270377384
13903,-0.4922683325634676
13904,0.2318069256769797
13905,0.4577646414026372
13906,-0.9060601689279691
13907,-1.9773336927668288
13908,0.3391119232466342
13909,-0.5821145486276922
13910,-0.4520469329264143
13911,0.09316336976124329
13912,-1.148466125954597
13913,0.11083848284998132
13914,-1.4240567653301854
13915,-0.7945597339654383
13916,1.063958103431378
13917,-0.30248336140876886
13918,-0.4884403886630429
13919,-0.8860799654706953
13920,-2.0050579491060287
13921,0.030547428551413902
13922,-0.3578298142667027
13923,0.8028931684851748
13924,-0.9085125456083751
13925,-0.07269757562089119
13926,-0.21647234330196263
13927,0.9020996276685036
13928,-1.1443830977393976
13929,-0.007375271829706875
13930,0.9407653766124582
13931,0.18320195890438695
13932,0.5177546429019703
13933,-0.7884308217928981
13934,0.06387546116832432
13935,-1.8177887707328293
13936,0.013399086662753246
13937,-0.3551366114897286
13938,-0.004050225807338215
13939,0.4511632737084258
13940,0.242634740541251
13941,0.37612829836116624
13942,-1.0774975417339157
13943,-0.8674654448607562
13944,0.17554219003440086
13945,0.006272670609683617
13946,-1.5091045960219542
13947,-0.6587394988722306
13948,-1.958978488289737
13949,-0.2612627440086108
13950,0.3482448009397797
13951,-0.39456856121249545
13952,-1.5817483757595379
13953,-2.2130897183091727
13954,1.8703245733507634
13955,-2.4183449474927174
13956,-1.27712098730582
13957,-0.45185783513353783
13958,-0.5479348999800042
13959,-0.8545753051102073
13960,-1.0288401815318702
13961,0.28149019633923145
13962,0.7554425592758145
13963,-1.357027244249911
13964,0.31354744312618266
13965,-0.8235123959971948
13966,-1.7357460578418724
13967,-1.8955542680995612
13968,-1.6816966200748635
13969,-1.1628950293569544
13970,1.2647850080048153
13971,-1.4083882957494225
13972,-1.3044849071305533
13973,0.8367083994594505
13974,-1.601205410902088
13975,-0.14021850171929556
13976,-1.9277354188349254
13977,-1.941806509301302
13978,-2.7246376884624923
13979,-0.6578386622567372
13980,-1.0175136292043554
13981,-0.3492122393901742
13982,-0.2959312926884362
13983,-0.07628148625542436
13984,-0.794627890353619
13985,1.7216775510460711
13986,1.2159591894042534
13987,-0.61012899646201
13988,-0.7267924644545829
13989,-1.0359790125509365
13990,1.8233932604567709
13991,-2.570233094432136
13992,-0.3492659760704228
13993,-1.4674445641141118
13994,-1.793347558213649
13995,0.4621772196246905
13996,0.5186739678460184
13997,-0.6499994372750428
13998,-0.05393224992962767
13999,-0.638636626578295
14000,-1.2169803642713644
14001,-0.09251128694144187
14002,-1.421862637154393
14003,-0.8850439278329175
14004,0.050998512809587754
14005,0.30981925276387945
14006,1.3952404811408332
14007,-1.0310797339057105
14008,-0.6228225853627657
14009,-1.138106818220201
14010,0.05764718757621179
14011,-0.8543451565893647
14012,-0.8355681920841601
14013,1.3957770200411952
14014,-1.6978938274501025
14015,-1.1935576044299046
14016,-1.7572575678451128
14017,1.2192656320665012
14018,0.10210581335379354
14019,0.42421811206610766
14020,0.29206689059332996
14021,-1.231673728372781
14022,-1.3793726565855762
14023,-0.10018477458089681
14024,0.6544430569231636
14025,-3.391006104507315
14026,0.819538396875721
14027,-0.8454625873227195
14028,-1.1192205474423864
14029,0.24538703745215862
14030,0.20064637562504906
14031,0.8792506918159231
14032,-0.03943047582134076
14033,0.837627186196743
14034,-0.29953503924348857
14035,0.28613200015013973
14036,-0.32214946878982953
14037,-1.2507178889810633
14038,-1.2256262967086262
14039,-0.31447980419207455
14040,-1.682297909858326
14041,0.20056528761744785
14042,-0.08443174710956836
14043,-0.5467056173212567
14044,-0.17282301500461017
14045,-0.1758208481443052
14046,-1.6948687969765441
14047,-0.49042429521769615
14048,0.2005163641073906
14049,-0.9982565819337633
14050,0.16939495628139972
14051,-0.1906418931031628
14052,-2.461821963629375
14053,-0.6585090582136872
14054,0.1875614791818146
14055,0.9837363487567864
14056,-1.408718170157895
14057,-0.41413864257949007
14058,-2.3478296742557276
14059,-0.3796477459881479
14060,-0.03800471934763128
14061,-0.9701538128814754
14062,-1.1710946427722884
14063,-0.8493487936486297
14064,-0.3049538387214601
14065,-3.093431235905288
14066,0.6073918389838158
14067,-0.027302115157319617
14068,-0.5457301036045075
14069,-0.5641587507972848
14070,1.8455210286418124
14071,-1.086675195926246
14072,-2.2339770604525695
14073,-1.019206669222586
14074,-0.22486712388461755
14075,-0.25155487792009035
14076,-1.3491929195121526
14077,0.3624699638839155
14078,-1.022141561024009
14079,-0.6466375685658743
14080,0.15134303353351042
14081,-0.4053162781920272
14082,-1.3300191367437049
14083,-1.0155892844337826
14084,1.0262539988468253
14085,-0.8637875830520063
14086,1.7550797957577646
14087,-0.968840580730335
14088,0.19812434727587291
14089,0.544148812067579
14090,-0.07357041354069771
14091,-1.0978387329286725
14092,0.45621384656789377
14093,-1.844293305973237
14094,0.8680657508542617
14095,0.9439957817572309
14096,0.565695771555123
14097,0.5148485449907545
14098,2.859336799671744
14099,-1.627825108547173
14100,0.7849258183003189
14101,-0.19288767700738263
14102,-1.1363117131567801
14103,-1.2016836436183058
14104,-2.1441416324243923
14105,0.8453716210357902
14106,0.4085231133142446
14107,0.8290026486501859
14108,1.412571492071084
14109,-1.046896559257467
14110,0.5737252310437033
14111,-0.9532930152295949
14112,-1.119403602558791
14113,-1.3474773280795311
14114,-1.7488347410558935
14115,-0.06254059101899001
14116,-1.7332750472647374
14117,0.1527306432479658
14118,-0.7446546212474343
14119,0.4613829295373768
14120,-0.2098738660711213
14121,-1.2311109131447535
14122,-0.7735710024367844
14123,-2.4602785526485995
14124,-2.0557566508155785
14125,0.3927999462420315
14126,1.0241698069659844
14127,-0.3470599320478439
14128,-0.6346398316013248
14129,-1.3219020649310367
14130,-0.02180254912802787
14131,0.9238320069635316
14132,-1.480469612033137
14133,1.566636065202721
14134,-0.039305375057432146
14135,-0.6542398080463648
14136,-2.1394237176043602
14137,-0.631506509321353
14138,0.971773147411084
14139,-0.4365744552084924
14140,0.1729925152145876
14141,-1.1621620899189438
14142,-1.6002380257878168
14143,0.7550083444837934
14144,-0.2158916523670872
14145,-1.491546543621974
14146,0.7687703085064237
14147,-2.0201591980301075
14148,0.07214177221889245
14149,-2.3276314171484787
14150,-0.41452236606146386
14151,-1.8428451419720617
14152,-0.618132212418355
14153,-0.8502532317609501
14154,-2.2943030042233805
14155,-0.19246070664390674
14156,1.2719000830297866
14157,-2.1543846698984876
14158,-1.1464709374008188
14159,-1.1564125929268714
14160,0.3934644599074819
14161,-1.3686623292796816
14162,-1.991387119341496
14163,-1.2738956466541032
14164,-1.51915424525955
14165,-1.1769725072135229
14166,-1.4441634626303435
14167,-1.5331803865115332
14168,-0.894351094132176
14169,-1.3205542394011798
14170,-1.8257382298140212
14171,-0.8743444233862993
14172,-0.48704671113613385
14173,-0.0434733159877459
14174,-0.6983093249883716
14175,-0.05517208247053351
14176,-1.0422544148922794
14177,-0.6920028754478984
14178,0.29259510066645145
14179,0.3109990420554619
14180,0.7276474962741453
14181,-1.130695752533022
14182,-0.9244770703676188
14183,0.09926149583449578
14184,-0.5310658620775747
14185,-0.921880932737258
14186,0.06536011212276771
14187,0.5318099641335553
14188,0.6470697171993474
14189,-1.7026792767115166
14190,0.4410232757691186
14191,0.7443088521561029
14192,0.42477465593097713
14193,0.1881789452627527
14194,-3.526458052174135
14195,-2.0489992215121804
14196,0.5005867553828428
14197,-0.8123432748999895
14198,0.5156361140606768
14199,-0.4333956181447669
14200,-1.7012790210371844
14201,-0.373009940128483
14202,-1.1319907290644426
14203,0.0781442127937263
14204,-1.6378481657445052
14205,-0.2438132253575095
14206,-0.46638831202203623
14207,0.6070969194620345
14208,1.9129820184535191
14209,-1.027965646157151
14210,0.47107911373647354
14211,0.3664313925343795
14212,-2.2868900073987883
14213,-1.933949792932813
14214,-1.0456354663053222
14215,-0.872324342355499
14216,-0.26804480429358213
14217,-0.7190241095306107
14218,-0.673372593498095
14219,-0.30739808785229594
14220,0.21249942436570624
14221,-1.4231150383906994
14222,-1.522393936301516
14223,-0.9748355405308287
14224,-1.4257130319538605
14225,-1.680213170540634
14226,-0.7323989969255531
14227,-0.5408539598466624
14228,-0.006850073297600678
14229,0.4218525451822357
14230,1.0360220780571303
14231,1.7829660399385932
14232,-0.11310600560631734
14233,0.7059384592909841
14234,-1.1222002137874734
14235,-2.3016102376131613
14236,0.6283039739079089
14237,-1.1694813272647018
14238,-0.7250823886210449
14239,-1.566350107753813
14240,-0.04300674003109406
14241,-1.207046635966973
14242,-0.6969060862519626
14243,-1.3972245840091035
14244,-1.4840354113935261
14245,-0.9862072752000437
14246,2.057564634775922
14247,-0.34376516514338806
14248,-1.037597775476337
14249,-0.9690853309652516
14250,-0.14157757122171355
14251,-0.4982423096923073
14252,0.5649356092411171
14253,-1.9950353147088546
14254,0.4682462852579167
14255,-0.5447217948891186
14256,-0.7472177054737619
14257,-1.0265390707704893
14258,-1.2160062399975922
14259,0.4491931754430937
14260,-0.7611101355555857
14261,0.46172537508285544
14262,-0.6936039728657863
14263,-0.49976034843244793
14264,-0.5514938402489946
14265,-0.1289944189731595
14266,0.07559779987385468
14267,0.3482797151147752
14268,0.5266050117660983
14269,-0.8179596040621766
14270,-3.589876173920201
14271,-0.08213914236393485
14272,0.7235182708526015
14273,0.44663015658063077
14274,-0.8411939319690187
14275,-0.5622241906243814
14276,-0.3823835743410633
14277,-1.3406285597339365
14278,-1.8249209293431439
14279,-1.4122666804216468
14280,-0.37321621426049234
14281,-0.41870568245170714
14282,0.18997018737412397
14283,-1.1487049108955567
14284,-0.6529799598058785
14285,-1.2117166974882583
14286,-1.665386566314661
14287,0.7535356795491541
14288,-0.5206173862248956
14289,-0.032293550408121485
14290,-0.04311787905281661
14291,0.6828179051250032
14292,-0.38792122061867335
14293,-0.8484106712165501
14294,-1.1269820063557168
14295,0.16733366671851524
14296,-1.3605054349593706
14297,-1.2889622150033104
14298,-1.3454224838557751
14299,0.23866574320747802
14300,-0.4414998082679701
14301,0.13923118495837072
14302,-0.7224739610708404
14303,-1.3780018542875998
14304,0.3849476328052225
14305,-0.1418242713647151
14306,-1.1745913535251664
14307,0.22843340565000958
14308,-1.2460518080250709
14309,1.7511173876513215
14310,-1.5284165197468913
14311,-3.9562646105388053
14312,-0.35953883613292603
14313,-0.4824789056026855
14314,-0.5490111584335631
14315,-2.0854749460178508
14316,-1.3514680030944854
14317,-0.5625792648490667
14318,-1.463264131754723
14319,-0.6005531382354854
14320,-1.083070288483875
14321,-0.7816531186623163
14322,-0.2919090283750424
14323,-1.599202721861504
14324,0.1155232752588814
14325,-2.381852071694223
14326,1.1805966959324143
14327,1.6157504863340222
14328,1.283089904197757
14329,0.7343483873161785
14330,-1.8744756341048894
14331,-0.818285004787925
14332,-2.9223396354779383
14333,0.28433555374568853
14334,-1.516193083616306
14335,-0.5502971160758636
14336,0.2183757058471396
14337,0.7558004442437576
14338,1.3668316739401214
14339,0.418819874917141
14340,-0.6030465020692617
14341,-1.3774704152496122
14342,-0.8743714077049528
14343,2.6922480589722606
14344,-1.0144216776196398
14345,-0.5415873572532011
14346,-0.885836679861999
14347,-1.9782932773537971
14348,1.9731422351160086
14349,-1.7018935208111627
14350,0.7215774126397375
14351,-0.24397186011553607
14352,-1.340055040982067
14353,-0.5457298944864426
14354,-1.1036612235910805
14355,0.13913368888786004
14356,-0.42297034726631305
14357,-1.9197841147410326
14358,-0.5506891264128179
14359,-0.3648437412070859
14360,0.3824928227122093
14361,0.30376689115463207
14362,0.9508437314126648
14363,-0.7041750327072875
14364,-1.6038563502279697
14365,-0.20038635992359344
14366,-1.0850094489608098
14367,1.656588427355439
14368,-3.109282504288179
14369,-0.8625453151645017
14370,-1.0900852734089874
14371,0.1417575445667758
14372,-2.1249025137399515
14373,-0.6816977804426615
14374,-1.1625395536124685
14375,-1.4273004744834314
14376,-0.8368715031152069
14377,0.6346474649471282
14378,-0.9393411047985977
14379,-0.3921551673623007
14380,-0.17601161843578228
14381,-1.6948688072733864
14382,-0.25299756588050937
14383,-1.1973045849158508
14384,1.1661169592455891
14385,-0.7653875789511537
14386,1.1955850118520281
14387,0.03695302105099141
14388,-0.36817565224090787
14389,-1.810003604568528
14390,1.0640664823076766
14391,-1.7547837321556758
14392,0.6718084195993723
14393,-0.5048675252383452
14394,-1.4514551065843455
14395,-0.6164445546871795
14396,2.0197383465689605
14397,2.1670935089732426
14398,0.752764806059996
14399,-1.0508738230571888
14400,-0.623257891681717
14401,-1.5956297442684508
14402,-0.7902976690061744
14403,0.13882658436071238
14404,-0.33260921030041646
14405,-2.6819407317729738
14406,0.7201277955622518
14407,-1.1077385385182568
14408,0.7709405568814642
14409,-0.5375257757319772
14410,-1.4864449924558025
14411,-0.8562107252242842
14412,1.1727477184170014
14413,-0.04463531267856993
14414,0.4780801113852824
14415,0.05915209496194773
14416,-1.4454944163479806
14417,-0.7167673545570853
14418,-0.7550489413485012
14419,-1.6472093091901903
14420,-1.1094208056678172
14421,1.7120415510294675
14422,-0.5016626075223256
14423,-0.27580531611219405
14424,0.7934856273593682
14425,0.5656088975924083
14426,-0.8552176503355106
14427,-0.3004813466896096
14428,-3.002411415497681
14429,-2.354560495080281
14430,0.7833403635447909
14431,-0.7291192550307319
14432,-0.7139882421236452
14433,-1.2719591026997528
14434,-1.285846802092477
14435,-0.5589258891080373
14436,-0.38358858153795433
14437,0.26425492857840926
14438,0.7643670122236956
14439,1.1108963266440817
14440,-1.0737089547562215
14441,-0.23126425196548095
14442,-0.5229250823406828
14443,-1.0565732009920472
14444,0.08741356486580809
14445,0.21044255272392293
14446,0.7307571980449299
14447,0.3277112061105296
14448,0.04738817005773824
14449,-2.240622258061586
14450,-0.10860233025155014
14451,-0.9244977734030122
14452,-1.1717313157076303
14453,1.149950895905339
14454,-1.78352321372617
14455,0.7011598836734565
14456,-0.06547054743444614
14457,-2.3767771796366746
14458,-0.3530858149571554
14459,-3.1773425503009305
14460,0.493608792802692
14461,0.8190737522277904
14462,-0.4733936519803259
14463,-0.10185467738929987
14464,0.829618549481709
14465,-1.4246348359210894
14466,0.023226461080161187
14467,1.0354117050519624
14468,-0.00758343741732731
14469,-0.66700639096644
14470,-1.3117012410912412
14471,-1.863120028078444
14472,-1.1095566787612945
14473,0.3121027205645017
14474,-0.48959318545098574
14475,0.7965022381137766
14476,-0.9587795579590865
14477,-1.795322094003088
14478,0.014229065385918394
14479,0.08878122761934804
14480,-1.6713501139542521
14481,-0.6080717868159812
14482,-2.170531371164394
14483,-0.16937412750506292
14484,-1.5719404930354783
14485,-1.5981272217828308
14486,-1.5685838554355827
14487,-0.3307543120763546
14488,0.7218108290276859
14489,-0.14326558389908162
14490,-1.3493051472537183
14491,-0.8846305349731158
14492,0.7214876871657081
14493,-1.8605440141303666
14494,-1.1934880559189596
14495,-2.501500156811807
14496,-0.8438791553566242
14497,-0.18666250004733836
14498,-0.8897868969226286
14499,-0.7920120634812275
14500,-0.6023660757921361
14501,-0.23280834199736444
14502,-0.8548472649345292
14503,-0.2116406106804266
14504,-0.1135874153296238
14505,0.4752145061172736
14506,-0.8887026509801255
14507,0.5358245288695742
14508,-0.45768094256850556
14509,-0.6635396804118786
14510,1.7343359092020052
14511,0.4726244936114119
14512,0.7613773421124763
14513,-1.3425597102595006
14514,-0.04535478906253021
14515,0.26705109570846636
14516,-0.3091830655623222
14517,-0.004989916382785287
14518,-1.2726718414454803
14519,0.06890788709385531
14520,0.397264976236205
14521,-0.9352842541486777
14522,-0.35065888667181744
14523,-1.0961521383567905
14524,-1.9863853550694117
14525,-1.4557614549285072
14526,-0.8593548387743832
14527,-0.05754941643511084
14528,-1.266708884105683
14529,1.4850736565262013
14530,-0.6574560912029977
14531,0.41161509315220823
14532,-0.1536371446420895
14533,0.08697333320792788
14534,-0.6555155015135351
14535,0.3368561137409869
14536,-2.087595427308076
14537,-0.9589527280850675
14538,0.11186160902972597
14539,-0.1172564628835004
14540,-0.7084298790471376
14541,-1.414910742267991
14542,-2.2068331444249303
14543,-0.3674137376091329
14544,-1.5827307487570903
14545,-1.299544378365408
14546,1.3743009320650312
14547,-1.1965556916558104
14548,-0.8235329946202159
14549,-1.059065859026545
14550,1.1271089325784
14551,0.1528272238834658
14552,-1.6117464945583189
14553,-0.19915882453451417
14554,-0.4065152810169638
14555,-1.7906443990752385
14556,-1.1696610521130433
14557,0.09447918796111865
14558,0.08431191248386627
14559,-0.03775761011885126
14560,0.02933035498213199
14561,0.4384453236601596
14562,-0.10303389707335664
14563,-0.24317185891552756
14564,-0.1794085790353721
14565,-1.581526163413717
14566,-1.4081339569295073
14567,-0.7653523918076524
14568,-1.0990908397889096
14569,0.49450374772049943
14570,0.3775686828232314
14571,0.8052952393816595
14572,0.6059549618835898
14573,-0.9309249239199526
14574,-1.346138469001287
14575,-2.118089059920326
14576,-0.1433905883003549
14577,-2.0884628158987457
14578,-2.078856357691449
14579,1.0305388063738268
14580,-0.4874449461848792
14581,1.6823226037844772
14582,-0.479213611075368
14583,-0.4987294628430348
14584,-1.4468401323148454
14585,0.5131749479286289
14586,-0.11117490024530488
14587,0.36001885327113264
14588,-0.08394187918694385
14589,0.6638598818477349
14590,-0.24221180784909324
14591,-1.5488437514793345
14592,-0.3053611909729341
14593,-1.5020640562870935
14594,-1.07340366654577
14595,-1.1708987493707605
14596,-2.8030080435517015
14597,-1.53520046446679
14598,1.072690374961597
14599,0.08687308138920674
14600,-0.44835914623323947
14601,-1.1849680550924182
14602,-0.5929729654529035
14603,-1.5920967865608344
14604,-0.36025339765359243
14605,-0.73038558599551
14606,0.011775638434398994
14607,0.012137188895691764
14608,-0.8610904025911574
14609,-0.5533979267091089
14610,-0.04412286075859238
14611,-0.9096578443696504
14612,-0.7648867040679939
14613,-0.6088904702703227
14614,-1.7647142693116344
14615,-0.8501651404837742
14616,0.6473870450555465
14617,-0.6690327254706943
14618,-0.7145412337225938
14619,-1.074513682382252
14620,-0.4913301529804122
14621,-0.8912998460978881
14622,-0.21903407170236747
14623,0.9391303277859714
14624,-1.3593439650114252
14625,-1.3850990554898397
14626,-0.6608444281924823
14627,0.31984807131089465
14628,-0.610607057466698
14629,-2.6883846385122867
14630,-1.0386196397177097
14631,-0.27673195843870557
14632,0.01849127964049102
14633,-1.6063921300330453
14634,-2.4430667446407788
14635,-0.5784957740543608
14636,0.14873047126795436
14637,0.6824856043070748
14638,1.0023531123868286
14639,0.17632503475503752
14640,-1.262678601072719
14641,-0.44335021089004084
14642,-2.5082212647346056
14643,-1.6953830803360768
14644,-2.6831341644907365
14645,-2.3414532688457705
14646,0.3744033020312302
14647,-2.4259093380647077
14648,-0.8245363498233473
14649,-0.24214344974571975
14650,-0.23222796228675802
14651,0.30703028847164726
14652,-1.4499185010284101
14653,-0.26704322366083566
14654,-2.060314405535409
14655,-0.597353946768575
14656,-0.08088445784901516
14657,-0.44651651555779803
14658,1.504128060592964
14659,-0.8406934017511348
14660,0.48452057832505746
14661,-0.808168880733696
14662,-1.7094842106632062
14663,-2.4302122536868804
14664,0.4567016822181195
14665,-2.190237107938663
14666,-1.3785368596866185
14667,-0.8201966337648499
14668,-3.7651376333841027
14669,-0.30912480823890764
14670,-2.2761640517660275
14671,0.9322667509118312
14672,-0.8804354644493009
14673,-0.5184029499526952
14674,0.5287808981776954
14675,-1.1835988276726483
14676,0.47773459280061625
14677,-0.9367506132790084
14678,0.30244251283163603
14679,-2.4726093504077458
14680,0.41107219539603523
14681,0.4902788509688972
14682,1.3999727534672317
14683,-0.950275161338672
14684,0.2544419715558246
14685,-0.6117830001765645
14686,1.621842663031237
14687,-2.0641644800026526
14688,-1.4035263136700884
14689,-0.26062939438533794
14690,-2.3107070312817424
14691,-0.8721604328920233
14692,-0.16897491310953197
14693,0.3320045119960203
14694,0.6425877446806432
14695,-2.2055638578166303
14696,1.3663482074124016
14697,-1.4666581613975305
14698,0.36775444120516837
14699,-1.4415295395439118
14700,0.4686783335137831
14701,-0.32952414869289104
14702,-0.6225031888764864
14703,-1.4211551028567388
14704,-0.5184633053222014
14705,0.7999074601836631
14706,-0.7579673169656442
14707,-0.7194782539226906
14708,-0.9027930065023295
14709,-0.6014413878478583
14710,-1.6790641230497525
14711,0.4642397477887345
14712,-0.9772528967360405
14713,-0.9788367387749728
14714,-0.6385199881314051
14715,-1.262646196117432
14716,0.09473860991048844
14717,-1.4593193343019546
14718,0.36453290140459826
14719,-2.129663617477244
14720,-2.5314958435330106
14721,-0.565698004632426
14722,-0.754894681074457
14723,-0.42736385592624027
14724,-0.3741046143130673
14725,-2.158135806049132
14726,1.6003195442417877
14727,-1.3171312483131816
14728,0.30514689333879874
14729,0.137050623598296
14730,-1.6030759263841556
14731,-1.1289998144185558
14732,0.7483926051353514
14733,0.22345741503178518
14734,-2.160908518689914
14735,-1.7385574142270803
14736,0.016721950867698898
14737,-0.7055788018853876
14738,0.12498179058414557
14739,0.1945663349443718
14740,-0.9304171368493761
14741,-0.21337776828189203
14742,-0.05985976882765787
14743,-1.7468895995335405
14744,0.4875457586364731
14745,-1.0413580754834444
14746,0.7733620588672768
14747,-1.7124803392360934
14748,-0.6554302618806317
14749,0.2308852764525635
14750,-1.7362063968617587
14751,-1.9435352113208009
14752,-1.07093216539627
14753,1.5792591195351182
14754,-1.0661925004837676
14755,0.04199810012681249
14756,-1.507257546886737
14757,-0.33246447324442296
14758,0.44524829939988275
14759,-0.25988349077849193
14760,-1.2045785558107307
14761,-2.031595361602256
14762,-0.1528661320741514
14763,0.46465062559700887
14764,0.2617821680741096
14765,0.14385134376158465
14766,0.9719348353455963
14767,0.2632642273568353
14768,-1.1910765513816661
14769,-0.9268837630455384
14770,-2.5692108039110892
14771,-0.9472268629255601
14772,0.06302227891981613
14773,-0.7821178181860964
14774,0.7076344551504998
14775,0.3618373011463967
14776,-0.12951159451622163
14777,1.8679074266154936
14778,0.16794492738598504
14779,-0.807168542443079
14780,-0.9199318340388732
14781,1.1572920475501376
14782,-0.25776937131094446
14783,0.49034201299111846
14784,-0.7455815391382217
14785,-0.9060623847810174
14786,0.04710673008791244
14787,-2.1266190592258485
14788,-0.8086583081492862
14789,-2.3301322863258784
14790,0.7421033194044898
14791,-1.2131464088191533
14792,-0.6414213786855367
14793,0.08100116220360426
14794,-1.7877007330838735
14795,-2.046465026083843
14796,-0.3977784616316536
14797,-1.3086749258698234
14798,-0.08433066655246002
14799,0.20518722359295688
14800,0.20384751744318452
14801,-1.9049598891775132
14802,1.4500929497369168
14803,-2.7933083526992997
14804,-0.2115581077168011
14805,-1.7273230734188427
14806,-1.8298196148234358
14807,-0.0597761146825081
14808,-0.7384024575656167
14809,-1.1752152343627262
14810,-1.7040527837837431
14811,-0.049480699803732264
14812,0.6020319391960274
14813,0.023008592577850928
14814,0.01589678266733563
14815,0.34001023694090676
14816,-0.2389111001778523
14817,-0.9558655385121436
14818,-1.283826654299408
14819,0.6138124268150611
14820,1.2448755348297253
14821,-0.1517590954345287
14822,-2.29289135733474
14823,0.09094774922408289
14824,0.022294335566810375
14825,-0.2345923679054499
14826,-2.627109577752201
14827,0.5887703621037733
14828,-0.7383915042709642
14829,0.5140784834456376
14830,0.10534160728078568
14831,-1.2588863142900202
14832,1.0655821370651104
14833,1.6902094126088105
14834,1.0380307466315928
14835,-0.02918056872206881
14836,-2.51379040908599
14837,-2.908847262082306
14838,0.05313972238851215
14839,-0.5159136719745754
14840,-0.6646977561395904
14841,-0.17506104647697385
14842,-0.06156506858900607
14843,-0.8094385871908867
14844,0.0469340987316611
14845,1.2519261561991888
14846,-1.6106761785779582
14847,-1.8419784446702612
14848,-1.972854473507326
14849,-1.060840454585158
14850,-0.3424600661159627
14851,0.02872177177467783
14852,-0.33263313994856175
14853,-3.1637731297657603
14854,-0.6570862985657374
14855,-1.3308563131896474
14856,-2.559032750977607
14857,0.5294585760124437
14858,0.32428692028992234
14859,-0.15535373145086762
14860,-0.16219304947081953
14861,-1.326258998852447
14862,0.9106870109714301
14863,1.9239735887839633
14864,-0.24563377121160668
14865,-1.7345780175578391
14866,-0.14385895418839406
14867,-1.1470973421930821
14868,-0.5408552528764906
14869,-0.7722479127750306
14870,-0.9193494552793947
14871,-0.06260135965988278
14872,0.4358603481717741
14873,-0.28109128402945655
14874,0.12703049954498236
14875,-0.4351152736650563
14876,-0.7527638417501907
14877,0.4336227960699276
14878,-1.5250500397400866
14879,0.20864209484516127
14880,-1.6177435674449896
14881,-0.3090621682210226
14882,-0.46168941943322706
14883,-0.8565603194600071
14884,-1.3720450856995634
14885,-1.57411464905276
14886,0.08163125191024645
14887,1.047601892464914
14888,-0.8283268216750388
14889,-2.6001505278841504
14890,-1.0231446979497916
14891,0.039767036109426224
14892,-1.2614599773718487
14893,-0.8155769844569047
14894,1.115175476306546
14895,-0.7552142449323694
14896,-0.16447234055274823
14897,-0.978353604684117
14898,1.274406319055386
14899,-0.08761858213014939
14900,-0.2655789800599836
14901,-1.8443566278352292
14902,-1.1394938140393227
14903,1.1985510569221147
14904,0.38915921532937064
14905,1.0120734591133536
14906,-0.4111374625617192
14907,-1.3212176965669122
14908,-0.8537414018533225
14909,0.6568006679249812
14910,0.2301886279895149
14911,-0.9917865656916817
14912,-0.27409799249702116
14913,-0.0369129647815728
14914,-0.5333502820609967
14915,-0.6173870064957183
14916,-0.3399779980852138
14917,0.6844019913314561
14918,0.6973937081257428
14919,0.0710737871010067
14920,0.6570758644556056
14921,-1.0787428855024597
14922,-2.021417433620414
14923,-1.225900015985658
14924,-2.1178268197457992
14925,0.8721703824524705
14926,0.18829786362863266
14927,-1.0342497038884504
14928,0.7379936438630974
14929,-0.569798234843854
14930,0.21430619482289537
14931,0.3511620535864548
14932,-1.2045057784602493
14933,0.08770123446982137
14934,0.046808713886847514
14935,-1.1868867416497701
14936,0.642642268084693
14937,1.9911903979975116
14938,0.8265980805971207
14939,-1.792230394258943
14940,-0.8772426322878131
14941,-0.3094776426481747
14942,2.170324913765312
14943,-1.818290757684
14944,0.29472835059625235
14945,0.35858839876385057
14946,0.5884172131285796
14947,1.846261807771586
14948,-0.6465221693049343
14949,-1.3201558527982624
14950,-1.222115740204408
14951,-1.1944907945664802
14952,-1.6299949082494898
14953,-1.980292349543899
14954,-1.2418038538186593
14955,-1.132818573384767
14956,-1.4069002271695592
14957,-0.9384992484047352
14958,-2.0171078750986635
14959,-0.9270789924889429
14960,-1.11226869999355
14961,1.1649869121776195
14962,-1.2898022961488855
14963,0.202903969837661
14964,-1.5893103907155095
14965,-0.8560695996849119
14966,-3.199304408503908
14967,1.6373708881139524
14968,0.042272803507001244
14969,-2.440924683918
14970,1.1105008941788594
14971,0.8294874906527554
14972,-0.49288763407092073
14973,-1.5840509949346901
14974,-0.490281692870495
14975,-0.2769348814384982
14976,1.6652205485192613
14977,-0.4467042346989128
14978,-1.7779395318566253
14979,-0.24375111227083934
14980,-0.2016355461374275
14981,0.1287205493964789
14982,0.5870090436368267
14983,-0.20075382894949284
14984,-0.6428833717097395
14985,0.07583616490993328
14986,-1.5250084446560426
14987,-1.2871392515469973
14988,-2.3804599301745246
14989,-0.5209881070415764
14990,0.7260527300812964
14991,-1.1098783445793554
14992,-1.4811663636908947
14993,-1.2089727648382054
14994,-0.16560040084721017
14995,-1.47830505409837
14996,0.13338170603693067
14997,-0.9858602945971382
14998,0.030696982838336252
14999,-1.9851560792172442
15000,-2.119376462849168
15001,-1.6585919487699752
15002,-1.639188634151457
15003,0.5265886520327522
15004,0.004772242239674956
15005,0.9038588108534708
15006,-1.7926426837009122
15007,-0.26352227156551983
15008,0.057400664734183926
15009,-0.0022284218382477294
15010,0.2812573239742807
15011,-2.519193728290057
15012,-0.4319373103347269
15013,-0.5876717970500078
15014,-0.6352436082995907
15015,-1.1531132261061634
15016,0.17411511926970322
15017,0.5672161403494784
15018,-0.6215989702271679
15019,-0.2550791979483489
15020,1.0903504253179732
15021,-2.905327069905419
15022,0.2780689681651266
15023,1.5972327677489793
15024,-1.5773121992233694
15025,-1.0301405900746097
15026,-0.40130170100316764
15027,-1.5631052384473902
15028,-2.1935488538456442
15029,-0.6099973179883504
15030,-2.749968018529681
15031,-1.878278715204106
15032,-0.23226362537430603
15033,0.022729540179846297
15034,-0.36035292541963126
15035,0.03511255190946794
15036,-0.6241850430760326
15037,0.2298936292007554
15038,-2.175914963431908
15039,-1.2332497449654158
15040,0.32908819764910135
15041,-1.3904027187988046
15042,-2.0584615844393896
15043,-0.3008934812835223
15044,-0.6165490562906903
15045,-0.07959044841802654
15046,-0.007481632747082134
15047,-1.6249831339309493
15048,0.5564565334346336
15049,0.33851414088396514
15050,-0.45544622286932324
15051,0.06514818456544286
15052,-1.8764492399107424
15053,1.6800074046889164
15054,-1.0843287938557815
15055,0.545268951899992
15056,0.6186504176527343
15057,-1.3090356250745068
15058,-0.9771719213132465
15059,-0.27464696217145756
15060,-1.4055033986979089
15061,-0.19905860351752952
15062,-0.42970450175323055
15063,-0.32941946055765087
15064,-1.6707613225402766
15065,0.560212959665233
15066,0.09907326191092874
15067,-1.8852530191780188
15068,1.4630864811105664
15069,0.6694926040543729
15070,-0.6725389759820954
15071,1.466361773844952
15072,-1.720201294431339
15073,-1.984813754428705
15074,-2.554502247067208
15075,-1.2459176334069135
15076,-0.6606254708435142
15077,0.40903056896736645
15078,0.7466194261935939
15079,-0.8183045482364117
15080,-0.5953067241510952
15081,-1.2424451544168416
15082,0.23678855108679947
15083,-1.1520437242750872
15084,-0.8018629398253034
15085,-0.7086918728410511
15086,-0.8257153308025539
15087,-0.4005919041249029
15088,-0.19921786938929625
15089,0.07308727495557643
15090,-1.2464266202153609
15091,-1.993810572322081
15092,1.2894534948898835
15093,0.569938537410785
15094,0.6731995282963125
15095,-1.3683603879126731
15096,-2.045763957386944
15097,-0.3885330571801312
15098,-1.5442477401726127
15099,0.06260656683525107
15100,-0.15275391865780974
15101,0.1845043362190582
15102,-1.0036410839643766
15103,-1.2360497572522327
15104,-2.1674384082007183
15105,-0.30934966739804964
15106,1.331539665334537
15107,-0.8704355016568153
15108,-0.7521228783800742
15109,-2.291970671802569
15110,-0.7808290669852235
15111,-2.3743565495441024
15112,0.22475517886201757
15113,-0.740842943209213
15114,2.3748338619961404
15115,-0.20567844669306617
15116,0.31283549780579856
15117,2.284481176108823
15118,-1.7222526138190548
15119,-1.2278090641137238
15120,-1.4362317326356957
15121,-1.1727462299678892
15122,-1.1599585419946359
15123,-1.87821923288277
15124,-0.6910059653028157
15125,0.032032557328883104
15126,0.8676487966667772
15127,-2.9501570922810934
15128,-1.938188005297353
15129,-0.3346371986130797
15130,2.203603370432006
15131,-1.7747097643033167
15132,-1.7564442369078797
15133,0.6458004063455638
15134,-1.8786254112460907
15135,0.29339263280284
15136,-1.978801058118837
15137,-2.9561782380098873
15138,-1.2129804222189113
15139,1.3549958938249773
15140,-0.905752510505228
15141,-0.7796400581380292
15142,-0.11094602697812267
15143,-1.2302245254227597
15144,1.5018000085711252
15145,0.40366266619999314
15146,-0.18374647528169946
15147,-1.4600810506731368
15148,-0.5180722016930339
15149,-2.139434018693551
15150,-0.7574443855572087
15151,-1.068701978645175
15152,-1.9382402790737638
15153,-1.232359599254276
15154,-0.8038572664270611
15155,0.3375405066205599
15156,1.1625297913298183
15157,-1.0698823809470315
15158,0.8968428455184078
15159,0.8502789871027475
15160,0.9456701894296721
15161,0.9060127891671601
15162,-0.19755942842298418
15163,-2.379601131984008
15164,-0.4305291946876628
15165,-1.9243946362561304
15166,-0.5799149460826353
15167,0.714493641514293
15168,-0.3750991945441583
15169,-0.4213921187526576
15170,0.6901083048165864
15171,-1.2313351302427769
15172,1.4545573698755927
15173,-0.7778098865084865
15174,-1.28325285089596
15175,-0.8157748659674096
15176,0.6637082694906635
15177,0.4480009796992337
15178,-0.05762999543182301
15179,-0.16229123764137188
15180,0.21614915697855452
15181,-0.19495277625852536
15182,-0.6649237634027654
15183,-0.80293755936854
15184,-0.17976664959192068
15185,-1.758438460634809
15186,1.1521049836493327
15187,-0.8079382059136578
15188,-0.8142543347806691
15189,0.43730683968985273
15190,1.324470589850708
15191,-0.43983033851769165
15192,1.8123531419740713
15193,-0.8947287165370181
15194,-0.4989062004920566
15195,-0.5270382376710636
15196,1.5789207247657688
15197,-0.9634334309578321
15198,1.9075680853351606
15199,0.5074069806512687
15200,-0.4062251884094078
15201,-0.767056087428931
15202,-1.0281902587580656
15203,-0.5572724784666491
15204,-1.3548704459297343
15205,-0.04508792380165505
15206,0.30635607303096013
15207,-0.49773988324784824
15208,-0.2644448886106666
15209,0.048593903202831856
15210,-1.970174599445141
15211,0.2940782272318708
15212,-0.27034042348176557
15213,0.5196331113601165
15214,-0.1520702570378678
15215,-0.592959410801067
15216,0.35513185742549513
15217,-1.3309477324913903
15218,-0.8852950452643444
15219,-1.471723306698474
15220,1.2840620009221924
15221,-0.43588436856519935
15222,0.6686885419319915
15223,-0.26789610540841124
15224,-1.2680802739438057
15225,3.1120550385092436
15226,-1.802104055382492
15227,-1.6142480999082254
15228,0.3402133817100965
15229,-0.3636206384810855
15230,0.7423060326094292
15231,-1.797564221186994
15232,-1.0958464362341442
15233,-2.2770302472952535
15234,-0.7561730545010514
15235,-0.7042051170328731
15236,-0.3020951414188826
15237,-0.6016940631572576
15238,-0.6974435338602507
15239,-0.7883999545295788
15240,-0.41831231212902
15241,0.1889911288496814
15242,0.33406715175082674
15243,-0.1093095835333549
15244,0.42090690190026836
15245,-1.3433296251353393
15246,0.6475866955691334
15247,0.24257042960417335
15248,-0.40603888628582613
15249,-0.5374349930289873
15250,0.08498472006367708
15251,0.5589144265867194
15252,-0.8796063788339247
15253,-0.0048961627715498335
15254,0.3304927518926619
15255,-0.17402671552747845
15256,0.27890336960276296
15257,-0.772752998954552
15258,-0.7170646067394097
15259,0.8521839370173842
15260,-0.102062213968591
15261,-2.0715449089537312
15262,-0.6892653753129471
15263,1.4300913212125357
15264,-1.6274524846810716
15265,-2.5600838710713227
15266,-0.7639379825343895
15267,-0.4675405629725325
15268,0.16558949508972842
15269,-2.5772891818648445
15270,-1.8351770088320971
15271,-0.9063956286798706
15272,0.10358561272184019
15273,0.2904627963991755
15274,-2.0550586466745724
15275,-0.4238954557064417
15276,0.3407591296767083
15277,-1.5308907775983092
15278,-1.7172601894404909
15279,0.2865910077629209
15280,-1.1721547645863557
15281,1.3749507220310755
15282,1.1218217959221533
15283,-0.41467661720773674
15284,-1.5230069987726327
15285,-2.6315891986654814
15286,0.21347736326178385
15287,-1.105603171308639
15288,1.457766651150214
15289,1.1992041365958475
15290,-1.2933026567099415
15291,-0.7214934443105984
15292,-0.28728158974722817
15293,2.2269314868134087
15294,0.9128840471980846
15295,-0.8270414454766823
15296,-0.9890416401424421
15297,0.9418300715297303
15298,-1.912838389306398
15299,0.3007854557644684
15300,0.5657859033080641
15301,-0.6290598941360122
15302,-1.2371571397323406
15303,-0.3302219581341934
15304,-0.5406631041412061
15305,-0.5488443119946537
15306,-0.7813745849352061
15307,0.34020174153441307
15308,-0.6160789455360226
15309,0.2961332734373834
15310,-1.2800774682904694
15311,0.7530453423710806
15312,-0.8093263707759565
15313,1.3263314415967709
15314,0.19130863036853885
15315,0.2570886632186613
15316,0.5861799877629164
15317,-0.8479168065915987
15318,-1.4686701453892768
15319,-0.09540741101052475
15320,-0.034633288362324155
15321,-0.22030412353590434
15322,-0.4604078487927773
15323,-1.2181634015406853
15324,-1.4391434642638439
15325,-1.7534412120562872
15326,-1.5218685690471725
15327,-0.7284593920553072
15328,-0.0219725782023229
15329,0.49621789445897035
15330,0.7104831789253488
15331,-0.6484925420448172
15332,-0.19205168625819258
15333,-1.7152587194938658
15334,1.1156719343128616
15335,0.5029436958635851
15336,-1.6076613974869125
15337,-0.42039219405585315
15338,-1.8297858751199458
15339,0.975650866354755
15340,-0.8060323184286273
15341,-1.473185615295278
15342,0.22158496037123718
15343,-0.7132774292094379
15344,0.08860562686225021
15345,-1.7607593394046264
15346,0.14561991116247275
15347,-0.47048499335299804
15348,-0.22024867516621247
15349,-0.8998738430700204
15350,-0.9131203202486224
15351,-1.1033547729823776
15352,-1.0207502070239172
15353,-0.26912289197616934
15354,0.9601299443626894
15355,0.7609873317891319
15356,-1.231753172504165
15357,-1.823248186125347
15358,-2.00370534054123
15359,-0.31122745562756937
15360,0.5389122075652939
15361,2.436715810965436
15362,0.37035504667473995
15363,-0.2534971224277308
15364,-0.14346502077821566
15365,-0.5596409739469976
15366,-0.47987028906730894
15367,-1.0768681994794622
15368,-0.22197769213190077
15369,-2.5248678588506106
15370,-1.107521992117617
15371,-0.8324392426958093
15372,-0.11774743843839319
15373,0.07638621260965694
15374,-1.7182181990649648
15375,0.4778893276563375
15376,-0.43042636441160076
15377,0.6910957889843915
15378,-0.6887158490581244
15379,0.8840695707842852
15380,-0.6698306441559041
15381,0.1998476414809089
15382,-0.05609331162940434
15383,-1.888717884807707
15384,-2.4354068257988075
15385,-0.9000505060609445
15386,-0.4627740980557399
15387,-1.1349110443997046
15388,-0.975755795880232
15389,-2.5786477150239397
15390,-2.3080315377303067
15391,-1.865074111066184
15392,-1.6723227301372003
15393,-2.1336578419706598
15394,-0.9081389250337545
15395,-0.6846684365796636
15396,-0.8725058242900554
15397,0.12664189824084637
15398,1.6262867355411061
15399,-0.5262404871132147
15400,-0.3876971862001585
15401,1.8426196680737477
15402,-1.1361593787873596
15403,-1.5365854128980878
15404,-0.6269863156533535
15405,0.4170315431106208
15406,-0.456817625870521
15407,2.274427683100951
15408,-2.0445848776533766
15409,-0.7191208327677376
15410,-2.280572270083691
15411,-1.0447096559089148
15412,-1.0135489720063835
15413,0.15455084381236794
15414,-0.6406045713860207
15415,-2.1306149005076467
15416,1.1509567930656794
15417,-1.0944864746914078
15418,-0.6613638262737244
15419,-1.1383917990822403
15420,-1.7061543123853078
15421,-1.4494692939006075
15422,-0.36981855693416077
15423,-1.083303491379442
15424,-1.2118275787095327
15425,-1.6990237601935454
15426,1.2318811164921213
15427,-0.3514892759243028
15428,-0.39753879448345786
15429,0.9167402878803057
15430,-1.6916812672315045
15431,-2.5068594322346063
15432,0.11429316875283335
15433,0.9597586180340171
15434,-0.039867521454616694
15435,0.8981407026071977
15436,0.5999671711130181
15437,-0.45488022194692357
15438,-0.19417440967411626
15439,-2.2367288779886736
15440,-1.2997474682698424
15441,-0.6097147542214284
15442,-0.03397294410020346
15443,-0.8659614211077187
15444,-1.820863777975143
15445,-1.035902039874042
15446,0.1645138501976191
15447,-0.4749996937344507
15448,-1.7696762468796619
15449,-2.0177191098920284
15450,-0.5738927163279641
15451,0.7433181789705147
15452,-1.2378697653063853
15453,-0.26149297788659664
15454,-0.047823311329026175
15455,-0.5077599169442062
15456,1.5195720366415908
15457,-0.5572481081989186
15458,-1.3565265551654482
15459,0.21663380212985053
15460,-0.23940813967346591
15461,-0.2696976185798061
15462,-1.8155275404863986
15463,-1.1607374646540738
15464,-0.6308342865578764
15465,0.30737707320245977
15466,-0.5328795903115031
15467,1.0126553572229837
15468,0.10637369085943904
15469,-0.6294516215644396
15470,-0.09742793201756972
15471,0.23644796774514393
15472,-0.2880528113397626
15473,0.24876020365531604
15474,-1.6197564675847378
15475,-0.3103044011316409
15476,-0.41420216606337923
15477,-0.27760317802796836
15478,0.04253163313700736
15479,-0.4129746988507548
15480,-0.681679276476279
15481,-1.6924122077185744
15482,-1.636795643902261
15483,-1.1373067546754874
15484,0.07320931778670658
15485,-0.5707118623052234
15486,1.2522535343556693
15487,1.5039310658710558
15488,-1.763791762166397
15489,-0.8685735436707345
15490,0.016106177833344337
15491,1.787297265011503
15492,-2.277110942396443
15493,1.0749922453597063
15494,-0.4785091967877951
15495,-0.7207204428715184
15496,-0.40696510192005475
15497,1.6433994992370418
15498,-0.3686402925861616
15499,-1.7830877342047267
15500,-0.9136785133594276
15501,0.4930977182389246
15502,-0.1941168662285482
15503,-0.8246998370653087
15504,-1.0999777396972859
15505,-0.7306626748187651
15506,0.7125814209655734
15507,0.2934922023884649
15508,-0.5598823361535693
15509,-1.8649441332426249
15510,0.5778679845017952
15511,-0.4352850385265268
15512,-0.3919328655034147
15513,-0.3619914007316015
15514,-0.22906956432211706
15515,-0.030810660566987558
15516,1.330904207829529
15517,-3.3980553218512592
15518,-0.623408525893818
15519,-0.895816700107783
15520,0.6493224611661397
15521,-0.536304353792034
15522,0.20058919272076015
15523,-0.10754087296678706
15524,-1.0256191013889295
15525,1.9755258023096673
15526,-2.282811487845668
15527,-1.2318054810112624
15528,-0.22086215862878789
15529,-1.3469150287719251
15530,0.11476059677821626
15531,-1.8860837693389252
15532,-0.38398987914854
15533,-0.3994937875829779
15534,-2.6288144702686687
15535,-0.3391632088118291
15536,-2.549624069811273
15537,-0.5047933189303893
15538,-0.6911245193972362
15539,-2.1998244374050833
15540,0.6890959187765868
15541,-0.34029768200125166
15542,-0.7811836609321033
15543,0.3850444485281127
15544,-0.42325730953818314
15545,-1.2326775498479428
15546,0.6101692982685019
15547,0.6543458353398625
15548,-1.0984177288528552
15549,-0.06786105363267392
15550,0.012500256574952684
15551,-0.7638856049368472
15552,0.1349473295500454
15553,2.255388094293136
15554,0.3115257161831573
15555,2.4266815981351315
15556,1.0148271936693005
15557,-1.0881148128746214
15558,-0.3156324428991679
15559,-1.9552329611101724
15560,0.1513007587294134
15561,-0.7831354931011164
15562,0.31226947324398696
15563,-0.2712989333627782
15564,-1.0241694247832855
15565,-1.1619841261405275
15566,0.197257034997109
15567,-1.2378401303840312
15568,-1.4643956182328088
15569,-1.7009484690794157
15570,-2.1233040348825014
15571,0.20114733162853676
15572,0.5154957627644834
15573,-0.6615048517881043
15574,-0.13006562552371048
15575,0.35555657981946187
15576,-1.4347202671256665
15577,0.2882374548909121
15578,0.07116224627477963
15579,-2.4146738341687652
15580,-0.6183811415779807
15581,-1.3493615697894765
15582,-1.0074082634384771
15583,0.09740480030803556
15584,0.09926471228589986
15585,0.8646327610856575
15586,1.2252805150360484
15587,-0.2148069500539586
15588,-1.4736516332196699
15589,0.35845764525002904
15590,-0.7016912398716371
15591,-1.407562509609715
15592,-0.2961453141024549
15593,-1.412826928562338
15594,-1.3490425918951061
15595,-1.3336783620308283
15596,-0.4573046812645034
15597,-2.331227672661956
15598,-2.6450165773067145
15599,0.3144947518651541
15600,-0.23928406971287858
15601,-0.6242657766563103
15602,1.107239096066896
15603,-1.5897211837642389
15604,1.9780040786772144
15605,-0.7781570650501082
15606,-0.3167487876903301
15607,1.1277130011717058
15608,-0.9198116749136565
15609,-1.433623763878483
15610,-1.7526031480942859
15611,-0.6120157969708927
15612,-2.5143785663321285
15613,-0.8453433537315307
15614,0.24234896934288963
15615,-1.4510790776810518
15616,-0.14942305278438395
15617,-1.0230705995370246
15618,-0.7537353975970329
15619,-1.6679919368271836
15620,-1.383919957958157
15621,-1.1407072652306762
15622,0.18321631854384823
15623,-0.7485584601671224
15624,0.35528667198551445
15625,1.1258991971982815
15626,-1.5635694740734558
15627,-0.8922453799674864
15628,0.3663168162166113
15629,0.7105922159907645
15630,-0.22787153633482787
15631,-2.420734672094046
15632,-1.0257225570303081
15633,-1.202982231555462
15634,-0.633264413519997
15635,-0.5495803630019026
15636,-1.0212464076980141
15637,1.9948617153042894
15638,-0.5280535227822313
15639,-1.894538082723866
15640,-0.6715151243296892
15641,-1.4968828584534513
15642,0.7580160950379531
15643,-0.7436262676541971
15644,-1.8167535224935905
15645,-0.36685137303403764
15646,-1.0711794514541633
15647,-1.0858264829661821
15648,0.6403093357483753
15649,0.06484044495896601
15650,0.28158239135648644
15651,-0.5925288033406944
15652,-0.7261507892219498
15653,-0.4311923013304162
15654,-2.907698564102188
15655,-0.4424147997345387
15656,-0.8348942833393881
15657,-0.6796602852438058
15658,-0.4459259993533373
15659,-1.3136045064216537
15660,-1.631244868206831
15661,0.2090774654402433
15662,-0.9598753123377747
15663,-1.257614112905282
15664,-0.45964990535497496
15665,-0.7402909124207719
15666,-0.7363372761750844
15667,-1.0575776943296376
15668,-0.6138021578859747
15669,0.21208068607858477
15670,0.17953036791402732
15671,-0.9946631743181006
15672,-2.295246823003274
15673,-1.7130212584954534
15674,-1.7526712894582328
15675,0.10637713101887837
15676,-0.08433777722646174
15677,0.4946772964354797
15678,-0.7451726828479313
15679,-2.3899890310260115
15680,2.370833131296103
15681,-1.554312902183698
15682,-0.4591517692064106
15683,-1.0717383091351884
15684,-0.8950294757790945
15685,1.4143287608264632
15686,0.9908417865241596
15687,-2.8005657349057373
15688,-1.7883860037888013
15689,-1.6759267609393174
15690,-0.3197570250046029
15691,-0.35452486244983783
15692,-0.3314654805305173
15693,-0.8386926760968861
15694,0.23673114400867568
15695,-1.8454047604673072
15696,-2.4912743069504963
15697,-1.5702604151908437
15698,-1.8245697174806466
15699,0.04642041100611116
15700,-2.4983910092265877
15701,-0.7295040653900472
15702,-1.2855892442755117
15703,-0.51297680678757
15704,-0.4475720336445087
15705,-2.1264748096996993
15706,-0.4096850389803739
15707,-0.8129656403583942
15708,0.21373929582933263
15709,0.07501118320947919
15710,-0.46485521763214976
15711,0.10368751163504508
15712,-0.39027881161475697
15713,-1.0634541167320148
15714,-3.1592520121450973
15715,0.9873179568436479
15716,-0.9161747282708029
15717,1.104843190268522
15718,1.242451260766772
15719,-1.5907635725957436
15720,0.09339172551255137
15721,-0.3269141153999066
15722,1.3223832641163815
15723,-1.1556690810486276
15724,-0.23530834177824386
15725,-0.9441206731070197
15726,0.11812008839090227
15727,-3.0549014585713232
15728,-1.2961230402814043
15729,-0.7322387370599801
15730,1.0818228510926193
15731,-0.6672892792892235
15732,-0.9625787335885301
15733,-0.5813470649475079
15734,-0.509163321501318
15735,-0.9082914855849811
15736,-0.8040452472562174
15737,-0.9219958489957304
15738,0.16355765899330676
15739,-1.3432488666309361
15740,-1.101723786814001
15741,-1.106528430237194
15742,-0.1108554413627855
15743,-0.7064786136276138
15744,-0.5864079785542096
15745,-0.7187193582478344
15746,-0.6903194600306998
15747,0.27120231751420476
15748,-1.2198641524115956
15749,-1.3637234160326246
15750,-1.5901356269085147
15751,-1.121386272258442
15752,-0.8244998906251022
15753,0.2763889048598056
15754,-0.08830100394934537
15755,-1.5818450051672397
15756,-1.065912236496266
15757,-0.5166762624485016
15758,-0.21375280163722876
15759,-0.009773556422052243
15760,-0.29005154668230465
15761,-0.4450740131832995
15762,-2.566836895839745
15763,0.6659972516847248
15764,0.4897015917670548
15765,-1.8167412648227512
15766,0.2395730233481398
15767,1.0992533833860203
15768,-0.16880892135724068
15769,0.5453788773357358
15770,-0.5655011339841527
15771,-1.2086674422752182
15772,0.08265681646403955
15773,-1.8864989932434262
15774,0.48913381724619814
15775,0.42952472046703805
15776,-1.2655620842327355
15777,1.1315093832292806
15778,-1.2394885216669664
15779,0.57900305681281
15780,-1.3680805638107014
15781,-0.7410022119383459
15782,-1.5008491885216766
15783,-0.5069248456400717
15784,-1.4150660249237401
15785,-1.2146132557127656
15786,-0.37757231388080925
15787,-1.6806276579241517
15788,0.4865094964218746
15789,0.38463349399755303
15790,-1.616473331929317
15791,-0.6564436706184107
15792,-0.7422743643610068
15793,-2.923701090139336
15794,-0.1915979047316313
15795,-1.3254012248742622
15796,-2.388727652705446
15797,-0.841498133829276
15798,-1.3253053078773915
15799,-1.9486921843984817
15800,-0.3813662019467503
15801,-0.4684668320300752
15802,-0.04465589108021084
15803,0.15382995910479497
15804,-1.0199149331921311
15805,-2.0877613644558206
15806,0.7336254016895479
15807,-1.5114902922988747
15808,-1.0240625952333833
15809,-1.5681365062647998
15810,1.1264309257643745
15811,-2.063330844646065
15812,0.3871902990128448
15813,0.8359703356040827
15814,0.013385033939061985
15815,-0.13366358047491977
15816,-1.3641209007774608
15817,-1.2350641314227933
15818,0.23342380789642103
15819,-0.547602613947304
15820,1.2231025948999636
15821,1.2029678580463776
15822,-0.4173608513219374
15823,-1.0339668739136203
15824,-0.3742535468733901
15825,0.16034639293334713
15826,0.5966668381971627
15827,-0.7568059869575321
15828,-0.5731043695949871
15829,-0.7164052518705617
15830,-0.1982515318923983
15831,-1.3781638475952458
15832,-0.5149708201973227
15833,-0.8829619921706247
15834,0.8263316838668202
15835,-0.0387933606384947
15836,-1.8098938865647904
15837,2.2262585676589364
15838,-1.5426696072869346
15839,-2.1239865199960937
15840,-0.32738180236125924
15841,-0.8909968179084746
15842,-1.6558953804997043
15843,-0.06030418153070877
15844,-0.7173491164788737
15845,-2.439930533535801
15846,0.28103046729481695
15847,1.1917353749690878
15848,0.09213360650456093
15849,0.4444335696730742
15850,0.2065692827937572
15851,-0.2758831554613277
15852,-0.6925974101251722
15853,-1.7394146825909123
15854,-1.425636396453891
15855,-0.5792149711538942
15856,-2.5558484052377866
15857,-0.5674649065053734
15858,-0.9685234971139596
15859,1.2154783116191021
15860,0.7502032659146178
15861,-1.4629317350500586
15862,-0.5520181541815032
15863,-2.4541184852957216
15864,-1.8709511281904598
15865,0.4546492942392254
15866,-0.418614315421203
15867,-1.2336899959657808
15868,-0.11654954597955947
15869,-0.5866917180866923
15870,-0.45247652581891795
15871,0.04869590136984003
15872,-1.2538301462098684
15873,-0.9872548215788419
15874,-1.0562135683165306
15875,-0.9491416314457412
15876,-0.33394236035669944
15877,-0.15854163238339258
15878,-2.9426191688269747
15879,-0.4767420317293407
15880,0.06343204777474143
15881,-0.03159134783462847
15882,1.6080359094683514
15883,-0.38574463055840114
15884,-2.474238599800964
15885,-0.47101359652411295
15886,-2.20371884597027
15887,1.729945411258692
15888,1.4837857311865892
15889,0.32409036630466237
15890,-1.0147948982924537
15891,-1.2669682383205698
15892,0.8538739989696364
15893,-1.3222119755741786
15894,-0.00563893874404614
15895,-0.41339412706289735
15896,0.8417346034700915
15897,-1.0715739031801008
15898,-1.2959398075914192
15899,0.21374281625420316
15900,-1.5046635762193752
15901,-0.7113740130656757
15902,-0.5429819811897398
15903,-1.9577655490473864
15904,-1.9656018756543396
15905,0.35205290043889303
15906,-0.08198382069835497
15907,-0.41946971736563254
15908,1.5838310035859113
15909,-1.2925803978238646
15910,0.5430411575981062
15911,-2.0067100203388257
15912,0.04790959324847785
15913,-1.3269479993913076
15914,-2.2157429509561712
15915,-0.28494256496831616
15916,0.8009838744931079
15917,0.15220434848865932
15918,-1.849584340121856
15919,-1.6242142428533757
15920,-1.8009498715934324
15921,-0.139188073681359
15922,-0.855880296445858
15923,-0.1861186848187837
15924,0.7710867320391406
15925,0.35204432249779805
15926,-2.8023297043130047
15927,-1.607348119571205
15928,-0.3765970321295367
15929,-0.31174495735698315
15930,-0.8440672188512652
15931,-1.8591921085976515
15932,0.3194980297848057
15933,-0.8748682460723469
15934,-0.5001417332415945
15935,0.6690598600572508
15936,-1.8276114242626047
15937,-1.3368421563795077
15938,-0.8471584812481516
15939,-1.8903189135851195
15940,-2.0131275580710706
15941,-1.4549020352597215
15942,-1.0188806133360728
15943,-0.8113392281520506
15944,-1.1552915628466398
15945,-0.2934902399454735
15946,0.6256954593445796
15947,1.5120758158291796
15948,-0.700338354457186
15949,-1.0618705960804944
15950,-0.4416891032669772
15951,1.124296922089569
15952,-0.2018116032648951
15953,-0.7666569232292947
15954,-1.4867135703221792
15955,1.1726847243943292
15956,-1.8869971610256693
15957,-1.1779700544749692
15958,-1.394399961716217
15959,-0.2626340360596964
15960,1.3603865114096894
15961,0.6977867290316172
15962,-0.601295811684996
15963,-0.47537253834925997
15964,-1.6693757756027698
15965,-0.5459976475766635
15966,0.6743052758127435
15967,-0.09673999007822565
15968,-1.1138546389343178
15969,0.12272929050013365
15970,-0.6448921056180826
15971,0.01711180673888671
15972,0.22777741938378043
15973,-1.7004248359770733
15974,-0.101787386097977
15975,-1.9097955345294753
15976,1.8414073207162693
15977,-0.42530605684853134
15978,-1.835838258282756
15979,-1.474790149740534
15980,0.04823582221024769
15981,-2.288003036276233
15982,-1.432205753327702
15983,-1.170834631160481
15984,-1.2832524957853297
15985,0.40081550772656016
15986,-1.0516114448596734
15987,-1.6165664448659263
15988,0.2003855899438487
15989,0.8043529152845299
15990,1.0644613687232405
15991,0.11113078966633783
15992,0.2786049081324388
15993,0.440406458895477
15994,-1.4424016385011942
15995,-1.3641860943175312
15996,-0.9418055938955998
15997,-0.46403522224527477
15998,-1.111342407355393
15999,0.5156059745816776
16000,-1.8330376588619204
16001,-2.1349692420217066
16002,0.6708721324562006
16003,0.16089355375980857
16004,-1.1859938916356076
16005,0.28790125491938356
16006,-0.7851178585555552
16007,0.41009347543057045
16008,-1.0986541048927099
16009,-1.6762984886182766
16010,0.8553460007615459
16011,-0.20747746657026706
16012,-0.023020329216365987
16013,1.0870623522084741
16014,-1.3630651680525188
16015,0.5842006996260122
16016,-1.270916898915237
16017,-1.1675210175533843
16018,1.216191040057293
16019,-1.4401053284579195
16020,0.12095294314697635
16021,-1.4657662394688196
16022,0.40178967259299836
16023,0.15208991408857203
16024,-2.853395662919635
16025,-2.00402692785103
16026,0.14483401889692926
16027,-1.8024324150675377
16028,0.5194310694245396
16029,-2.851515696836182
16030,1.7435777995069814
16031,-0.6401320343150354
16032,0.263947874487943
16033,-1.4303077368127215
16034,1.0045003476875638
16035,-0.21650106251758858
16036,-1.398509863470595
16037,-3.5995973502941014
16038,-1.379347791756525
16039,-0.21921396501612245
16040,-1.5246188371719942
16041,-1.0470471231323881
16042,-3.0649877950414863
16043,-0.11816078357943277
16044,-0.7739873374940713
16045,-0.48628227890179054
16046,-1.2310196422657598
16047,-0.6197070563262836
16048,0.682092110315225
16049,0.6916193256764211
16050,-1.8187201959594006
16051,-0.26484732646669895
16052,-0.36374898032022074
16053,-0.3821029515023705
16054,1.1472632088429053
16055,-1.1076267230469152
16056,-0.5357470208674574
16057,-0.7850685196150577
16058,-0.8419610231726459
16059,-1.1380802936295895
16060,-0.9385805077630371
16061,1.4478578986936064
16062,1.2780583967522376
16063,0.4204413823837719
16064,-1.1443299174452508
16065,-0.45429204604671836
16066,-1.384231409820277
16067,-1.1693022569625113
16068,0.4117455188581132
16069,0.13543702420820525
16070,-2.532837871388165
16071,-0.3284091050581561
16072,1.6122645285546204
16073,-0.8047931949025529
16074,-0.07643491651839612
16075,-0.11871370034617235
16076,-0.5720354343341318
16077,-1.144665263415193
16078,-1.4972347958326993
16079,-0.4221938344597588
16080,-1.8663423192181487
16081,0.6581875961889116
16082,-0.10973978311312232
16083,0.21571254464899714
16084,-0.09769013203486365
16085,0.4790072057451007
16086,1.8901834256313275
16087,-0.4254704101356791
16088,-1.2231866285141557
16089,-1.013545647857078
16090,1.5453974020918808
16091,-0.7836086137414379
16092,-0.16700035856216466
16093,-0.9992664699340272
16094,-1.9333185111837419
16095,-0.7726550418032829
16096,-0.05405883465613853
16097,-2.602343369641289
16098,-1.8121862056908675
16099,-0.16719669712694296
16100,-1.1917369382606742
16101,-0.34992744666221465
16102,-0.21032024931807358
16103,-1.8806782175876724
16104,0.03711948043793867
16105,-0.31457646253526245
16106,-0.22373217743905624
16107,0.5440453393262427
16108,-2.0462817628906707
16109,-3.6943442204933588
16110,1.4811900074689306
16111,-0.10980538290180253
16112,-0.6164341971512296
16113,-0.68110133956171
16114,0.33091066880580366
16115,1.3084834186631302
16116,-2.069676776996741
16117,-1.3596810743490915
16118,1.2428496422019961
16119,-1.486554263355029
16120,-0.7402463193612535
16121,0.1553919948506849
16122,-0.9978775075106308
16123,0.9452892552849939
16124,-1.2210832194928356
16125,-1.4188474618960403
16126,-0.03232533709195895
16127,-2.3437362969308473
16128,-0.6101143555333425
16129,-0.9222042275937954
16130,0.3366026043470341
16131,-1.3979104908940208
16132,-1.0656046233412138
16133,-0.18836618603997185
16134,-0.4927087845727781
16135,-1.3956666919434753
16136,-1.6226738363563575
16137,-1.0442954340680792
16138,0.2514353934186486
16139,1.5773454727603342
16140,0.2578811438368569
16141,-2.02477698999483
16142,-1.7065981145222424
16143,-0.7485729704920563
16144,-0.6310903075639054
16145,-0.8556742292043036
16146,-0.3189373725569561
16147,1.8174025160142617
16148,-1.2764665169172136
16149,-1.600632546111118
16150,0.05565378279977272
16151,-0.046127950872973916
16152,-0.47328402301951666
16153,2.077219040280018
16154,-1.0320225378173253
16155,-0.9906846167737733
16156,0.8377108959187791
16157,-2.202812323490968
16158,-1.6126498173804187
16159,0.017763549403348233
16160,-0.5535981140761683
16161,0.5710942515482793
16162,0.4519438420311284
16163,-0.2743905634896282
16164,-0.008302570223892858
16165,-1.2196231265634427
16166,-0.6173213153173771
16167,-0.5803598323906369
16168,0.35107905517978655
16169,2.765530977874712
16170,-0.31018954647398483
16171,-1.5789366649945717
16172,-0.6482460968893939
16173,-1.36433062513625
16174,0.33078081319519914
16175,-0.8421101908900545
16176,-0.40314086373124974
16177,0.8743212456928616
16178,-0.10240709811607329
16179,-0.850390175195983
16180,0.6473233318995877
16181,-0.5056869879090565
16182,-1.8012362787530283
16183,-0.5586196582408856
16184,-1.2526316546993597
16185,0.6613338636654446
16186,1.0342821276205456
16187,-1.5200668551303789
16188,-1.5611538326512784
16189,-1.7879851493944847
16190,-1.7248995235695341
16191,-1.4217257584235374
16192,-2.542940965500733
16193,-0.2696491750005807
16194,-0.5133028628950373
16195,-0.8442608412876582
16196,0.24762757712059913
16197,0.4735599375552956
16198,-1.5158020042687272
16199,-0.028227119068979234
16200,-0.5932652933914172
16201,-1.1509440083320401
16202,0.7276434381194284
16203,0.585990660592371
16204,-1.4513533094034003
16205,-0.14457847815617508
16206,-2.9721200258889002
16207,-1.8130155112266748
16208,-1.541290093890074
16209,0.35979728503862285
16210,0.5558744749553337
16211,-0.8645433056388436
16212,-1.5256172914675317
16213,0.1458076691476673
16214,-0.5586069979436613
16215,-2.0867873619903685
16216,0.16038437812016218
16217,0.29943357333394593
16218,0.04531050156260195
16219,1.2567204036232427
16220,0.9402567658959949
16221,1.5887743131643643
16222,0.45001107510075833
16223,0.2616052644293928
16224,-0.7003058927983932
16225,0.8550698487646998
16226,-1.5337443550061949
16227,1.2429500307322359
16228,-1.087034078621391
16229,-2.40583101026197
16230,-1.443756182611845
16231,-0.6329016664154279
16232,-2.428646586565704
16233,0.05707580599201645
16234,1.0569040459416215
16235,-2.124485913179066
16236,1.401272969135987
16237,1.2268854760553995
16238,-0.866648262541897
16239,0.5751381016536735
16240,-1.2483563189293556
16241,-0.829320285517725
16242,-0.6431032935101142
16243,0.3590645055259092
16244,-1.4638390794028275
16245,-0.6098483813147951
16246,0.19552888475740215
16247,-0.22710724367922858
16248,-1.0188449228161944
16249,-1.2692030589329393
16250,-1.5389145818190801
16251,-1.3909840790627417
16252,0.3127519101238829
16253,-0.5866543488883662
16254,-1.5477166128495523
16255,0.4878676401287916
16256,-3.4857305897099
16257,-1.2478028746695629
16258,-0.37840824562511033
16259,-2.6436343060779635
16260,0.5692893546976457
16261,-1.3699882275811397
16262,0.5159049714151018
16263,-0.9668409302214387
16264,-1.9173804040651996
16265,-0.12936060884841605
16266,-0.6151876298837813
16267,0.1552997317686426
16268,-1.1804468148681164
16269,-0.8930056490539636
16270,-1.3291116258959799
16271,-0.7102251719818533
16272,-0.419119249141631
16273,0.8769275385479275
16274,-1.7007231284573319
16275,-0.06717497650454513
16276,-0.5218561911730343
16277,0.06806919035497835
16278,-0.9470295837491719
16279,-1.8409096853514568
16280,-1.9864968357760797
16281,-1.3552463169764963
16282,-0.36507993826866647
16283,-0.33050467591334737
16284,-0.682038759200468
16285,-0.9149990713803946
16286,-0.18454713001076967
16287,-1.4023072130115382
16288,-1.450885717928926
16289,-1.7208719277370714
16290,0.8544741459432023
16291,-3.1216109086876074
16292,-2.427973436762337
16293,-1.7317853846940547
16294,-1.0558533371216585
16295,-1.1818158538410173
16296,-0.8931261445852964
16297,-1.0471847021902452
16298,0.18151084492302877
16299,-1.8676520075385497
16300,-0.6924575162490776
16301,-0.5777030267898347
16302,-1.2891748073266278
16303,-0.3718344459241596
16304,0.35370733573319424
16305,-1.07031422895544
16306,-1.4822611974211353
16307,1.6353295505495815
16308,-0.8783648200035119
16309,-3.3503772872807107
16310,0.012460022772036394
16311,0.641293243752067
16312,-0.540902923931608
16313,0.6755910960207714
16314,-1.4513330194498422
16315,-0.8126183055664017
16316,-1.5759438929876899
16317,-0.737561739053576
16318,-1.0833810123667005
16319,-2.0358674622654664
16320,-0.5504223793883954
16321,-2.4537843925906606
16322,-1.2323715213444133
16323,0.6357569272221737
16324,-1.2808144822661347
16325,-2.610482599786251
16326,-0.6320046269296713
16327,-0.8574484742755716
16328,-1.6106448591744356
16329,1.5649850932313076
16330,-0.704318781510947
16331,0.6896921791170147
16332,-1.4606159480243208
16333,-0.45284481308443325
16334,-0.3599425574409165
16335,-0.5086311488694567
16336,-0.9052555106006036
16337,-1.199269450969676
16338,-1.1481359358918422
16339,-0.415939291419682
16340,-0.12443246599985414
16341,-0.5026920114838844
16342,-0.6057645643770946
16343,-0.5227037755515856
16344,-1.8679301623814704
16345,-0.8739983557054095
16346,-1.3411750948796257
16347,-0.4656345654046068
16348,-1.434446179110878
16349,-1.3254932903443
16350,-0.2859268466438152
16351,2.182237817339318
16352,-2.5080499495970248
16353,-0.6008476966536462
16354,-0.7421236736909699
16355,-0.8710345968148739
16356,-1.5430079831538914
16357,-0.4418858976995157
16358,0.05605047198603508
16359,-0.7447637570458334
16360,-1.6101879511837311
16361,-0.6066584497886724
16362,-0.18328910134084145
16363,-1.2902635328444094
16364,0.37330865850098127
16365,-0.3839047788376202
16366,-0.6272826422066815
16367,-0.2909803925584421
16368,-0.825423864541816
16369,-2.2713864634390757
16370,-0.5297341521176727
16371,1.8615394076521512
16372,0.12900379653219568
16373,-1.030904227007738
16374,-0.215883242078647
16375,-1.0516381724787254
16376,-1.7790691349522723
16377,-1.3548852757354997
16378,0.9323398920036837
16379,0.5353098185372815
16380,-0.7158773428841992
16381,0.932902006045541
16382,-1.0188867687382626
16383,-0.18220989002259635
16384,-2.6318256323214952
16385,-0.6249698195289359
16386,1.090744683792068
16387,-2.566196433931094
16388,-1.575138223694339
16389,0.9639865937575857
16390,-0.5784533502505859
16391,0.8676883238480936
16392,-0.177106917030281
16393,1.5366326072228778
16394,-0.5154602182670228
16395,-0.42708922701391566
16396,-2.6369849005614587
16397,-1.6886833723839267
16398,-0.6665503060437079
16399,0.022768851373450093
16400,-0.870491330223256
16401,0.8201524041292989
16402,0.8972828383310629
16403,-0.298050300049743
16404,-0.15238023841275372
16405,-2.0257119162749153
16406,0.34393006858232744
16407,0.7684901240880715
16408,-1.0248984740831837
16409,-0.7894052640827611
16410,-0.09152621030903241
16411,-0.3529502624240978
16412,-2.2700259155966522
16413,-1.5495623841683643
16414,0.6289937975252005
16415,1.238967864801195
16416,-0.7364005755305658
16417,0.024302110043015857
16418,-2.047850813889312
16419,-0.9281683397033432
16420,-1.2084291381725425
16421,-0.4297765422606831
16422,-0.7128022677746411
16423,-0.7713413666549684
16424,-0.48297699465124433
16425,-1.119114973742368
16426,-1.5817947164870385
16427,-0.07214459767050485
16428,-1.4017081464760395
16429,0.1167219306037752
16430,-2.066086876586469
16431,-0.16938485741103992
16432,-2.4954586814227206
16433,-0.6523288806867065
16434,-0.34264595362377515
16435,-0.2790171366406474
16436,-1.8894786821933947
16437,-3.001194370195202
16438,-0.9640786200201386
16439,-2.2417107201124846
16440,-0.7563834211427918
16441,0.7827000739540582
16442,0.47790044434855694
16443,0.6647542330152947
16444,-0.215521973922723
16445,-0.16591478645064245
16446,0.8941581911488415
16447,-0.270778337161955
16448,0.5534666229639067
16449,0.9605782881109627
16450,-0.9370609259469096
16451,-1.1473974695735192
16452,-1.6668816148365724
16453,-0.5014153060749741
16454,0.009977048587776927
16455,-1.1579068222811886
16456,-0.06215762594574603
16457,-0.7687737671353159
16458,0.15062100511771537
16459,-0.9844035523673839
16460,-0.906514275545253
16461,-0.8893367606828456
16462,-0.17212203032633855
16463,-0.03345361076473419
16464,-1.3320809214807174
16465,-2.282812686428576
16466,-1.0597229787340614
16467,-1.652796236159919
16468,-1.4630710810399923
16469,-0.2562388004387421
16470,0.20577796374827315
16471,1.2486846091476784
16472,-0.4311524109864867
16473,-1.012125516392997
16474,-0.16081607329135889
16475,-1.4156305664584272
16476,0.3484435850947869
16477,-0.08451009503115103
16478,-0.31033497905412877
16479,0.27585466727597274
16480,0.8550718916120101
16481,-0.889806891614334
16482,0.620739619515173
16483,-0.23098343982500427
16484,0.8286701971449584
16485,1.4644539562548031
16486,0.03884166457033578
16487,0.7980753759848408
16488,-0.182519759317186
16489,-1.9968954762439708
16490,-0.6852688340107225
16491,-1.9800091134939712
16492,0.07305406949083554
16493,-0.529501390382936
16494,-0.45839595404238326
16495,-1.6741330149873754
16496,-0.2195261850476362
16497,0.01320846418591548
16498,-0.9023300648508643
16499,-0.6459255563870866
16500,-1.1139388108413018
16501,-0.6826582250733639
16502,-1.1228994686669274
16503,-1.644032690227124
16504,-0.6299928000378304
16505,-2.006427431207519
16506,-2.294125208279424
16507,-0.10231023094814862
16508,0.2721086722318504
16509,0.2407674487475766
16510,-1.9737295239166583
16511,1.2587941915829084
16512,-0.2178282346406899
16513,0.15722833415548165
16514,-2.20954724924107
16515,0.13599275362650332
16516,-0.09638053894988496
16517,-0.3706958725690411
16518,1.4596775160670352
16519,0.21740511114404648
16520,0.3112958005132617
16521,-0.7743126158924554
16522,-0.5027397112051619
16523,0.08521207504246564
16524,0.103342308834388
16525,-1.6883861213907494
16526,0.05299182184022988
16527,-1.0508662357624006
16528,-1.7171087935097344
16529,-0.6771078356256603
16530,-2.405886734329247
16531,-0.7475586284494519
16532,-0.8710034797796945
16533,-1.6394635249877214
16534,-1.9348472429958914
16535,0.9627818237164238
16536,-0.035493034207305096
16537,-1.2383046607505677
16538,0.5329176287315833
16539,-1.273411356678456
16540,0.12851788212875043
16541,-1.2656058518439417
16542,0.37675518770026784
16543,0.0772892436164333
16544,0.05204759782550539
16545,-0.19492593358161403
16546,0.4063771409207827
16547,-1.2170268357620124
16548,0.9800425529263594
16549,-2.3292040187467133
16550,-2.2398725828798285
16551,-0.8310302624675363
16552,-0.18748929040991658
16553,-0.3713285205145319
16554,0.020732709499199364
16555,0.5096682479611079
16556,-0.536412677048361
16557,0.25075614790652534
16558,0.07653279887727238
16559,0.8336630140150446
16560,-0.45415036346402043
16561,-0.2142335075045479
16562,-1.244202372865241
16563,-0.4628829778559962
16564,-1.463814597417512
16565,-2.4267844886532197
16566,0.7694792603616174
16567,0.4341486001244169
16568,-0.9173338060813715
16569,-1.8248692555047077
16570,-2.0977868993179865
16571,-0.7733860322206109
16572,0.011226536017112654
16573,0.07483572164936048
16574,-0.1955541892561818
16575,-0.7675890633961072
16576,0.6922629534779686
16577,-0.589568115921833
16578,-0.28512239267684863
16579,-0.9245171475651628
16580,-0.17339961745418175
16581,0.2706448454548981
16582,-0.009945306327431958
16583,-0.015096750637093037
16584,0.5299938739536291
16585,0.06256205807094661
16586,-1.1094690307195556
16587,-1.6665077190077162
16588,-0.7528532436636262
16589,-1.5179906632880165
16590,1.2160904655360119
16591,-1.3738228463396283
16592,-0.6820081428280431
16593,0.31278858211455274
16594,-0.9504836397908192
16595,0.7049077214962538
16596,-1.8791421580943262
16597,0.6897124478315293
16598,0.4637495929864291
16599,1.6976153067020967
16600,-0.45497277123019775
16601,-0.4140524699409678
16602,1.1129704312626008
16603,-2.0470072263559977
16604,-0.5452553878431932
16605,-0.824673113890975
16606,-0.8728850334565716
16607,0.12271578918781245
16608,-0.9497244330808834
16609,-0.8282448071116466
16610,-0.07360047292548288
16611,-0.6962369289905337
16612,-0.27982096933447015
16613,-2.022365349054179
16614,-0.7712710379586628
16615,0.7485730928119615
16616,-1.2917428588102708
16617,-2.16914912024135
16618,-0.04551780997384569
16619,-2.204173820566882
16620,-0.49982380926304426
16621,0.48029072092789105
16622,-1.4725620704678883
16623,-1.4985347353671519
16624,-0.2864818947155304
16625,0.14410110551523403
16626,-0.8162317497898851
16627,-0.011233083305556002
16628,-0.2430458009853195
16629,1.0478602513936686
16630,0.8138492897124715
16631,0.5749947389760788
16632,-1.32169569649372
16633,-2.221239230655751
16634,-0.2641729378806166
16635,-2.162608548780678
16636,0.5874768590360291
16637,-0.8396508688331679
16638,-0.45463772249691853
16639,1.3847049499249797
16640,-0.42858837947690687
16641,-1.477777981179233
16642,0.3734509571014346
16643,-2.6444583242309605
16644,0.6216153031974219
16645,0.6588636716122267
16646,-3.056386453858295
16647,-1.1745974812828066
16648,-0.11488863122633808
16649,-0.6367455907305577
16650,-0.2008770935348116
16651,-0.663437574682465
16652,-0.9594844416297363
16653,-0.822801621488108
16654,-0.12504145723983406
16655,-1.2696479068469124
16656,-1.207583147333328
16657,0.1668485479616666
16658,-0.5369895347091675
16659,-1.5144280280612186
16660,0.8954101465194981
16661,-1.6568053974064432
16662,-0.7356002299979257
16663,0.21123863144755606
16664,-0.7050867780408419
16665,-1.2128109756067242
16666,-1.1982524637286276
16667,0.9234935501432106
16668,-1.8705347005194572
16669,-0.9835064590484797
16670,-0.4111428468242493
16671,-0.3948690574370675
16672,-1.0817688221990327
16673,-1.0591687211801728
16674,-0.9303360930426174
16675,-0.7133271089927956
16676,0.45605845121927935
16677,1.3360232128248009
16678,-0.026561022533585207
16679,-1.3920949235297102
16680,1.0071410326781538
16681,-0.23645001472274974
16682,-0.33886313974610893
16683,-2.320261583896657
16684,-0.5964973233072761
16685,-0.9367107155948311
16686,0.6631813596489757
16687,-0.27675457140562976
16688,0.40251755306173964
16689,-1.4193197975229555
16690,-1.7634763441622172
16691,-1.5698927576857504
16692,-0.3226622344682066
16693,-1.207977324721592
16694,-0.3776004678848255
16695,1.7461248653651162
16696,-3.2695255042055735
16697,-0.295695196332626
16698,-0.2656762975094127
16699,-0.2180269561011886
16700,-1.1673607458748196
16701,-0.9623764564336635
16702,0.6922901927862871
16703,-0.2720348858113607
16704,0.614513019760403
16705,-1.6808368377967768
16706,-0.4798656533381296
16707,-2.4729196785658663
16708,-0.3014779348481209
16709,-0.7925376890562853
16710,0.2827748262652241
16711,-0.34478944246751364
16712,0.36622604964078626
16713,0.8512551082515214
16714,0.34548983995557514
16715,0.02163985923806333
16716,-0.8511520377272013
16717,-1.962300771703092
16718,-0.12134704095827109
16719,-0.04020351008286216
16720,-0.5430677820239214
16721,-2.9026377256967875
16722,-0.5820620601717145
16723,-0.5280704274624384
16724,-0.7257944796535181
16725,-0.662217343982858
16726,1.6571539692801556
16727,-2.489279427327195
16728,-1.920227273060344
16729,-0.06559587918928944
16730,-0.3605641785728479
16731,-0.7939069562597854
16732,-1.70984277006405
16733,-0.5434094381300512
16734,-0.5675411085750315
16735,-2.1549033778428486
16736,-1.0062218664597364
16737,0.1473217106216529
16738,-1.1120495318878323
16739,0.12999306798712618
16740,-0.02216544029298101
16741,-1.1987391537802623
16742,-0.512204766861829
16743,-0.4669650361433795
16744,0.17784023773955226
16745,-1.687103646502123
16746,-1.212191827589511
16747,-1.3639780034609537
16748,0.1992635185409226
16749,2.391676403660509
16750,-0.02355444920730121
16751,0.021820714901356175
16752,-2.5627467475466656
16753,-1.835715208710019
16754,-1.3137415012667126
16755,-0.8307949265010359
16756,-1.5295774127451893
16757,-0.0859798749549584
16758,-0.8046498660334254
16759,-2.441952718431915
16760,-1.220861584757595
16761,-1.7252084289417065
16762,-0.5680385090953695
16763,0.9919052303447919
16764,-1.3519968160191562
16765,0.4573914797907783
16766,-1.5951345490778293
16767,-1.3418341523200346
16768,-0.28037567226963667
16769,-0.5002640670236901
16770,2.1024231162514133
16771,-2.310219038966886
16772,-0.8499325685275709
16773,0.2808261715934386
16774,-0.7869719743186769
16775,-0.4714749122218708
16776,0.24360667402326852
16777,-0.9519527331553943
16778,0.2446239636406332
16779,1.6027777648893997
16780,0.24102193071071706
16781,-0.5260663950790863
16782,-1.3398798152895341
16783,-0.9002307371762994
16784,-0.8060181136691844
16785,-1.3722576764743175
16786,-0.2165084515270058
16787,0.6159293081996153
16788,-1.7412222190465574
16789,-1.4924999220296158
16790,-2.669551664360009
16791,-0.5385507399606668
16792,0.7894868968316705
16793,-0.6046415101385555
16794,-0.6162834424805288
16795,-1.4664825598927567
16796,-2.042136123027238
16797,-0.16826365290135958
16798,-1.9778000391916177
16799,-1.9362683794506408
16800,0.42234194760727667
16801,-0.3729997312512402
16802,-0.3721846146342896
16803,0.4516427333523969
16804,-0.3184611225823746
16805,-0.07702679348827957
16806,-1.4024437086839918
16807,-1.9864645742984026
16808,-0.5679574218731066
16809,-1.756057187495399
16810,0.24992298329801554
16811,-1.9181239530949186
16812,0.6644174796281604
16813,-0.8254562457692105
16814,1.07043189541364
16815,-1.154864657553598
16816,-0.5298578918583643
16817,-1.3924707401755148
16818,-0.47458722123582786
16819,0.9613401377443858
16820,1.7451081979400591
16821,-1.948193957508295
16822,-0.47023242573222046
16823,0.051773322216392526
16824,1.3886720816104194
16825,-0.6503623252880562
16826,0.6404411316827084
16827,0.7903677424499329
16828,-1.012722368211987
16829,-0.5238767223528864
16830,-1.4304523638896431
16831,-0.0013131766323978278
16832,-0.12890111264223636
16833,-0.07683258908843293
16834,0.7537511703605431
16835,-1.0869429067788101
16836,1.3357847158071863
16837,0.5966173465127713
16838,-0.5007014110716304
16839,-1.5191260993298683
16840,-2.454306302798484
16841,-1.6891432214509903
16842,-0.23066101009087459
16843,-1.7861896413606337
16844,-1.4263017777808316
16845,0.5084412650165622
16846,-1.3224598666895466
16847,-1.502518033398256
16848,-1.1024934547954164
16849,0.399238113185875
16850,-1.2293493186867595
16851,0.45210747689039255
16852,-0.12504507283382432
16853,0.8055063534273165
16854,-1.3791303980213392
16855,-1.6499668159413745
16856,-2.5826078603343934
16857,-1.1032809811067004
16858,-2.5030451040132204
16859,0.08275690352907894
16860,-0.8228834227622326
16861,-0.9483763585962263
16862,-1.7345675640428584
16863,-1.1049859239526287
16864,-2.1979699754242463
16865,0.9908222580416937
16866,-1.285765385429233
16867,-1.4339634271682369
16868,-0.42071370947922726
16869,-1.1923489560139635
16870,-0.6093006344788467
16871,0.6000578151079592
16872,-2.475895149998228
16873,-0.6661680130045945
16874,-1.2687891504315532
16875,-0.31423817453477665
16876,-0.40025373199175396
16877,-2.2084125455396015
16878,-2.0822555080957743
16879,-0.7176907938086572
16880,1.2400950161403426
16881,-1.0621151893371066
16882,-0.2852705624549815
16883,0.6912453486757345
16884,1.9559177135934906
16885,1.849621028376451
16886,0.9963491028349428
16887,-0.10938499129201275
16888,-2.036985051211669
16889,-1.2228279453533895
16890,0.23318675445985448
16891,1.2153861215344048
16892,-0.35871917662250674
16893,-1.8976238166675892
16894,-1.202550248791744
16895,-1.874767084960949
16896,1.9884600835175372
16897,0.8157855230605551
16898,-1.062883144591914
16899,-1.3630587765859854
16900,-0.007203071499040779
16901,-1.01120961647
16902,0.09256016638164176
16903,-2.2386527178747766
16904,-0.7043960551146564
16905,0.21827109495481833
16906,0.5978812075583085
16907,-0.89919817618012
16908,-2.2350973314048805
16909,-0.7553863234671043
16910,-0.37404792780212126
16911,-0.9615952459446261
16912,-1.3776928811809241
16913,-1.2629615339719806
16914,1.3740881647400784
16915,0.7307171931339242
16916,-0.8345027274150555
16917,-2.362549834471566
16918,-1.356079559013831
16919,-0.9565728759210144
16920,-2.039280663257567
16921,0.22869911897939654
16922,-1.1110094087389275
16923,-0.34380664562130275
16924,-0.4236440329911746
16925,-2.2910162434332872
16926,-0.3488397009686919
16927,-0.7804065582009095
16928,-1.810683899177862
16929,-1.757045200878736
16930,-0.7700121464468391
16931,-2.840104089595771
16932,-1.684248971154151
16933,-0.8689394123580297
16934,-0.7323082971552185
16935,-0.9345998696450091
16936,0.4219338294526356
16937,-0.5859447684961209
16938,-0.05767835126417031
16939,-2.3064690807261385
16940,0.29094700360731685
16941,-0.5477230982619314
16942,-1.2983378699081884
16943,-1.0435290084562048
16944,0.2283118864825664
16945,-1.9549028061005533
16946,-3.0350273700813664
16947,-1.9890296420123623
16948,0.3409791446350874
16949,-0.18408816113904025
16950,0.81592572077294
16951,0.03881344992380187
16952,1.8460955379623512
16953,-0.4918208234436484
16954,-0.8809794303080738
16955,-0.53144464430395
16956,-0.3906735298632327
16957,0.7588670692630145
16958,1.0041364453109907
16959,0.7634186462541752
16960,-0.6062571346281942
16961,-2.076484315041633
16962,-2.6249542217572466
16963,-1.3683608688991544
16964,-0.9782643477969769
16965,-1.0770913804512845
16966,-1.668524235510393
16967,-0.6126281399854487
16968,-1.4147622455807123
16969,-0.8264007471315064
16970,2.1013445447617287
16971,-1.830903519862395
16972,-1.6653918173634485
16973,1.7259259694974098
16974,-1.5133228206042502
16975,-1.2416786409735223
16976,-0.8340384628534951
16977,-2.5650480265619846
16978,1.7939705297548025
16979,-1.633654036761548
16980,-0.5340629208917232
16981,-1.1526486519622539
16982,0.19175919830837707
16983,-0.26071762374235596
16984,0.8553284752355355
16985,2.4037041241328274
16986,-1.5566103151116577
16987,-0.5430033444818038
16988,-1.0860177761348735
16989,-0.4115852586758296
16990,-0.38144790054654387
16991,1.1884730834836734
16992,1.482158164367572
16993,0.20724557658129206
16994,-0.1979631084727579
16995,-1.2888760686255487
16996,0.4258735042166535
16997,-0.3018267070621442
16998,-1.4935980505937823
16999,-1.2861981872012849
17000,0.16405454755818905
17001,-0.5425283447640064
17002,-1.442674589802647
17003,-1.3323032025374224
17004,1.2093257794015266
17005,-2.152981282375059
17006,0.09566306180301021
17007,1.0776416019528732
17008,0.36869506651872985
17009,0.24595958786954464
17010,-2.1441163804039802
17011,-0.28497166325473183
17012,-1.6021701426154933
17013,-0.9526953163783253
17014,-0.324944039437415
17015,-0.5247695649191378
17016,1.3681422930850016
17017,-0.6281219371299929
17018,-0.5996394094853426
17019,-0.5057109513853757
17020,-0.5499552789009037
17021,-1.6579759657576685
17022,-2.88544144796404
17023,-2.3041891375527164
17024,0.36922248499828925
17025,1.439506518900148
17026,-1.3327616124125699
17027,-1.04464488127718
17028,-0.705935341131523
17029,0.0626179657733
17030,-1.7505982555709092
17031,-1.2235031542866086
17032,-1.0451438098479904
17033,0.22128979508079
17034,0.6731582445172172
17035,-0.3288726662974124
17036,0.19686571567723127
17037,-2.1567094857303313
17038,-1.572229203801022
17039,-1.8535341423831204
17040,-1.7057591841805926
17041,-2.219477264079557
17042,0.2113178153784797
17043,-0.9420099738527897
17044,-0.4748132436777785
17045,0.1399266658085313
17046,-1.8498850501408912
17047,-0.17483459134954404
17048,0.8191167826730391
17049,-0.5946477485260179
17050,-0.13351042978114314
17051,-0.25322408865778756
17052,-0.8243987796551948
17053,-0.5370855635805434
17054,0.06701813180559468
17055,-0.30872502615614067
17056,-1.3546705119046483
17057,-0.734960160479208
17058,2.3158256724747073
17059,-2.538509337277039
17060,0.28285697056490755
17061,-0.3333090219074043
17062,-2.0796072611302927
17063,-0.8774881223827917
17064,-1.912545955412939
17065,-1.7120669487245264
17066,-0.5375842949499983
17067,0.4203064371641778
17068,-0.8100543358588721
17069,-0.2810859747356007
17070,-0.49650147669489736
17071,-0.7717705105872057
17072,-2.619113537968111
17073,1.5871031800297624
17074,-1.1930866084044356
17075,-1.080047186727147
17076,2.008563484750158
17077,-0.795407582233144
17078,-0.32457636112796884
17079,-1.1703185380497267
17080,-0.5119831594720455
17081,-1.7558445088403942
17082,0.02463782749189869
17083,1.1597320573111451
17084,0.11633812452728204
17085,-1.2821524366132917
17086,-1.5031531598801036
17087,0.5485827363073856
17088,-0.8308112961577703
17089,-0.3407251729884183
17090,-0.5160494719494314
17091,-0.3093591215342041
17092,0.1100019395851799
17093,0.33736854807146743
17094,-2.140694863091146
17095,-2.24139893802906
17096,-0.5565346638085125
17097,-1.0575742230764225
17098,1.4230203493950655
17099,-1.300335979424382
17100,-1.4847100989215716
17101,-1.0792146966844234
17102,-1.3004349940508955
17103,0.6707037985642793
17104,-0.5901721850716222
17105,-0.12033970136060768
17106,-0.8985072350045525
17107,-0.5742197920157872
17108,-0.38479378751621907
17109,-0.013804088962234506
17110,-0.3686778930286221
17111,-0.7770279321429758
17112,-0.17752503518021978
17113,-0.7060632513017977
17114,-0.28240696849207725
17115,0.4655727841385419
17116,-1.9458921371067208
17117,-3.480999553985863
17118,-0.130554978701114
17119,1.122391017951906
17120,-0.24511977180260913
17121,0.06162273053757472
17122,-0.06744298713637589
17123,-1.7081022153312633
17124,-0.018138201058825243
17125,0.5081946381673301
17126,-1.225508016251491
17127,1.2441550075371328
17128,-0.1087900716584665
17129,-1.6665906653572502
17130,-0.5175987680993634
17131,0.5952822857814347
17132,-0.7148723520903906
17133,-0.5039592242549409
17134,-0.5380544448048933
17135,-0.21355112786774277
17136,-0.983319876572428
17137,-0.991538342298887
17138,-1.296758112489469
17139,-0.20024051091276887
17140,-1.6445097854791968
17141,-0.7026110421043773
17142,0.42838265355476146
17143,-0.017310003572596877
17144,-0.695961631834743
17145,2.5613462006199477
17146,-0.2148774182104206
17147,-2.6292942114468008
17148,-0.24051373515985425
17149,0.7233178078113435
17150,0.8581689768443996
17151,0.24683805143884813
17152,0.546651778015068
17153,0.20652489100762011
17154,0.9364560423999164
17155,-1.9986931530366476
17156,-1.3174067579458086
17157,-1.1209177110318747
17158,-0.9817226639189425
17159,-0.7800332492294665
17160,-0.33181667992402447
17161,0.05045750566781304
17162,-1.171061245168287
17163,1.5045730433838604
17164,-0.11058227242610222
17165,-0.761393047855457
17166,-1.286913866531781
17167,-0.13455211123516753
17168,-0.8819300753003129
17169,-0.4047501569015883
17170,-0.7935670646818815
17171,-1.2184152315224
17172,0.6351537018915989
17173,2.0597821116000796
17174,-1.467905670786497
17175,-0.06758202919769352
17176,-1.3294484065569856
17177,0.41036366514866396
17178,-1.1156797823781428
17179,-0.18882556780568083
17180,-1.548617499864441
17181,-1.0937536403684103
17182,-2.542822507480048
17183,-0.6409907007215481
17184,1.5506664339631258
17185,-0.1791636046315147
17186,-0.8372271560772445
17187,1.8663545243925803
17188,0.4654871765249663
17189,-0.11094087873253278
17190,-1.7803121422562775
17191,-2.2391901490188797
17192,0.3303753205804483
17193,-0.26221262034074483
17194,1.7361422697899465
17195,-0.6392329472620695
17196,-0.8143078822482797
17197,-1.0258620773715765
17198,-1.907125286350473
17199,-0.34017526476055404
17200,-2.5582725378226967
17201,-0.5273178662744591
17202,-2.3092391931218215
17203,-1.4000418480326045
17204,0.8400815273827347
17205,-0.700775229749191
17206,-1.3134680430233345
17207,-2.442781585590681
17208,-2.1641689446939263
17209,0.3795809866672524
17210,1.209701134048522
17211,-0.8052928823602756
17212,-0.5589364011417197
17213,-1.2623385536717593
17214,1.4231024064715316
17215,-2.3507809797353247
17216,0.710220206470301
17217,-1.3564152476689157
17218,0.8713926938550158
17219,0.5213076340101166
17220,0.45616210296409415
17221,-1.3716620434278979
17222,-1.1778365561347561
17223,-2.642415194354505
17224,-0.9669047943451133
17225,-1.8957370914809615
17226,-0.8539188160848955
17227,-0.742773742049146
17228,-1.3743445512329369
17229,-1.261885364074305
17230,-1.5118752664252093
17231,0.4027513416406985
17232,0.1208687338714084
17233,0.22646286277178096
17234,0.3159739921227881
17235,-1.193983949893906
17236,1.2081963539081504
17237,-1.4041526206735933
17238,-0.3898451852988075
17239,0.3965892561017734
17240,-0.5989527355435587
17241,-0.9658866326319573
17242,-1.8478107507051247
17243,0.6020871645315367
17244,-0.9899510385362622
17245,-1.2323586328447191
17246,-1.4269013410473692
17247,0.02251148745748971
17248,0.9845149040343579
17249,1.01964526038227
17250,0.7270784894703705
17251,-2.2070615116362498
17252,0.7615555489288812
17253,-0.13453698592920543
17254,1.6564953144918162
17255,-1.4872020906371466
17256,-1.714208228491465
17257,-0.8039846427408109
17258,-0.7064122154497724
17259,0.3839755661009097
17260,-1.6135316423606492
17261,-0.5970483360526484
17262,-1.6477390586901886
17263,0.4239251884269248
17264,0.4201684860536303
17265,-0.7120689997667778
17266,-1.0853814577966752
17267,-0.5522673373131602
17268,-0.8438522851754996
17269,-0.534360418833206
17270,-2.2802288908408577
17271,-0.8841607291869271
17272,1.1251529093727908
17273,-0.8194713324243177
17274,0.3897311670268425
17275,-2.009738415477993
17276,0.7069735884068924
17277,-1.2116318913675592
17278,-2.1736546387113873
17279,-0.7442565684841203
17280,-1.282080964906218
17281,-0.2102489843319251
17282,-0.46800653804589576
17283,1.6782598840355778
17284,0.11845187650107453
17285,1.0363955639016922
17286,0.4252159820452294
17287,-0.040276747921273004
17288,-0.7284774505030107
17289,-2.288088929742073
17290,-0.09811711388820155
17291,0.2647705615729168
17292,-1.2026656723668552
17293,-1.6107850465522393
17294,0.6457925547769013
17295,-0.017987035667639262
17296,-1.2815030107207925
17297,-1.2650518843988057
17298,-1.2754374872922272
17299,0.8650088499009203
17300,-0.5430217867961606
17301,-0.41663256697497686
17302,-0.7263742753292326
17303,1.419941167285341
17304,-2.6613356296304262
17305,-0.07859116691960089
17306,-0.8866763612621701
17307,0.7297560002245862
17308,-0.15288903187231828
17309,-1.4946648376941076
17310,-1.601656068871417
17311,-0.9095234070377121
17312,-1.3066962067216
17313,0.902543613642679
17314,0.5308834900328658
17315,-1.2145644795263963
17316,-1.6606451809503384
17317,0.7333083075712162
17318,0.9468980650416388
17319,-0.6734995606075909
17320,-1.2011136721281153
17321,-1.4136953517974478
17322,-0.25475076507501737
17323,-0.022741680428482597
17324,1.7812538196685854
17325,-0.11882855827157851
17326,-0.375441996526946
17327,-1.5171962918697814
17328,-0.07674223502988758
17329,-1.241365497844698
17330,0.5138382277718482
17331,-0.8639527370212718
17332,-2.045919079187715
17333,-0.4486753786666639
17334,-1.5948494381484997
17335,-0.33183162818303913
17336,-0.6552100429879202
17337,-0.3737889631490474
17338,0.5804221636337399
17339,0.7212949691790679
17340,-1.531645308769405
17341,-0.8631522304290307
17342,-0.687223195636272
17343,0.7782410390571441
17344,1.0998923347239027
17345,-1.6710413924192191
17346,-2.136450576391862
17347,1.2583751595843258
17348,-0.3943757354110158
17349,-2.2405280656876316
17350,-0.7031481024653011
17351,-1.647745003362564
17352,-0.9296234520304919
17353,-0.3439036175505592
17354,-2.263259828311931
17355,-0.4734622170833944
17356,-1.6992852566969892
17357,-0.1511133055454852
17358,1.4396056930801073
17359,-0.7144455528207161
17360,0.44434989443793516
17361,-1.4256847761828606
17362,-1.5352391316867662
17363,-0.5413803122774798
17364,-1.311641595382432
17365,-1.9811431617549264
17366,-1.551150137840226
17367,1.0236405761193474
17368,-0.8008890829171442
17369,-2.5471930280357125
17370,-0.5835843470732538
17371,-1.5301847750746411
17372,-2.1935503142641304
17373,-0.1732932957473292
17374,-3.1092977447358843
17375,-3.0047343233903554
17376,-1.6937524909960295
17377,0.758340902507278
17378,-1.2721228175277677
17379,-0.6011189641026911
17380,-0.3574102231893081
17381,-1.637603535810743
17382,-0.4320544530102988
17383,-2.584607668641205
17384,-0.1842530207606643
17385,-1.10482030665679
17386,0.2922915145496894
17387,-1.0604765468051827
17388,-1.0815084914241702
17389,0.4299909088757998
17390,-1.4140016017810666
17391,-1.194573164648385
17392,-1.060572297487832
17393,-2.2192810941814427
17394,0.31788297503426544
17395,-1.9551496175050047
17396,0.786292623252643
17397,-1.682980626386813
17398,1.8676609808182068
17399,-0.17558044175415233
17400,-0.5177000027219544
17401,0.48972075268576754
17402,0.4952946236816027
17403,-1.1495587144559005
17404,-1.660837394169459
17405,-0.8700375467897323
17406,-3.6340249843646357
17407,-2.0568926088952306
17408,-1.1684117129338045
17409,-0.442099946190057
17410,-0.37652628531732274
17411,-0.8776989121650459
17412,-1.1254823791430142
17413,-0.08505893990456376
17414,0.4906781069018157
17415,0.8753309387514319
17416,-0.25506658070156574
17417,1.425452033673736
17418,-1.3769484811455406
17419,0.6245349836789948
17420,-0.8330768222597149
17421,-0.2552154837166172
17422,-0.31770376760040314
17423,-1.8752026889482862
17424,-0.4202195273198099
17425,0.13292704783804762
17426,-1.4970490596887511
17427,0.4772058109146898
17428,-1.1591893750611488
17429,-1.6412073406945906
17430,-0.5119459726849396
17431,-1.1871207902286955
17432,-1.0369711773014723
17433,-2.4205387852654527
17434,-1.3216968879258144
17435,-0.22401483949904488
17436,-0.3572394357068091
17437,-0.2597821135516385
17438,0.29930810040083167
17439,-0.024078605118565743
17440,-0.23034545165468162
17441,-2.457502362145389
17442,-0.27334298790047484
17443,-0.707007357936771
17444,0.3025101336301614
17445,-0.3594345313723042
17446,-0.6562709336914403
17447,-0.7649982228744121
17448,1.5230616040727012
17449,0.24869462344045545
17450,1.3185227186801212
17451,-1.0107936224283096
17452,-2.216045348882985
17453,-1.4686631340999283
17454,-0.3563323864831849
17455,-0.6532334028061613
17456,0.5366800613292124
17457,-1.353597637055044
17458,-1.1869917366592815
17459,-1.5177846042445355
17460,0.5840269075804648
17461,-0.8788103966490463
17462,-1.3188787965744078
17463,0.7508575716459797
17464,-0.21553911352286115
17465,0.8238243109157607
17466,-1.6234536718905808
17467,0.6998198757139353
17468,-0.3440912877250839
17469,-1.7154656579218313
17470,-1.7922573335914227
17471,1.5697199019582964
17472,-1.4762934715677933
17473,-1.369888769011619
17474,-1.5901778898324395
17475,-0.03224203328432029
17476,-0.47342754325949377
17477,-1.4101519818220618
17478,-0.8745265212147257
17479,0.721921511155268
17480,-1.0126467017447076
17481,0.4566837450418315
17482,-1.51837011975787
17483,0.3607730023469794
17484,0.10448676108163968
17485,0.8094792411619103
17486,0.9691999238806297
17487,-0.11534924528328913
17488,-1.1179147190595267
17489,0.4983027727521864
17490,-0.061458527587623935
17491,-1.8770915901287348
17492,0.5406704870756465
17493,-0.557014058286502
17494,-1.4960558923046525
17495,0.37467767317843725
17496,-2.8944490844425177
17497,-0.544263455573469
17498,0.09458474945655548
17499,0.4035543612171274
17500,-1.2826290737803512
17501,-1.008975842353135
17502,-0.14721141728807013
17503,0.5280470548038292
17504,-1.5042565035895645
17505,-0.3405998065062147
17506,0.07137807800720816
17507,-2.2640067886355877
17508,-0.21172820432213235
17509,-1.889153573272055
17510,-0.5136469957192504
17511,0.08969351981825402
17512,-1.3839197795722957
17513,-0.10964422166568477
17514,0.02290985681356228
17515,-1.1100741449314182
17516,-0.03004838472474458
17517,-0.4746353813496109
17518,0.5192651881067726
17519,0.4268579632893648
17520,-1.2351440560065114
17521,-1.0531170084224897
17522,-0.09988295234922395
17523,-1.7966472809419582
17524,-1.349591983124399
17525,-0.11338853801621573
17526,0.6361255397453465
17527,-0.9828078555171792
17528,0.3869145684534523
17529,-0.5934596680910635
17530,-0.10902481634898421
17531,-0.7453382765222123
17532,0.9165496639912245
17533,-2.105057182221906
17534,0.2692255018188632
17535,0.28728809159241475
17536,0.22254208295589373
17537,0.26771759564574515
17538,-1.9301073747557647
17539,-0.4415041364815565
17540,-0.8297778506676263
17541,-0.1976802688463946
17542,1.5504555922401062
17543,-2.316266141235331
17544,0.5308537664722526
17545,-0.3956468094850998
17546,-0.1250024130922145
17547,-1.551357406102345
17548,-1.6274215806887296
17549,-2.0338444567873992
17550,1.8882447577044248
17551,1.1001317126175838
17552,-0.8768651998499246
17553,1.4135378407140018
17554,-1.8148893545180362
17555,0.8959588579124105
17556,-1.0215234377961666
17557,1.1411830044120597
17558,0.4777947916623606
17559,-2.3887310331213905
17560,0.9983109108516226
17561,-2.005914219122692
17562,1.8944546485001221
17563,-2.6129696700712843
17564,-1.4139205531492358
17565,-0.14050101731535192
17566,-0.9643036793465485
17567,0.13331493570119696
17568,-2.0433195494406897
17569,-1.9769892535122824
17570,-0.19184988206107695
17571,-1.1353435800644824
17572,-0.6484568987069913
17573,0.3318552514033183
17574,-1.3873851046183356
17575,-0.5717994687467203
17576,-1.7179650320870523
17577,0.5702550827598241
17578,0.21820453306075172
17579,-0.4298935425515311
17580,-0.12034762595538506
17581,0.36701850873359
17582,-1.0460719750345815
17583,-1.2533842345950315
17584,-0.21227534685687313
17585,-0.10537969875106545
17586,-0.32518180076307934
17587,-0.5401263305183379
17588,-1.054648102716338
17589,-0.6120846957358675
17590,-1.4815475736917056
17591,-0.725889094725731
17592,-1.4099967157645543
17593,-0.5509298058989639
17594,-2.9711172641751977
17595,-0.0879722834015898
17596,-1.6757617673177898
17597,-0.5023577075802226
17598,0.009119875065561
17599,2.712789233256718
17600,-0.20350755939498955
17601,0.5012143427033658
17602,1.1100659606465064
17603,0.42010177084561395
17604,-1.2297701879032092
17605,-0.7870642230797937
17606,-1.4481883870496457
17607,-0.9782750210569717
17608,-0.16173431883898426
17609,-2.5558193631504853
17610,1.0671218202325805
17611,-0.6564217535828804
17612,-1.2789396470669048
17613,-1.3030915414849924
17614,-0.2682203770806826
17615,-1.8891515010156834
17616,0.5624472284014694
17617,-1.024960019819271
17618,0.04458015447722652
17619,-0.6764268062243048
17620,-0.6339145885837678
17621,-1.0042878942860778
17622,-0.877571172141226
17623,-0.10670413487066754
17624,-1.7498731075081673
17625,-0.7377061106595244
17626,-1.3919416377051763
17627,-1.5435404217772262
17628,-1.409802835896577
17629,-1.436597349265097
17630,0.8006357651907081
17631,-1.598136833615639
17632,0.35117315422456613
17633,1.1339212841036859
17634,-2.562334706877657
17635,-2.957987155025597
17636,0.019891798377318137
17637,0.3533403254613292
17638,1.8254523820891464
17639,-1.5585594962028377
17640,-0.05978936641424193
17641,-2.283900778622383
17642,-0.5165440165901749
17643,-0.6718988507798164
17644,0.6558815721977106
17645,1.0459854020847872
17646,-0.43505657440023915
17647,0.2592014473494608
17648,-1.0708788439513914
17649,0.5725534118077722
17650,-1.466975108544907
17651,0.5031774519297953
17652,-1.2823089739712297
17653,-1.506987709043552
17654,-0.11170797348637618
17655,-0.5122333365543476
17656,0.4588385516948984
17657,0.003971387781240843
17658,0.5882837342746206
17659,-0.2854191679737739
17660,0.3992593529174018
17661,-1.5384504546007731
17662,-0.11825301429118085
17663,-0.46895354369158426
17664,-0.9867383838933959
17665,-0.8030789629960126
17666,-1.6606805970859126
17667,0.1709650345797506
17668,0.49495189257480354
17669,0.13712995720155552
17670,1.0562900822932382
17671,2.101230816705427
17672,1.6417841291183943
17673,-0.6611261265421307
17674,-0.7948303639515341
17675,-1.0743638297149842
17676,-1.9718984121196974
17677,-0.3183571583769531
17678,0.06200375176129147
17679,-1.5812004818423167
17680,-0.709864515248219
17681,0.26798438846764083
17682,-0.5266418248297929
17683,-0.88830226410552
17684,0.5750552703201411
17685,-1.3867185281728163
17686,0.017762515350408403
17687,-0.44593052784256376
17688,-0.2313420238000486
17689,-2.499610597074939
17690,0.12090268617821698
17691,-0.5798670237779405
17692,-0.19073598710569323
17693,-1.0761093105137962
17694,-2.442643700775445
17695,-0.10550122036983256
17696,-1.273063402234215
17697,-2.1173126903775263
17698,1.67014689824275
17699,0.20075438853082817
17700,0.023137967522638914
17701,0.4634597335335978
17702,-2.2511551386615163
17703,0.3668837832698624
17704,-0.32993043861509386
17705,-1.0128761035181393
17706,0.3097799632505165
17707,-0.25100503498028426
17708,0.1462615870993884
17709,-0.8461572383354422
17710,-1.0993661678420428
17711,-2.124021581225195
17712,-0.16179165115439464
17713,-0.2546515696419013
17714,-1.2515874088029075
17715,-0.7598288760181422
17716,-0.3369887162707077
17717,-0.10802390030880937
17718,0.2868218253308059
17719,-1.1312907860034116
17720,0.3419732909482741
17721,-0.3757596273888102
17722,0.2964472530019611
17723,-2.000567292669038
17724,-0.8363829663961234
17725,1.4681284362873015
17726,-0.4782906051845755
17727,-0.10977192814206294
17728,1.63504692054869
17729,-0.05856853320609967
17730,-0.289678429223694
17731,-0.5041378536120362
17732,0.8788309513639464
17733,-2.120482973309075
17734,-0.7353081472952849
17735,-1.1386174914377853
17736,0.2851247583415948
17737,-1.1585615974979082
17738,1.5705084897825186
17739,-1.2500581625157783
17740,-0.3453469305051875
17741,-0.29782899083206815
17742,-1.5180529514050782
17743,-1.0935907709860455
17744,0.6110835043448437
17745,-0.12699315739029315
17746,0.10370165016745281
17747,-0.08329974959674583
17748,-0.685877582617233
17749,-0.4172031476064302
17750,-1.744648908583899
17751,-0.761137785795627
17752,-0.956228744786922
17753,2.1541771646655734
17754,-0.23388320176211308
17755,1.0000341902742917
17756,-0.6572007793239297
17757,-0.41454426637692066
17758,-0.13462684068197617
17759,0.043137522202804535
17760,-0.05539671393935186
17761,0.6838387231937224
17762,0.09584483148705947
17763,-2.787715191541488
17764,1.088020900714172
17765,-0.8244085928090443
17766,-1.9253845044140678
17767,0.3882669957450773
17768,-0.13674526173570434
17769,0.02658076085772082
17770,-0.4018299540778485
17771,0.22545746206910577
17772,0.8501341134984632
17773,-0.7068022269615042
17774,-0.05580773183209953
17775,-0.4974673934834475
17776,-2.0968571862367695
17777,-1.6612304762567063
17778,-2.1622676264945055
17779,0.46201757898440543
17780,-0.5154430007847437
17781,-0.13596516155430477
17782,-1.7837109429422622
17783,-0.3243205908002626
17784,1.0234146511415096
17785,-1.0504325632381197
17786,0.4175609973871359
17787,-0.8553635859868609
17788,-0.4935563893872929
17789,-2.077268452304088
17790,-0.4452019361683267
17791,1.0266772752724522
17792,-0.4194071622143475
17793,-0.6048659283828131
17794,-2.6806376435874317
17795,-1.3294914683825727
17796,-1.3281205932684914
17797,-1.7289085351433005
17798,0.052443131907698115
17799,1.1201781642134105
17800,-2.5869775675493156
17801,-0.46541623507508767
17802,-2.418690050483928
17803,-1.7949275020105724
17804,0.36708994375934456
17805,-0.5348108092564674
17806,-1.8989231710923677
17807,-2.755349200116459
17808,0.5995026612806877
17809,-0.029701665368746855
17810,1.4182216070257028
17811,0.7247885442747477
17812,-0.8824420768932237
17813,-0.34013295217702566
17814,-0.7863438264816627
17815,-1.184318849159644
17816,-2.4406149035618476
17817,0.16174627580783396
17818,-0.14866163348759565
17819,-1.0165299147847973
17820,-0.7878367082480012
17821,-0.6425239433542609
17822,-1.7082794728206432
17823,-0.9881055249574835
17824,-1.4580369997650353
17825,-0.9672367543361404
17826,-0.01709472682794619
17827,0.5833945909766411
17828,-0.5899089780122472
17829,-1.1278345729877253
17830,-0.9707869472290429
17831,1.5879512676691656
17832,-0.7339885558428777
17833,-0.7918951568987693
17834,-0.7038440769862612
17835,-1.2517259064206472
17836,-0.5537586624682682
17837,0.643704873750597
17838,-0.27022495790443446
17839,-1.3788876599589832
17840,0.12578750364118463
17841,-1.1308241951566682
17842,-1.907890135843189
17843,0.4263776932047547
17844,0.5398036994867472
17845,-0.31907374515946596
17846,-1.8656562271966364
17847,-0.2770289015228903
17848,0.03316413834398857
17849,1.0613263091079217
17850,0.08820296095286229
17851,0.4440926417928792
17852,-2.1090139464010336
17853,0.14991343110333527
17854,-2.031208470778566
17855,-1.4124416047332502
17856,0.15426836988214387
17857,-0.4340350678806812
17858,-1.7169830256266279
17859,-0.6876654827386152
17860,-0.3387906373068518
17861,-1.5757244850936352
17862,-0.3402955073841673
17863,-2.023473904785361
17864,-0.08730710972632705
17865,0.5622292963718124
17866,0.2992515333426455
17867,-1.4180594097788592
17868,-0.16763583580961813
17869,-0.7753178317238028
17870,-1.7576935813702417
17871,-1.3603997016526135
17872,-0.568193873653175
17873,-0.2427443729167732
17874,-1.5074010623331293
17875,-0.16131999951926201
17876,-2.03464508951188
17877,-0.7749005600884086
17878,-0.7568301449494914
17879,-1.713955070122535
17880,0.10793799997971135
17881,-1.3262645235003252
17882,0.19371778799364486
17883,-1.6799970869895495
17884,-2.647127717730572
17885,-0.5894347468580806
17886,-0.4182311918908297
17887,0.11161177892714166
17888,0.37245246171988633
17889,2.163848169122847
17890,1.5829788893434746
17891,-0.2845376300249989
17892,-0.9868281613452254
17893,1.324556214678903
17894,-0.0371436417650306
17895,-0.888057794319427
17896,0.5135640154366703
17897,-0.163228402347062
17898,-0.8407681053400802
17899,-1.7484974546067584
17900,-2.380914614123234
17901,-0.06059688361072435
17902,-1.124457452196425
17903,-2.1062227995291245
17904,-1.7141154878229508
17905,-1.0509358798713038
17906,1.5634024875467516
17907,-1.4394399961298718
17908,-0.13892072682954126
17909,-1.6787317839885996
17910,-2.3251956238148965
17911,-1.2601649371169776
17912,-1.4352782000414839
17913,-0.8469808066443966
17914,-0.4485465292147496
17915,0.055867739898095126
17916,-0.8060119518267257
17917,1.0008101026338003
17918,-0.3703696675650313
17919,-1.1391782164070172
17920,-0.4269915903782836
17921,-0.3859651959055449
17922,0.7591674830057
17923,-1.3077369407273352
17924,-0.09222517149388709
17925,-0.6319032518781879
17926,-0.058787261381934464
17927,0.9339464283089681
17928,0.6269721698598882
17929,0.46360184202775345
17930,-1.3383917953239217
17931,-2.4548704028160437
17932,-0.03863233751033329
17933,-0.4533983357912506
17934,0.611890644778134
17935,-1.4589836249755146
17936,-0.4785971090835064
17937,0.054866772481491966
17938,-0.8201923159608896
17939,-2.655600177344881
17940,-1.1357939692343029
17941,-0.07921472753185221
17942,0.794070105934316
17943,-1.460687260222671
17944,0.1957535039593753
17945,-0.0952412678820333
17946,0.5958719565101399
17947,-0.4674685926584901
17948,2.687429271921588
17949,0.010124225627195005
17950,0.5056804005380542
17951,-1.400150166969356
17952,0.336867272212421
17953,-0.40350413326964035
17954,-0.24532454774128898
17955,-0.6362095583341216
17956,-1.1068741961797288
17957,0.29515273742514725
17958,-1.6213595361039266
17959,-0.8795702215948895
17960,-0.3614637746520692
17961,-0.5676130894981684
17962,-2.213924309922179
17963,-1.8969116272634032
17964,-2.3782587663150325
17965,0.6187120116657553
17966,-2.206219104730005
17967,-0.08539687568646254
17968,-0.15711328674526648
17969,1.0246256144582584
17970,-1.1123930432059632
17971,-2.1053748036915927
17972,-0.3710783599258318
17973,0.8779287824985849
17974,-0.7586204529769238
17975,0.3498461882965488
17976,-1.455226992166614
17977,-2.3128879987805084
17978,-2.6391266927985106
17979,0.58412484684572
17980,1.3010132366746179
17981,-1.3089422303762253
17982,-0.8678730811203046
17983,-1.090447638028721
17984,0.30226767419535905
17985,1.4067427640764354
17986,1.210409108712519
17987,1.1822404221078067
17988,-0.795015195676629
17989,0.7819952706535975
17990,-1.369851535183142
17991,-0.5431011149184319
17992,-1.411186442263131
17993,-0.6160780333111079
17994,0.6715578851105777
17995,-0.6156248968687794
17996,0.0621218445443491
17997,0.40678869737376444
17998,-1.2906611092027906
17999,-2.187854967184304
18000,-0.686826762115227
18001,-2.187169213693764
18002,-0.6413465589183714
18003,-1.7925587809205283
18004,-1.2567429192943431
18005,-0.17174470805638534
18006,-0.8166519886238599
18007,-0.24219614756668928
18008,2.0904352246801094
18009,1.0203342016417005
18010,-1.4765088675968863
18011,0.6582776621760227
18012,-0.8060225031934357
18013,-0.34050241237313295
18014,0.0016583963408477453
18015,-0.8909002071521566
18016,-1.1367809919577898
18017,-1.226165589589125
18018,-0.1836645037960078
18019,-1.2730693831686042
18020,0.01843540284899714
18021,0.6117551169718181
18022,-0.8557945576485151
18023,0.06684377808490699
18024,-0.14666933844201557
18025,0.010580691876832415
18026,0.933730582866299
18027,-2.277635158178116
18028,-0.7231469325709808
18029,-0.21600880271583495
18030,-1.7661436285032066
18031,-0.5213206565972736
18032,-1.055931211393259
18033,0.6096296596574853
18034,-0.69020096319409
18035,-2.432666547597392
18036,0.2865541817477445
18037,-0.7603969365596634
18038,-0.733020350264043
18039,-0.6212353087560596
18040,-0.7125316705272031
18041,-0.29255410234196166
18042,-2.211175796359359
18043,-1.1254350303644927
18044,-2.6916930326820476
18045,-0.6822110391088874
18046,-0.16047412182942006
18047,-0.21307668565147792
18048,-0.35209435183165594
18049,-1.597378030369275
18050,-0.660722882408367
18051,-0.7666858473482323
18052,1.3109864633036001
18053,-0.6322978931206762
18054,-1.2661688768217192
18055,-2.0193850234124575
18056,-0.4661584520744302
18057,-0.594557932510331
18058,0.20480598916055315
18059,-0.49794134229656795
18060,-2.524768656206744
18061,-1.1905694431466598
18062,0.8587978010224896
18063,-0.5099881618868909
18064,-0.3358443814468355
18065,0.18335357542460007
18066,-1.148614314130111
18067,0.4899695508465757
18068,-0.4276226751608507
18069,-1.0159739568112234
18070,-1.5090028411693532
18071,-0.4653318940754916
18072,-0.7396573905113483
18073,-1.0787380288360509
18074,-0.6937089966415296
18075,0.29712731924170077
18076,-0.5858438322803636
18077,-0.6569542338484239
18078,-2.142840002120063
18079,-0.9443165407631527
18080,-0.12949741752390842
18081,0.5997150493434681
18082,0.8440125738329661
18083,0.3226958324486
18084,-1.6625512184537161
18085,-0.958457832404783
18086,1.9659956913412944
18087,-1.0621205228644908
18088,-1.086576620729209
18089,0.3179641623136114
18090,-0.04561951342152282
18091,-1.3134396296501942
18092,-1.715147457441541
18093,-1.5047645141784112
18094,-0.7330629346509769
18095,-2.0813070975687267
18096,-1.172891194449585
18097,-0.10229633757375645
18098,0.3871444320735735
18099,-0.6858982979578754
18100,-2.1866510419137923
18101,0.4234100500319491
18102,0.537169115717527
18103,-1.1579038698728945
18104,0.6980391867024722
18105,-0.6610715217600076
18106,-0.052734844295600714
18107,-0.9088002357850478
18108,0.5595783292402627
18109,-0.6299116629933285
18110,-0.2245250951383731
18111,-0.7579432033658927
18112,-0.1396595315130036
18113,-0.7742761018891593
18114,-1.2534892402248068
18115,-1.6888849930794678
18116,-1.7989261471310556
18117,-0.7979768479949838
18118,-2.152233123364271
18119,0.21420451496695547
18120,0.14336837102797984
18121,-1.6582095021664127
18122,-0.9450001021642996
18123,-0.3702181420154158
18124,-0.7475212290408924
18125,0.38347068310315924
18126,-0.6130103037417796
18127,0.11784129246553254
18128,-0.4523488148673791
18129,0.6309764403648792
18130,1.1922289364108247
18131,-0.3039490688053701
18132,-0.9921317759732496
18133,-0.4897625227087756
18134,-2.289650174423646
18135,0.5448191546637485
18136,-0.6155169707660856
18137,-0.63983889688108
18138,-0.029514103936053998
18139,0.24319514014006427
18140,-0.6954958592185061
18141,-0.3838793535849422
18142,-2.3895636977289714
18143,0.5809929823117675
18144,-0.09307003911353018
18145,2.3659741399155734
18146,-0.8078327938091656
18147,-0.017368512444132067
18148,-1.1660694773020654
18149,-1.172778126456055
18150,-0.8024727573452224
18151,0.5915559605130447
18152,-1.443608009319346
18153,0.17326830004914773
18154,-0.24114548089690757
18155,0.8848344265671799
18156,-2.1784773304949185
18157,0.8727028124159053
18158,-3.1298449424089796
18159,-0.054071601980290374
18160,-0.2464738151634021
18161,-0.4571002070955946
18162,-1.6383520928602597
18163,0.2563721522332997
18164,-0.08727270180671204
18165,-1.220427753440194
18166,-1.4722025483899535
18167,-0.1973127146379965
18168,-0.7492380804410987
18169,0.9942125224530459
18170,-1.2888896867322908
18171,0.08493706408020629
18172,-0.06984929998638245
18173,-1.4454571519576975
18174,0.04497204519698561
18175,-0.614530372248004
18176,1.5078813650469731
18177,-0.3030162484530975
18178,-0.835319871786786
18179,0.4762588895689277
18180,-0.7272886924392297
18181,-2.1352422750811826
18182,0.0795473814169973
18183,-0.030929816373932495
18184,0.6952761474280611
18185,-0.38459290703546156
18186,0.0849244736699157
18187,-1.3923341676042256
18188,-0.7114068965585768
18189,-1.1377395872585028
18190,-1.1728842377304467
18191,-0.34689059597438154
18192,-1.7739370123388576
18193,-2.2731816122065047
18194,-1.4036064202651166
18195,-1.690905179760455
18196,1.0457998015890124
18197,0.16525852153887377
18198,-0.19374939795267226
18199,-0.4696915945768626
18200,-1.1664631420204845
18201,-2.8153588985333364
18202,1.4730023935184258
18203,1.2981635601293307
18204,-0.4207532821241782
18205,-0.6035395063197401
18206,-0.4507866978555348
18207,0.5080060815838873
18208,-1.7531833062048494
18209,-0.548321046441664
18210,-0.30513955459036457
18211,-3.0423315026724294
18212,-0.8719402192000192
18213,-1.0317614851877526
18214,-1.1247845835979384
18215,-2.0591527405840004
18216,-0.3233428810217674
18217,-1.377867596863518
18218,0.8598313927220829
18219,0.49833002699457796
18220,1.51487807636315
18221,-0.28047836376551666
18222,-0.7656164478984843
18223,-0.08688124298488475
18224,-0.031053977704690316
18225,0.31297848662592676
18226,0.11900879616062598
18227,-1.9232258296317655
18228,-0.9789650953591927
18229,0.29343683759093475
18230,0.5058799222607676
18231,-2.578588995177172
18232,-1.3186029580472822
18233,-0.885689111725568
18234,-0.42756275710580294
18235,-0.6161482381903802
18236,0.29748038768712104
18237,1.8770760464128449
18238,-0.7542735898557196
18239,-1.6154850406137216
18240,-0.4395023414633948
18241,-0.49267144388833717
18242,-0.385866486288171
18243,-0.2786584132482325
18244,-1.3499288119627715
18245,-1.4145550190943816
18246,-2.4667521164367976
18247,-0.6199739910322168
18248,-0.05325602102404753
18249,-0.839798658551143
18250,-0.07832157524308359
18251,0.21818631458591675
18252,0.6585780908740435
18253,1.2012378762802307
18254,-0.33188068018594774
18255,-0.45953462660944167
18256,-1.0211261108777898
18257,-1.2395457546976074
18258,-0.9783414367008367
18259,-1.3400890123054028
18260,-1.0430852547093452
18261,-0.9493215109329877
18262,-0.2522009076465538
18263,-0.17063401251172616
18264,-1.7300929675720593
18265,-2.604191721571394
18266,-3.5367902253158974
18267,1.3592617997278753
18268,-0.7904235967716253
18269,-0.10671195365085051
18270,0.2809895342787493
18271,-0.8306165810946321
18272,-0.8940465986393971
18273,-1.2762418029702622
18274,-1.9813644073246008
18275,-1.7462876651685502
18276,-1.759982182435441
18277,-1.3248749429237856
18278,-1.4718036233071041
18279,-0.6712906938499061
18280,-0.03442779449594008
18281,0.06758063033241524
18282,-0.4222354268632989
18283,-0.2676933559266863
18284,0.046596348219827666
18285,-1.0144583267473213
18286,0.7856451108726173
18287,0.32796130335045753
18288,-0.21088194275912783
18289,0.3818425277898147
18290,-1.6167549930468845
18291,-0.7504974770507883
18292,0.6216201465852804
18293,-1.5543354316781544
18294,-1.8446083962249435
18295,-1.4437933921899522
18296,0.374451159539523
18297,-1.1815963904489732
18298,1.319866165810002
18299,-1.756709408084008
18300,-1.5405854674698045
18301,-1.538079216153225
18302,-0.8523092523992454
18303,-0.6179073674263043
18304,-0.03031342258423475
18305,-0.7971330369179117
18306,0.052933743372530095
18307,-0.6286215312477244
18308,-0.20521547274900898
18309,-1.1987396726314876
18310,1.5650870188581947
18311,-1.1979982689967266
18312,1.1798001132083946
18313,-0.11572049275322899
18314,-1.9500949812092538
18315,-2.7498194716972524
18316,-0.5946164865883271
18317,-0.11946579857635056
18318,0.9298377319418804
18319,-0.6262635876796669
18320,-1.4440869669547798
18321,-1.5636174542407346
18322,-0.34222130694439823
18323,0.37368837491586065
18324,-2.820677482828591
18325,-1.0448462951417212
18326,-0.9204742256508043
18327,-0.9999037968750049
18328,-0.40954553736037647
18329,0.012042199249279545
18330,1.04645836132818
18331,-0.45905957883503423
18332,1.185948777941821
18333,-1.2801956365371223
18334,0.5494617339815253
18335,0.7411415629452371
18336,1.2997098562001668
18337,0.04293184886725063
18338,-0.03613358651060228
18339,-1.6434189965288735
18340,-0.12892334946810025
18341,1.4820087339998986
18342,-0.9168823207494492
18343,-2.406733918715441
18344,0.2350107960892684
18345,-0.931424293424452
18346,-2.907340693135532
18347,-1.1471352329558697
18348,-3.0286546778672823
18349,-1.1718361294982838
18350,-0.5846564078225179
18351,-0.734156662404706
18352,0.9710452170054514
18353,0.5244378707727282
18354,0.9475935640863528
18355,1.4757205051381936
18356,-0.9870382841733942
18357,-0.18491365213746525
18358,0.398096564823161
18359,-0.35566940937438596
18360,-1.2293850291380477
18361,0.23374279859428437
18362,-1.4651033700918488
18363,-0.16328737053447195
18364,-0.1767947721417705
18365,-0.19323272206031583
18366,-1.0136571835783672
18367,-0.2915832135260269
18368,-0.13609483603164052
18369,-0.4610812129258318
18370,-1.5141451215838666
18371,-0.48785890169335006
18372,-1.2441181870502438
18373,-1.6512964035489064
18374,-1.759698277002479
18375,-1.4115214948193713
18376,-1.8626253893060132
18377,-0.6397069191180194
18378,-0.21097873017349622
18379,-1.5720956801065387
18380,0.7998802317524759
18381,-2.7720237125999296
18382,-2.05895560259855
18383,0.8310263745783418
18384,0.6618983981757465
18385,-0.3126193752295584
18386,-1.1923269026872063
18387,0.6157491920582967
18388,-1.2281480727405183
18389,-1.148315289427371
18390,-1.751042176481238
18391,-0.2698493983369657
18392,-1.2801910805168875
18393,0.1579179645368024
18394,0.1517968705724319
18395,0.7538344306310252
18396,-0.3267258224554532
18397,-0.8190765785296675
18398,-0.5697819228891623
18399,0.39409297808082244
18400,0.5982193327911884
18401,-1.1860896626857986
18402,-2.344243172849731
18403,-0.42958917966446397
18404,0.7359344533139807
18405,0.5768846048558273
18406,-1.0928201863992464
18407,-2.058121080566074
18408,1.4287019133903032
18409,0.5940305928751572
18410,-1.4762699509090684
18411,-1.2383901372352215
18412,-0.484677458730622
18413,-0.05521658433107346
18414,0.5113183780512887
18415,-1.530713810423582
18416,-0.6211030341674262
18417,-1.2545647805983644
18418,0.2583257637216845
18419,1.0877856100971468
18420,-1.2305749489510944
18421,-1.6730386163175415
18422,0.2133857239162523
18423,0.9340883428432699
18424,-0.17561437998861662
18425,-0.6963281314441417
18426,-1.5810625262521927
18427,-3.009550752944918
18428,-2.022091705439659
18429,-2.0844681643379426
18430,-0.14513007036814923
18431,-0.4065975556918898
18432,-0.4447097715328213
18433,0.32607756344816574
18434,-0.6231355561943919
18435,1.2013939098899864
18436,-0.9044309378191772
18437,-0.5093097090108283
18438,-0.6537207804763543
18439,-2.492300395819311
18440,0.9198660619152297
18441,-2.414833764964203
18442,1.7908396633964725
18443,-0.8025444761850208
18444,-0.9494773429342256
18445,-0.06413767098478584
18446,-0.8402069875011997
18447,0.7611861702954723
18448,-0.8000191696559902
18449,0.4885482372151081
18450,-0.7563979409021606
18451,-1.7761026368698123
18452,-1.8660719027915298
18453,-2.141174560685357
18454,0.7204563719257038
18455,-1.0486989443230736
18456,-0.018537344921595755
18457,-1.243577727198711
18458,-0.5372177435481529
18459,1.0703267309567353
18460,-0.044162077121643994
18461,1.3746444695636109
18462,-0.23733034914240014
18463,0.3766325175334557
18464,-1.8112153460935203
18465,-1.4714997177825686
18466,-1.4275910592264325
18467,-2.3244134645083214
18468,-1.1563286945397877
18469,-0.807385400847934
18470,-0.3633880628866684
18471,0.6039769689180947
18472,-0.11183089205461673
18473,-1.290540713612458
18474,-1.1478481971177352
18475,0.5734385489810554
18476,-2.105277798062292
18477,-0.9922223482120041
18478,-1.1160403081614838
18479,-1.3724022994866578
18480,-0.1944065133454972
18481,-1.9252372116218355
18482,-1.8072876699472855
18483,0.5544235030062139
18484,0.9026567823368723
18485,-1.792532440598206
18486,-1.5221365415246468
18487,-0.16755683066088048
18488,0.19097024497365123
18489,-2.0597493737818224
18490,0.14073302088760375
18491,1.3322886870679143
18492,-0.521762202721619
18493,-1.0906207611113277
18494,0.12021908400021714
18495,1.6464613629637859
18496,0.11045311866465302
18497,-1.3218622265634523
18498,-1.0476643220739628
18499,-1.1218416726180374
18500,-1.1149049314842427
18501,-0.19277065286092562
18502,0.09199507184544842
18503,-1.0759025419376174
18504,-1.4399622680206612
18505,-1.4112669619125007
18506,-1.681180411100336
18507,-0.812193603839538
18508,-1.0868501529176346
18509,0.311718913849784
18510,0.08554304236809718
18511,1.6028529896778354
18512,-1.1989430370545437
18513,-0.7252188768611175
18514,-1.7677334686425312
18515,-0.08140745843760691
18516,-0.6550789466414122
18517,-1.4500970110139701
18518,-1.6451222593765582
18519,1.0206992015595335
18520,3.145037932115356
18521,-0.47540476955051997
18522,-0.6888133602152144
18523,0.41239566292996316
18524,-0.3868231272002593
18525,-0.28746431005951834
18526,-0.878532608376547
18527,-3.535742312185331
18528,1.143447679402933
18529,-0.333988644821239
18530,-0.5385650133932542
18531,-1.231337183509453
18532,-0.5271742500174449
18533,-0.3999600860069101
18534,-0.3364774063633583
18535,0.10695897319930153
18536,-1.121810017078535
18537,-0.1261648888315498
18538,0.0522905747953214
18539,-0.7121899676386245
18540,-0.7032948629936093
18541,0.7838250213466336
18542,-0.7546628008712849
18543,-1.0502850403055812
18544,0.501551735455234
18545,0.412412556323459
18546,0.7691704689718805
18547,-1.0937473854530333
18548,-0.7165288223975981
18549,0.3897874301160047
18550,-0.6018573912598192
18551,0.036804627773032283
18552,-2.8913897746840114
18553,-0.010470691002048671
18554,-0.566911176042237
18555,0.2285598158218729
18556,-1.2932305009002651
18557,-3.0064007635525214
18558,0.24567494426400305
18559,-2.267550857533838
18560,-1.4020813222053023
18561,-0.8448385187554637
18562,-0.11682797801340572
18563,-0.7231248626759663
18564,-0.41660485680400405
18565,0.6191892969525155
18566,-0.6837505935996779
18567,0.20247445092698713
18568,-2.9157908708366778
18569,-0.15548301235732165
18570,-0.5986119773794177
18571,0.2090429630217836
18572,-0.7885750477522231
18573,0.5074380312036626
18574,-0.6832005198963844
18575,-0.9753327261705411
18576,-0.9874645368304467
18577,0.06543607168986654
18578,-2.223437882945829
18579,-1.538971758673456
18580,-1.8230700397753083
18581,0.957488818548588
18582,-0.03184929082320065
18583,-2.0543219990367314
18584,-0.3887401064938447
18585,0.5162071496705614
18586,0.48079137459955623
18587,1.0321897754704588
18588,-0.4669976130940334
18589,0.3529207176650486
18590,-1.044915400790034
18591,-0.6695499776032572
18592,-1.1088324297163135
18593,-0.5666173438276353
18594,-0.30825967203378435
18595,1.3132644502688824
18596,-0.04503377585556889
18597,0.4963432203779009
18598,-0.07157909810351543
18599,-1.757456491351026
18600,-1.9762143160583325
18601,0.29447477279677425
18602,0.5893047615905347
18603,-2.692346165967985
18604,0.20347141696276352
18605,0.47308900637331375
18606,-2.113378569866044
18607,-0.8331001359777856
18608,1.395920167455893
18609,0.050049489370369404
18610,-1.6108896844951648
18611,-1.3539138557810695
18612,-1.8006144826466268
18613,-0.9516876820790803
18614,0.14754094701740822
18615,-1.2996883928850753
18616,-1.0072476267605641
18617,0.8223401050740684
18618,-1.1348166691414636
18619,-1.1396490702507318
18620,0.6476636863823102
18621,-0.5897538840858012
18622,-1.1388581734986292
18623,0.27317139731474105
18624,0.5189261751779903
18625,-2.328121464664932
18626,1.0992553310782291
18627,-1.3767446602534883
18628,-0.645703607893569
18629,-0.2938793043344791
18630,0.9375975592015716
18631,-0.352816492243116
18632,0.6627656081443807
18633,-0.4556331869574386
18634,-0.8144827430793854
18635,-1.7667127629743944
18636,1.9165185551970194
18637,0.15191510217478463
18638,1.0826416933763836
18639,-0.003221087419765123
18640,-1.4566972059988599
18641,1.1520079315573317
18642,0.6092318369463773
18643,-1.489080583923134
18644,-0.9796542456057308
18645,0.7145524318451498
18646,-1.5937205250596496
18647,-1.0848402648617834
18648,-2.165175123581102
18649,0.3280237275267439
18650,-0.1964515957766667
18651,-1.1149475107876148
18652,-1.4095520473986318
18653,-0.5854023551876812
18654,-1.1631677685833095
18655,-1.3557819959096173
18656,1.6528117766320976
18657,-0.49540643348081415
18658,0.1061093060772369
18659,0.0005163268907003582
18660,-1.0491455527189901
18661,-0.957244423604728
18662,-0.2535150898017535
18663,-0.11321937122072734
18664,-1.3101189615974524
18665,0.9380365093133509
18666,-1.3818609667653505
18667,-1.8932027212434805
18668,0.5567531209341283
18669,0.3163341259934692
18670,-0.9468186278823725
18671,0.18638123772034304
18672,0.2987138310179591
18673,-2.9031677495440724
18674,-0.6039699175669646
18675,-1.1293852058039389
18676,-0.9332898149783009
18677,0.24072685630802426
18678,0.6934250797689151
18679,0.19817624353159724
18680,-0.5688316460444672
18681,-0.6108662139911072
18682,0.43791012035668797
18683,-0.7100544638375492
18684,-1.5725219393478187
18685,-2.1558050444173227
18686,-0.10029501751204956
18687,-0.9435436932289835
18688,-1.9047397019002166
18689,-1.3810874346374535
18690,-0.23652275158988778
18691,-2.7163842161993674
18692,-0.025687358060075605
18693,-0.6513540619774791
18694,-2.1796888932167446
18695,0.059407648558361614
18696,-1.3191796202638124
18697,-0.11528644912443052
18698,-1.7712639735644493
18699,-0.5034324529412773
18700,-0.8558326761310124
18701,-1.2510476245278608
18702,-3.80736218471826
18703,-0.7954022406626642
18704,0.41177584248092625
18705,-1.2119223602131615
18706,1.0827524562769
18707,-2.3292440961864007
18708,-1.579148343098335
18709,-0.3368287290148914
18710,-1.444523334370253
18711,-0.4001763877676117
18712,-1.2181998029256071
18713,-0.9738752011760874
18714,-1.704903863365927
18715,-1.6346474590249884
18716,-1.0743228236088307
18717,1.328541218977201
18718,-1.264756501049935
18719,-1.394051587718381
18720,-0.266397552687343
18721,1.318638256875694
18722,-1.2708514947885365
18723,-0.65672056085615
18724,-0.3278099293636143
18725,-1.531708561990916
18726,-0.47634583660775576
18727,-2.328775155994225
18728,-0.9365719676579202
18729,-1.0916310125465052
18730,-1.4882324911516944
18731,-0.5518700154798405
18732,-0.5982801770435953
18733,-0.35409612999230766
18734,-1.9893088943521904
18735,-0.10904025977741805
18736,-0.44459751691542004
18737,-0.8786682475208265
18738,-1.3182357382768426
18739,0.08261734276871957
18740,-0.34934959765596485
18741,-1.514997560084853
18742,0.6941272489669263
18743,-1.1746453379479758
18744,0.5567660905560832
18745,-0.7124921456895276
18746,-1.1211814006033807
18747,-2.394486654120823
18748,-1.8132882396500984
18749,-0.4489987145350177
18750,-0.2861972610069916
18751,-1.8681892761465224
18752,-0.6015998174297048
18753,0.3662797191770082
18754,-0.23858484425027562
18755,-0.7070252221188137
18756,0.408769266928226
18757,0.8020311453444016
18758,-2.6036985194718723
18759,-1.8137702495075445
18760,-2.5375994919703544
18761,-1.8398679044243744
18762,0.04566473326063303
18763,-0.4643510091438213
18764,-0.25798061875646766
18765,-0.8331948607511926
18766,-1.191917478193759
18767,-0.6247215208277954
18768,-0.612604581361245
18769,0.4547896570256822
18770,-1.3252794820039275
18771,0.9151621622419582
18772,0.471168743330924
18773,0.27496517352587285
18774,-0.747061317661982
18775,-2.2180198035878567
18776,-0.12263004314495879
18777,-1.1984114372019727
18778,-0.45492620178139104
18779,1.5725182579561694
18780,-1.8994892291469734
18781,-0.2537219781328811
18782,2.5655477621795084
18783,1.370864299605132
18784,-2.9198036541527723
18785,-1.564626037367987
18786,-2.631262203491502
18787,-0.1336443112878306
18788,-0.6477292359203612
18789,-1.7744248674129492
18790,0.2255859243533126
18791,-2.59302424328835
18792,-0.6566859468379626
18793,-0.9136056458059432
18794,-0.2119322671196724
18795,-0.13845848835540564
18796,-0.037907571595863665
18797,-1.3542839344794775
18798,-0.43218646823895807
18799,-0.30490673458818857
18800,0.9944978851582116
18801,-1.1471994464906845
18802,-1.2961740782619926
18803,-1.7219130854091875
18804,2.561866525052593
18805,0.4225624840814696
18806,1.1356905990481045
18807,-1.3573955351422513
18808,-1.3808042122916477
18809,-1.2874082823745199
18810,1.1535556326034695
18811,0.4841887653129533
18812,0.8995518346481676
18813,0.2247617596109085
18814,-0.4582941306874581
18815,0.43373574962450606
18816,-0.9452435547026552
18817,2.546140582901805
18818,0.2509380257369256
18819,-1.8287107614847133
18820,0.5297656536028417
18821,-1.2226910992437041
18822,0.4150541485224076
18823,-1.0134371320974003
18824,0.7164445546743541
18825,-1.1784276898904498
18826,0.6336852799299043
18827,-0.7987088920514082
18828,0.711579602067024
18829,-0.04440589907431658
18830,-0.62134887546545
18831,-1.270867239161482
18832,-1.4390321342259735
18833,-1.0347735846031698
18834,-2.4047489770730923
18835,-0.19039308486120354
18836,-0.6996066661979646
18837,0.813090437176506
18838,-0.8112103798998327
18839,-0.9361889899107796
18840,3.176453352310694
18841,-0.021478759903564876
18842,-0.688377276315503
18843,-1.6180560435484832
18844,-1.0359248725403587
18845,-0.4626128563221321
18846,0.18578132048695678
18847,-0.4586056245614951
18848,-2.977329120891709
18849,-1.1511873695360446
18850,1.8151020286766126
18851,-0.5271678833832543
18852,-1.6188606948482216
18853,-0.7006564749746208
18854,-0.7534427718229494
18855,0.16270563357918244
18856,-0.32214927620665756
18857,-1.355600904888173
18858,-1.8592169536526506
18859,-1.2061051639260003
18860,0.7782103460052879
18861,0.6620770774086092
18862,-0.7613113880921119
18863,-1.2362910984101978
18864,-0.31345094574824106
18865,-0.8585655987018865
18866,-3.0053769285492646
18867,-2.372149274059195
18868,0.3324599095053258
18869,-0.10252509989303737
18870,-0.17803316219919113
18871,-0.3243050341921051
18872,-1.0836692229708622
18873,0.004928688964209282
18874,-0.49022110166088173
18875,1.2828989408527383
18876,-0.005401408656360046
18877,0.14958591416210296
18878,-0.21482376139451334
18879,-1.7960592733826661
18880,0.7472980969068297
18881,-0.011224780742491225
18882,-0.26048040462363364
18883,0.9509300921873132
18884,0.1011520322330215
18885,-1.6579040068744693
18886,-2.115410960741843
18887,-0.14688237161459472
18888,1.0910643194798284
18889,-0.8926775845775472
18890,-0.15362230139746835
18891,-0.09293104849886769
18892,0.19019463077637355
18893,0.2350565747485715
18894,0.6233125386534053
18895,-0.1693925842676116
18896,-0.886167044876419
18897,-0.8421183629940017
18898,0.019724813431929444
18899,0.3615531449525504
18900,0.06858352719953897
18901,-0.06290813074647472
18902,1.1903920916082376
18903,-1.0365476548843666
18904,-0.10862401468213947
18905,-0.04186042800427428
18906,0.705710832360554
18907,0.4356533206028994
18908,-0.8364603118298783
18909,1.4534573971458264
18910,-1.1290247721950477
18911,-0.5354716685382482
18912,-2.143521614828555
18913,-1.1297346667054813
18914,-1.5352264304702614
18915,-1.0273194466011861
18916,-1.3199706596561316
18917,0.365730702919881
18918,-1.185191472865494
18919,-1.412396285520645
18920,-0.02002088772856403
18921,-2.451210945194252
18922,-0.10799599503838642
18923,-0.6694781314474929
18924,0.7403662375294657
18925,-1.5723976180624546
18926,-1.5781549097244667
18927,0.10800147888351819
18928,-0.7921465870182103
18929,-1.4229258122628172
18930,-0.3563405470551214
18931,-0.08219590259534981
18932,0.8834314763620359
18933,0.39442931645069534
18934,-1.4181794730514459
18935,-0.5944032633289491
18936,0.29675664271117996
18937,-1.9311777250447602
18938,-2.1871768381385057
18939,-0.010303564948053845
18940,-1.6022726168327277
18941,0.06331624578605849
18942,1.8911144063256529
18943,0.3063750999785019
18944,-0.07077045972862783
18945,-0.41596772984994856
18946,1.2328000524051772
18947,-2.524246383063865
18948,0.3054443893001215
18949,0.1329076408286356
18950,-2.3118190579705877
18951,-1.1739597872024348
18952,-1.7785531641591292
18953,-0.2500332008189241
18954,0.23067040714655684
18955,-1.3235896016089188
18956,0.544399779504331
18957,-1.2978012648879929
18958,-2.139610963331497
18959,-1.5757091000822108
18960,0.11018684047773397
18961,-0.21327990570439442
18962,-0.2908143154392791
18963,0.15098067901156664
18964,-1.2928537649781375
18965,0.9013073306548078
18966,-1.0549362365951975
18967,-0.5925560820107936
18968,-2.0522959607029265
18969,-0.7888072825836421
18970,0.745566037705223
18971,0.3154243827317099
18972,-0.5522540869499958
18973,-0.923079981411192
18974,-0.6625985153659169
18975,-1.6239920958402922
18976,-1.1080700681383733
18977,-1.4689677818719213
18978,-0.6214183287253343
18979,-1.042443175459974
18980,-0.8316396193315497
18981,0.1689276170920352
18982,-0.5194202475438341
18983,-1.4343041403854662
18984,-0.2653168614215744
18985,-2.2027516557304936
18986,0.740427961711761
18987,0.3111763232418461
18988,0.445698032490214
18989,-0.2382981435968864
18990,-1.5291889186340597
18991,-1.5560083297980691
18992,0.8315290950224965
18993,-0.33057699614213637
18994,1.2923909808404561
18995,-1.1730858443456573
18996,-1.7310977501655562
18997,-1.1249741851877504
18998,-0.6629005117940051
18999,-1.3595481048136828
19000,1.4398361290874329
19001,-2.3014954640385326
19002,-1.8646634527090173
19003,-0.5706781685899002
19004,-1.2196288997789255
19005,-1.192319407385574
19006,2.123696800218384
19007,-1.4540331568299885
19008,0.2826543130934529
19009,0.8067689665867552
19010,-0.7722743148921798
19011,0.577255043384097
19012,-2.179007991786235
19013,-0.8858398271971766
19014,-0.6974422973020026
19015,0.013486945434182496
19016,1.172422566777511
19017,-2.11176729180659
19018,1.0747970320986382
19019,1.2677808211990402
19020,-0.5796501891864966
19021,-2.0078456589033484
19022,-0.2933216777810093
19023,-0.25263906443637585
19024,-1.6380058364714305
19025,1.232177544932801
19026,-1.3833398099410696
19027,-0.11466697253633096
19028,-0.24412731047361663
19029,-2.2571753474634484
19030,0.5581771925638088
19031,1.3302296611773947
19032,-0.2487396150525174
19033,0.8150028044984003
19034,-0.9674226695122508
19035,-0.7785041145728326
19036,0.3196533869696405
19037,-0.45798799406615376
19038,-1.4742632526801465
19039,-0.3797547623427523
19040,0.2243013998448975
19041,-1.1693047331096351
19042,-1.3407217205659094
19043,-1.8477666611923171
19044,0.17436211737370144
19045,-1.5767086221997169
19046,0.38247367069848487
19047,-1.0174101808537526
19048,-1.574646424276219
19049,-0.9940573988964956
19050,-1.6944128248722603
19051,1.1936859724118112
19052,-0.48247359330443
19053,-0.7358080576037921
19054,-2.165707511653861
19055,-2.6908755948256093
19056,0.5475855827374403
19057,1.8111930073908713
19058,0.6452882690769988
19059,-1.0479937283591716
19060,0.17699777074454603
19061,0.34631173849378327
19062,-1.8741604469628235
19063,1.300769020925117
19064,-2.178289119032977
19065,-2.4190972043354897
19066,-0.4362201487471543
19067,-1.9159315382895097
19068,-2.5453729027210943
19069,-1.4749012741655672
19070,2.2235748720869974
19071,-0.010155006143690803
19072,-1.8586059252237224
19073,-1.0318582027479157
19074,0.42747320427901997
19075,-1.0020672154114867
19076,-0.5139293945534291
19077,-0.9854421431331257
19078,0.1631253209267146
19079,-0.032966175407182
19080,0.7743942378435464
19081,-1.1105879276637016
19082,-1.675805576094096
19083,1.1477953825188436
19084,-1.1372010915756958
19085,-0.720049863325854
19086,1.733564472289229
19087,0.8916275124419333
19088,-0.3406905572353447
19089,0.5894107359093814
19090,-0.5123521887807866
19091,-0.9315030981638444
19092,-1.4961777911783605
19093,0.8562007066669144
19094,0.20605776283668276
19095,-1.0648435186499408
19096,0.35861663188073645
19097,-0.7985097573307112
19098,-0.053008004998451985
19099,0.719966754777342
19100,-0.002806744675495132
19101,0.17601942090506795
19102,0.24192823535379437
19103,-1.264662075444494
19104,-1.9259028901582562
19105,0.09863943791774121
19106,0.7052442361308737
19107,0.0925395566935614
19108,0.38714862663063093
19109,0.7868002990222436
19110,-1.2966862738692788
19111,1.039348397930194
19112,0.04163942978045121
19113,-2.8567446643747427
19114,-0.002631273483264307
19115,-0.11436741817621976
19116,-4.01780613594062
19117,-1.952344256768225
19118,-1.663115512309
19119,-0.6875960187426713
19120,-0.9820535389850755
19121,-0.30265386565554253
19122,0.2593267265084884
19123,-2.3514898921334075
19124,-0.7534404798404916
19125,-1.2959328852473213
19126,-0.05099988435024849
19127,-0.8161602830869815
19128,-1.0979731940888184
19129,-1.2568910008787668
19130,0.3260569500210675
19131,-0.8863437522441873
19132,-0.7310393394021306
19133,-2.0342476914536145
19134,-0.6903701876828963
19135,-0.21264107291117185
19136,-1.7540903226956273
19137,1.1738813284340965
19138,1.0955841850258075
19139,0.003793725478931087
19140,0.3156792444996177
19141,-2.430620630731655
19142,-0.5092424233387003
19143,-0.5464008603291297
19144,-0.8221530772368917
19145,-3.026605785538149
19146,-0.8702635526249567
19147,-0.8986099736506147
19148,-0.7826131219042965
19149,-0.7137366204004472
19150,0.2866022340094836
19151,0.1292306953906902
19152,0.9401344367049573
19153,-0.01120219605563122
19154,-0.1534601185100516
19155,-0.985065836938226
19156,-0.2814385024355839
19157,-2.2587284284796647
19158,-1.8465578124257787
19159,-1.5203172252523574
19160,-0.03114946381753292
19161,-1.5861700574946846
19162,-0.7833272990884529
19163,1.1083088164196546
19164,-0.2546155030886166
19165,-1.762114772573263
19166,-0.17294069987668825
19167,0.5574352128331677
19168,-0.42647190242934374
19169,-0.007567809760759214
19170,0.23111540312407236
19171,-2.221675750947545
19172,-0.8663455650749651
19173,-0.12868249292052902
19174,-0.32353508759007493
19175,-1.5246461309304271
19176,-0.1661852077730317
19177,-0.1426209292001575
19178,1.243681896022009
19179,-0.1024948539690268
19180,-1.8064758695334526
19181,0.8047940314967093
19182,-0.40904938980940797
19183,-0.5782267778998539
19184,0.20253336988349746
19185,0.4739587988211388
19186,0.20837348165436054
19187,-0.047252379965401686
19188,-2.1056101637967384
19189,0.7555093568039795
19190,-0.09930725285714814
19191,-2.1962332713727384
19192,-0.31191020899356314
19193,1.0327290426039835
19194,-2.4269711017790625
19195,-0.6115214482698736
19196,-0.43118777025008814
19197,0.7983454143007012
19198,1.3744024337526457
19199,-0.18500011295317748
19200,0.2801304276373304
19201,-1.8859634002073815
19202,-0.3872849072252287
19203,-0.9153802033584189
19204,-1.3712767159848525
19205,-1.659398643003367
19206,-0.5561635744496688
19207,0.9909904345677891
19208,0.5294755155200398
19209,0.8741393690398951
19210,-1.3987004507850278
19211,-0.41042839346906757
19212,-2.3296458652451246
19213,-0.6204781705075098
19214,-1.5042975676999515
19215,0.4397415394528883
19216,-0.6728292761451681
19217,-2.0876312911084574
19218,-2.946870650124736
19219,0.6339787109189563
19220,-0.3650865991875387
19221,-0.5636444476485194
19222,-1.487649128229949
19223,-0.0722462910274993
19224,-0.2687114114600728
19225,-1.2616841744643816
19226,-0.2827760531603747
19227,-0.721667356916032
19228,-1.002598037151299
19229,0.12205904193975475
19230,-0.6295664094023733
19231,-2.901105649371507
19232,-0.5681205177973272
19233,0.9296707152731026
19234,-1.6358172284998531
19235,-1.1572613630856967
19236,-1.235019546921288
19237,-1.418880371998691
19238,-1.6234004979057635
19239,-0.44655216405204823
19240,0.5234741231370401
19241,0.02217511522558374
19242,1.24714357481342
19243,-1.166234949628407
19244,-0.7938850377165065
19245,-0.7810091049556759
19246,-1.055354643742037
19247,-0.13361422398176903
19248,-1.6494596238545747
19249,0.029783387159313834
19250,-0.24669595294681113
19251,-1.2739025793317695
19252,-1.6816651734104546
19253,-0.16698022128733847
19254,-0.46373253200819575
19255,-2.159404088114805
19256,-1.0651104616622757
19257,-1.0319810023683318
19258,0.6777407321056572
19259,-1.1070077837781018
19260,-0.767873019680309
19261,-2.1155401837443515
19262,0.42129317451445236
19263,-0.5475346378909889
19264,-2.711754341646204
19265,-0.6843959400846673
19266,0.7769909176807768
19267,0.7675853327107329
19268,-0.022498215614973338
19269,0.09357249345548874
19270,-0.600335816989342
19271,0.013366459484240617
19272,-1.6172767963370602
19273,0.7740227590092945
19274,0.31988385992261636
19275,-1.237814533499518
19276,-1.083004906334756
19277,-0.1671912200447625
19278,-1.036832513542426
19279,-2.4026158731375595
19280,-1.0459767410272975
19281,-0.3234400239599184
19282,-0.7195550778312808
19283,-1.7596314647767592
19284,-0.1361725766592125
19285,0.694688236559569
19286,-2.6128848122381143
19287,-1.0660475247019017
19288,-3.166841120102074
19289,0.10088808925736426
19290,-2.7058850427006726
19291,-0.06714680689438135
19292,-0.3999130521133848
19293,-0.3467179000127596
19294,0.13364728526634018
19295,0.5396597561886549
19296,0.04187291216498433
19297,0.6231555140296485
19298,-1.3422839636398063
19299,0.3430114939678177
19300,-1.016398026953819
19301,0.13927082135449043
19302,-0.5102695303819063
19303,1.215413091683465
19304,-0.03166030849027496
19305,-0.9541015703768996
19306,0.15327386024665346
19307,0.7456507127636496
19308,-2.100461502649836
19309,1.3099677248836896
19310,-1.0676379545156527
19311,-0.08540653003732845
19312,-2.305565806421824
19313,-0.6880524176327598
19314,-0.8356526376580801
19315,0.40003093940295653
19316,-1.12661500590568
19317,0.43404758418349143
19318,0.23022670292564762
19319,-1.638861877930129
19320,1.3096218494314216
19321,-2.050264172437698
19322,-2.1815477209775445
19323,1.9237094874856093
19324,-1.5767373619397822
19325,-1.1276811148375523
19326,-0.9887401967053671
19327,-0.7491553033874682
19328,-0.7845524263349773
19329,0.5201803528605933
19330,-0.2630759413183055
19331,-0.34019935311906757
19332,-0.5140309748100845
19333,-0.4393050708367141
19334,-0.6093348280406504
19335,0.4533494437700847
19336,-0.9249867796039156
19337,0.48783670338060525
19338,-0.9150712276692063
19339,-0.015561333111157705
19340,0.6265956050049084
19341,-1.0786201494544851
19342,-1.6944880932055673
19343,-2.2411589730413963
19344,-1.8688210691514027
19345,-2.993071339808158
19346,1.355437074744201
19347,0.5638945290105108
19348,-1.1841536334273708
19349,-0.931739256587109
19350,1.4478737874424332
19351,-2.136613688264992
19352,-0.6016255178692577
19353,-2.053342741257522
19354,0.21091559744457095
19355,0.950636315064733
19356,0.25297208403802085
19357,0.29630944777588053
19358,-1.6457375411624966
19359,1.3875902101474762
19360,-0.14454921892476574
19361,0.9406514523470015
19362,-0.44169295664322084
19363,-0.8534267340711051
19364,0.11578622971225494
19365,-0.6522345359082102
19366,-0.18072524464773276
19367,-2.2156753148325974
19368,-1.0806940931084943
19369,-1.7448440388650857
19370,-0.27366237683813555
19371,-1.3569986593364234
19372,-1.2548699550114222
19373,-1.0721566768599993
19374,-1.2772270076323249
19375,-0.7847033064085395
19376,0.05998047974533416
19377,-0.47519426100537115
19378,-0.21306156238325547
19379,-1.7679972809312754
19380,-0.3961419760866815
19381,-1.451769623357892
19382,-0.6681734546953851
19383,-1.5788220351256188
19384,-0.10246680381453821
19385,-0.22507679199283673
19386,0.015512908496260969
19387,-0.48543136767193595
19388,0.21238332037756735
19389,-0.22084213118146173
19390,0.44878494676427394
19391,-1.3365726707228482
19392,-0.8549645813517713
19393,0.5580263815049236
19394,-0.07773327745555036
19395,-0.4914413411305081
19396,1.6305502106690193
19397,0.4794525748040158
19398,0.019774833784452994
19399,1.9798236871778119
19400,-1.310013558398563
19401,0.26322097437190595
19402,-1.469818428733795
19403,0.17276672000151644
19404,-1.9090198774132088
19405,-1.8415517986843706
19406,0.49831281635185487
19407,-1.7166646310781088
19408,-1.671584286103653
19409,0.017895358170693876
19410,-0.9991811181670279
19411,-1.6548630240693907
19412,-1.6442171024844132
19413,-0.7995412249638285
19414,0.24599243541860688
19415,-1.1946379546574324
19416,0.30624533367227763
19417,-2.0092160633691587
19418,-0.8004008912844258
19419,-0.11737592460060653
19420,-0.584552619546858
19421,-1.3907067469874757
19422,-0.23059560860366574
19423,0.2581956954235529
19424,-0.5236974074064701
19425,-0.16594112350363655
19426,0.45476546953989616
19427,1.244128173633076
19428,-0.2090568422360692
19429,-2.162549519909173
19430,0.7552417040332249
19431,1.0124773917879328
19432,-0.164265939607253
19433,-1.6183668554547799
19434,-2.0522466329135947
19435,-1.2734244260921201
19436,0.026634248155096296
19437,-0.29942271824569733
19438,-0.06704875842689129
19439,-0.29787974972781894
19440,-0.3416011738724155
19441,-1.4601915276192177
19442,-0.07512000244138006
19443,-0.06729086938932183
19444,-2.0920148578406357
19445,-0.4176086021511851
19446,-0.5892144957829507
19447,0.6247630938712252
19448,-1.9709214287785448
19449,-2.5062089739076736
19450,-0.6033889774985037
19451,0.3727112317634578
19452,-0.5618982286617091
19453,-1.8872366601934978
19454,0.39586635562079914
19455,3.2288015376296135
19456,-1.567291102859003
19457,-0.10047891650460383
19458,0.09369137081304024
19459,-1.4184398995162564
19460,1.1076028605669057
19461,-1.094987030298398
19462,-2.3204660888716107
19463,-1.1573880765159898
19464,-1.4578531120485774
19465,0.5224741522950577
19466,-2.7294957526063532
19467,0.025403223423762722
19468,0.6486819774970636
19469,0.5481368636592481
19470,-2.0145292191312034
19471,1.1383982477881327
19472,1.2097409803525048
19473,0.5844362159043898
19474,-0.06369967592803416
19475,-2.219797318902526
19476,-1.2034109776801776
19477,-0.07598353615374981
19478,0.7625364256384527
19479,-0.20332170397996852
19480,-0.5117091193450363
19481,-0.6644967901514951
19482,0.2919449584168131
19483,-0.03826844227056714
19484,-1.0260336048356429
19485,-0.7723854715335763
19486,2.4288576646993656
19487,-0.2879104459244167
19488,-1.0065649566102823
19489,-0.8483999813486786
19490,-1.2032551100635187
19491,-0.8796749068241978
19492,-0.8621248308703937
19493,-2.3612779300180837
19494,0.9214944308390163
19495,0.5344780512251046
19496,0.7074499373266229
19497,-0.10261119234648958
19498,-0.867145264068226
19499,-1.0506334481923827
19500,-2.186798127224889
19501,1.4477497431660782
19502,0.9310181784847614
19503,-1.4681610622679364
19504,-0.9386174912793174
19505,-1.8525573507071713
19506,-1.7763300131781317
19507,-0.45584459479080475
19508,-1.7431509080775602
19509,-0.4545538173862882
19510,-0.8743321210807395
19511,0.03918155922035371
19512,-0.602072326340585
19513,-0.03861986869410794
19514,-1.4700583186133798
19515,-1.5795259711047172
19516,-0.5974505612035301
19517,0.4671096863237377
19518,-0.9396712544858399
19519,-0.024888552077984856
19520,-1.7119281836589582
19521,0.4360041521495797
19522,-1.3497916560525924
19523,-0.49453999316146113
19524,1.3482883946344812
19525,-0.41195800145856554
19526,-1.8459429963190885
19527,-0.06203852213143202
19528,-0.6508399712907745
19529,-0.943724366267187
19530,-2.054226229674529
19531,-2.7647230388999526
19532,-2.3945333721581195
19533,0.6187485679059119
19534,0.587835126037138
19535,-1.0806076762836985
19536,-1.9208603900879964
19537,-0.5165715652819756
19538,-1.6665791137256991
19539,-0.6951755746057777
19540,-3.489112248159275
19541,1.0838402739458781
19542,-0.23692585821785772
19543,0.6845680993542806
19544,-0.1421013270175826
19545,-1.3015755582205566
19546,-1.1284021858854425
19547,-0.29323243701771345
19548,0.003544457837875159
19549,0.7045035689410788
19550,-2.4777283362024614
19551,0.3104118482907937
19552,-1.7452318645751215
19553,-2.3016856477210257
19554,0.04800683516067905
19555,-0.15930943911236717
19556,-0.4107598147571143
19557,0.18924779373254053
19558,-2.5788387324775237
19559,-0.8543719724078445
19560,-0.5832782126231124
19561,0.6857247806433251
19562,-1.4247917277037603
19563,-1.1919472566762463
19564,-1.8694326795837035
19565,-0.9710527749602396
19566,0.4822538522295897
19567,0.9580954256410101
19568,-2.414298377214299
19569,-0.89663797056345
19570,1.357834117628851
19571,-1.6895221168301626
19572,-0.3988338613086828
19573,-1.3740225268878334
19574,-1.5733246285342717
19575,-0.8812616594655152
19576,-0.9920334654361196
19577,0.6596738653234504
19578,-1.0941924378649888
19579,0.40937839431342204
19580,-1.6098045907174519
19581,-1.202218643450208
19582,-0.6044463342882801
19583,-1.6870946044134114
19584,-0.16768767285150354
19585,0.5472729807298576
19586,-0.808789959243583
19587,0.5830486916739888
19588,0.09056974701717413
19589,-1.0043773760614219
19590,0.7034328213474197
19591,-0.7520414904943253
19592,-0.7959573144609153
19593,0.34294484553302507
19594,-0.7491366084896725
19595,-0.6040317490625787
19596,0.48393432673146347
19597,-0.17842329914610855
19598,0.9509596219933288
19599,-0.6789570103260328
19600,0.15778455735762426
19601,-0.0590247546138003
19602,-0.350343374642809
19603,-0.736880320762944
19604,2.110071346868258
19605,-1.3257150715062496
19606,-0.864844854606983
19607,-1.8762630818323234
19608,-1.9201760028384312
19609,-2.04081823485673
19610,-1.0173334878345397
19611,-0.882972517345876
19612,-0.954250749259437
19613,-0.9768503784419551
19614,-1.0257548709823239
19615,-1.525738145249504
19616,1.08743864799955
19617,-0.24349215447385478
19618,-1.156638461295456
19619,-1.1614510065998096
19620,-1.68911870997792
19621,1.0924193197534127
19622,-0.21373478599081913
19623,0.26314859309035765
19624,-0.9904432246921815
19625,0.8846087976158077
19626,-1.3770016962714553
19627,-0.9913901723769339
19628,-0.8187483301285144
19629,-0.32297041383789116
19630,-0.230807392595882
19631,-0.06915048243050037
19632,0.9277309864889628
19633,-1.8945167794319435
19634,-0.5110202972225727
19635,-0.710321111678662
19636,-0.9162452255540993
19637,-0.994084775107033
19638,-0.732767172217467
19639,-0.394169481717476
19640,-0.7801424108377513
19641,-1.7701890139993972
19642,0.4284290634646859
19643,-0.09842103403157765
19644,-0.008247666597072156
19645,0.2248882081061901
19646,-1.0950128329488815
19647,-0.08437661568040988
19648,2.4690151411934735
19649,-1.3694103204169834
19650,0.055295863467679895
19651,-1.1339449297717994
19652,-0.4103420175761513
19653,-0.4349308942639109
19654,0.3376401018467703
19655,-0.7458938670126389
19656,-1.5792611215755143
19657,-1.5635458230190664
19658,-0.4695295951819165
19659,-1.7404859454827109
19660,1.0459658008928139
19661,1.419786674805959
19662,0.558298061881721
19663,-1.0715101832217844
19664,-1.6275757017443016
19665,1.3510560355851653
19666,-0.649316195850131
19667,-0.6203820646683511
19668,-0.6946756051984087
19669,-1.8390412652926125
19670,-1.5080230890270911
19671,-1.589505697349844
19672,-1.7015057847566235
19673,-0.30936517661059515
19674,0.63551317656215
19675,-1.5637023982823353
19676,-1.5567381577958244
19677,-1.4485151058091172
19678,-1.5685741725242601
19679,-0.356409547557393
19680,-0.9130795088940991
19681,-0.07945094748019899
19682,-1.6376715799895813
19683,-0.8549884323418703
19684,0.5498790484933742
19685,0.006097411134044259
19686,-1.4632761662829725
19687,0.29911068127847007
19688,-1.9390662199546096
19689,-0.319526456332655
19690,-0.5854517732103097
19691,-0.06711289636818019
19692,-0.5231259559946656
19693,-2.321204542492839
19694,-0.09423582015103987
19695,-2.187784608731122
19696,-0.3513987454213244
19697,-1.1222906241700108
19698,-0.6389609312681765
19699,0.5889129105578088
19700,-0.6591212607913366
19701,-1.374794201686825
19702,-1.4869940922652736
19703,-2.5237297034034887
19704,-1.3597337419671858
19705,-0.6727398186967808
19706,-0.6552782931716445
19707,0.4479317169190037
19708,-0.6861387839519606
19709,-1.8642746071580334
19710,-1.1437189964819907
19711,-0.90904495355103
19712,-0.3888933532219814
19713,0.8085294014248078
19714,0.5086217055509281
19715,0.2338559127553017
19716,-2.564442539138012
19717,-2.162422198580442
19718,-0.44645274241237753
19719,-1.3371948903858102
19720,-1.7409911060884198
19721,-0.6229969251104406
19722,-0.027780131420297893
19723,-0.3401331262841389
19724,0.8549406763866425
19725,-0.37129515594231516
19726,-2.0935618038354926
19727,0.6298880222291136
19728,-1.113085106378724
19729,-0.8890216856737341
19730,-1.06373899116182
19731,0.06182389176449021
19732,-2.015524998540424
19733,-2.017729556344568
19734,0.043918302761596806
19735,-0.8858335423585564
19736,-2.4098414965159707
19737,-1.7228189303976142
19738,-0.549375602922951
19739,-0.34121370318566036
19740,-1.598775912632913
19741,-0.14605350304556586
19742,-0.15753446083139566
19743,-0.38247834696836636
19744,0.370520253644294
19745,-1.1777621352240295
19746,-0.14054107224066392
19747,0.9176394156694206
19748,-1.2003985020430565
19749,1.9226590433429593
19750,-0.1957296814085131
19751,-0.1723737862381703
19752,0.6996159595433176
19753,-0.6996720467806606
19754,-1.4210226803090658
19755,-2.016024268030085
19756,-1.0387619124432048
19757,-0.9926406917202086
19758,-1.3152375511827252
19759,0.7284282864906227
19760,0.4508760967712775
19761,0.07040550368752838
19762,0.08410812622124936
19763,-1.4182546100838458
19764,1.196498368215614
19765,-0.4684396367187085
19766,-1.5389565230962177
19767,0.9060545541338876
19768,1.2520669644275944
19769,0.8888975470624982
19770,-0.5493673879760557
19771,-1.7184230044276059
19772,-1.7990851334317304
19773,1.1694209162117495
19774,-0.2657952909184833
19775,-1.1789531925345447
19776,-1.0801692446658102
19777,0.6571586162797628
19778,-1.2006607978897264
19779,0.8484958778516679
19780,0.3888078787798914
19781,-0.8903014048473246
19782,-0.5440592334167993
19783,0.9065030558878566
19784,-0.27664681852901324
19785,-0.03994969378362562
19786,-1.5077222435038742
19787,-1.0663242355555578
19788,0.4522310154501179
19789,-0.7595859450949611
19790,1.1756939230142778
19791,1.6186432162994693
19792,-0.9398329756879213
19793,0.5314855689730267
19794,0.09465956660341235
19795,-0.7046653066956323
19796,-0.04794809950000345
19797,-0.7488264212285729
19798,-1.6420280194838248
19799,0.6790178865862057
19800,0.051432003703604456
19801,-1.3566480684812912
19802,-0.43716378356431507
19803,-0.23580886524919453
19804,-2.046138980718159
19805,-0.525720507695827
19806,-1.7906313584961087
19807,-0.7852257733124149
19808,-2.3643983628094825
19809,-1.9832569843506411
19810,-2.746859897079842
19811,0.587700535502805
19812,1.555870465428125
19813,0.6115356390241976
19814,-1.7182163774467716
19815,-1.0269884925650146
19816,1.363609477619342
19817,-2.9012479388173427
19818,-1.3133708003032258
19819,-1.1315911285799167
19820,-2.253450854414284
19821,0.8373552239694073
19822,-0.15934334984584064
19823,0.7885750724852734
19824,-1.002114420504303
19825,-0.05246663392100348
19826,-0.37202573912110054
19827,0.7488545537605114
19828,1.3150419141544993
19829,-1.478392616508152
19830,0.2951210141335132
19831,0.05878196417679227
19832,0.003091826104107964
19833,-1.7633131665864616
19834,-0.9872808924328297
19835,0.7904864255937951
19836,-0.17466945792760669
19837,-0.1296668029711719
19838,-1.4144211230020134
19839,0.6309678612641678
19840,-0.5368727567287019
19841,-0.2675577428870176
19842,-1.0157248031677566
19843,0.8387145345764823
19844,-0.5442694507377135
19845,0.6320756136544002
19846,-0.5552611598725221
19847,-0.21278333056432797
19848,-0.45638293463970914
19849,-1.4846156275893316
19850,-2.7775160260008214
19851,-1.0499604318771576
19852,-1.541551521475819
19853,-0.8930683161286641
19854,-1.5211887482097886
19855,-0.8742411658379388
19856,-0.7737346900107425
19857,1.3993261861610913
19858,-0.6468965849218791
19859,1.8823833049120904
19860,-0.7124256581889645
19861,-0.2537997753835759
19862,0.6223330485909729
19863,-0.3885772524594452
19864,-1.514841254243167
19865,0.21782866303069504
19866,0.6708835160300235
19867,0.039627901811610466
19868,-0.6459463753207679
19869,-1.2127540130240435
19870,0.13509689353000282
19871,-0.5482869435183447
19872,-0.8628223922714051
19873,-1.1685763523001529
19874,-0.4761172352871602
19875,0.14517782246542316
19876,-0.5377417048307165
19877,1.0035671262024624
19878,-2.0439050917727513
19879,0.23336887599605893
19880,-0.7512757954759468
19881,1.1388501042129628
19882,-0.1448651286639553
19883,0.043414248703534886
19884,-2.160077819216783
19885,-0.8936765527170739
19886,-0.16861781288200284
19887,-2.5364470450526975
19888,-1.9762439949828963
19889,-0.34336134841894683
19890,-2.074849405241371
19891,-1.451126657537056
19892,0.17220505040934386
19893,0.39399332596242453
19894,-0.9971877774290794
19895,-0.5611729580192075
19896,0.6879545361784989
19897,-1.5003178396698762
19898,-0.9262691563780718
19899,0.3447040304697786
19900,-0.8165539467830436
19901,-1.8861332359791356
19902,-1.1037421596119255
19903,-1.9661313997143974
19904,-1.5981619705522467
19905,-1.9033131262779936
19906,-1.3904749247311412
19907,-1.3045017471968974
19908,-0.8916291523031334
19909,1.1419370652065057
19910,-0.7379125259682372
19911,-2.069224323959419
19912,-2.2985121205212296
19913,-1.7070065335455378
19914,0.7919620713130444
19915,0.8965100200804186
19916,-1.3754925568543028
19917,0.41524921550184735
19918,1.0449739313994812
19919,-1.4949332888288747
19920,-2.5907731718749862
19921,-1.9223530318210873
19922,-1.4206186943702068
19923,-1.3956928253102636
19924,1.1017919407118384
19925,-0.4238752069726742
19926,-0.2780433472119064
19927,-0.6889998613439299
19928,-1.0740734625137862
19929,-1.6641188701751688
19930,0.513901000989136
19931,-0.9318976275306041
19932,0.05491189013117166
19933,-1.728229695646004
19934,0.3965961744328518
19935,-1.5002498824995454
19936,-0.7327437719488972
19937,-0.9334276616032827
19938,-2.4079755620782697
19939,0.8613464929515321
19940,0.4585918241853634
19941,-1.3490303827926182
19942,-0.22886318227589592
19943,-1.359895419402917
19944,0.3528263961375207
19945,0.40360424058508504
19946,-2.89588048358696
19947,-1.6560877817604716
19948,-1.6236612383859654
19949,-0.06513113483020128
19950,-1.6862227956243419
19951,0.16729327201041838
19952,-0.16688238616001363
19953,-0.40009243569418323
19954,-1.8259119674412831
19955,0.3780686614294549
19956,-0.5349993522860529
19957,-0.9288142420182551
19958,-0.8565998734588717
19959,-1.5271406662612335
19960,-1.6489040144176366
19961,-1.4905492913747755
19962,-3.1179620563183787
19963,-0.40066085087865166
19964,-0.3136962675043422
19965,-1.7733460703499198
19966,-0.12903497523930382
19967,-1.252882644612605
19968,-0.6878634090393683
19969,-1.0336561686196346
19970,-2.970716068757569
19971,-0.4198436334228913
19972,-0.418238141587956
19973,-0.279538651312264
19974,1.855783034733646
19975,-0.3682614313156201
19976,1.814567075805097
19977,0.3253060225572046
19978,0.17015208647272573
19979,-1.2403468142642087
19980,-0.08216304381567385
19981,-1.1323469468969412
19982,-1.0572054962761306
19983,-1.2636713475909311
19984,-0.0066528823510055846
19985,-0.704157150213727
19986,-1.3282987686763494
19987,0.8924379137984662
19988,-0.7173569019099314
19989,-1.7627112175551916
19990,-1.422764338332993
19991,-1.5767694620854456
19992,0.4272386130955501
19993,-0.9131058735751381
19994,-1.6137292656394437
19995,-1.1095045580344514
19996,-0.6651432485177511
19997,0.8388042666124472
19998,1.2766468472919112
19999,0.23765114829691725
