i,alpha,mover,j1,j2
0,-0.560475646552213,TRUE,416,765
1,-0.23017748948328,FALSE,327,327
2,1.55870831414912,FALSE,932,932
3,0.070508391424576,FALSE,490,490
4,0.129287735160946,FALSE,340,340
5,1.71506498688328,FALSE,388,388
6,0.460916205989202,FALSE,138,138
7,-1.26506123460653,TRUE,425,260
8,-0.686852851893526,FALSE,889,889
9,-0.445661970099958,FALSE,662,662
10,1.22408179743946,FALSE,20,20
11,0.359813827057364,FALSE,565,565
12,0.400771450594052,TRUE,81,36
13,0.11068271594512,FALSE,313,313
14,-0.555841134754075,FALSE,340,340
15,1.78691313680308,FALSE,513,513
16,0.497850478229239,FALSE,241,241
17,-1.96661715662964,FALSE,947,947
18,0.701355901563686,TRUE,411,670
19,-0.472791407727934,FALSE,928,928
20,-1.06782370598685,FALSE,182,182
21,-0.217974914658295,FALSE,881,881
22,-1.02600444830724,TRUE,129,578
23,-0.72889122929114,FALSE,2,2
24,-0.625039267849257,FALSE,346,346
25,-1.68669331074241,FALSE,108,108
26,0.837787044494525,FALSE,906,906
27,0.153373117836515,TRUE,392,768
28,-1.13813693701195,FALSE,39,39
29,1.25381492106993,FALSE,180,180
30,0.426464221476814,FALSE,89,89
31,-0.295071482992271,FALSE,993,993
32,0.895125661045022,FALSE,266,266
33,0.878133487533042,FALSE,152,152
34,0.821581081637487,FALSE,80,80
35,0.688640254100091,TRUE,994,707
36,0.553917653537589,FALSE,538,538
37,-0.0619117105767217,TRUE,350,805
38,-0.305962663739917,FALSE,544,544
39,-0.380471001012383,TRUE,649,394
40,-0.694706978920513,TRUE,107,294
41,-0.207917278019599,TRUE,702,339
42,-1.26539635156826,FALSE,506,506
43,2.16895596533851,FALSE,782,782
44,1.20796199830499,TRUE,474,865
45,-1.12310858320335,FALSE,128,128
46,-0.402884835299076,FALSE,611,611
47,-0.466655353623219,FALSE,161,161
48,0.779965118336318,FALSE,654,654
49,-0.0833690664718293,TRUE,151,109
50,0.253318513994755,TRUE,842,183
51,-0.028546755348703,FALSE,17,17
52,-0.0428704572913161,TRUE,892,262
53,1.36860228401446,FALSE,303,303
54,-0.225770985659268,FALSE,918,918
55,1.51647060442954,FALSE,666,666
56,-1.54875280423022,FALSE,221,221
57,0.584613749636069,FALSE,418,418
58,0.123854243844614,FALSE,568,568
59,0.215941568743973,FALSE,231,231
60,0.379639482759882,FALSE,315,315
61,-0.502323453109302,TRUE,628,945
62,-0.33320738366942,TRUE,428,732
63,-1.01857538310709,FALSE,288,288
64,-1.07179122647558,FALSE,269,269
65,0.303528641404258,FALSE,68,68
66,0.448209778629426,FALSE,701,701
67,0.0530042267305042,FALSE,154,154
68,0.922267467879738,FALSE,11,11
69,2.05008468562714,FALSE,96,96
70,-0.491031166056535,TRUE,225,841
71,-2.30916887564081,FALSE,990,990
72,1.00573852446226,TRUE,221,302
73,-0.709200762582393,TRUE,453,497
74,-0.688008616467358,FALSE,474,474
75,1.0255713696967,FALSE,919,919
76,-0.284773007051009,FALSE,539,539
77,-1.22071771225454,TRUE,418,305
78,0.18130347974915,FALSE,721,721
79,-0.138891362439045,FALSE,319,319
80,0.00576418589988693,TRUE,279,559
81,0.385280401126331,FALSE,353,353
82,-0.370660031792409,TRUE,322,189
83,0.644376548518833,TRUE,91,730
84,-0.220486561818751,FALSE,457,457
85,0.331781963915697,FALSE,965,965
86,1.09683901314935,TRUE,100,673
87,0.435181490833803,FALSE,127,127
88,-0.325931585531227,FALSE,502,502
89,1.14880761845109,FALSE,843,843
90,0.993503855962119,FALSE,76,76
91,0.54839695950807,TRUE,424,778
92,0.238731735111441,FALSE,149,149
93,-0.627906076039372,FALSE,557,557
94,1.36065244853001,TRUE,649,122
95,-0.600259587147127,FALSE,225,225
96,2.18733299301658,TRUE,930,813
97,1.53261062618519,FALSE,552,552
98,-0.235700359100477,TRUE,211,240
99,-1.02642090030678,TRUE,617,693
100,-0.710406563699301,TRUE,820,22
101,0.25688370915653,TRUE,424,249
102,-0.246691878462374,FALSE,59,59
103,-0.347542599397733,FALSE,699,699
104,-0.951618567265016,FALSE,95,95
105,-0.0450277248089203,FALSE,140,140
106,-0.784904469457076,TRUE,435,24
107,-1.66794193658814,FALSE,687,687
108,-0.380226520287762,FALSE,917,917
109,0.918996609060766,FALSE,315,315
110,-0.575346962608392,FALSE,461,461
111,0.607964322225033,FALSE,18,18
112,-1.61788270828916,FALSE,625,625
113,-0.0555619655245394,FALSE,185,185
114,0.519407203943462,FALSE,712,712
115,0.301153362166714,FALSE,148,148
116,0.105676194148943,FALSE,535,535
117,-0.640706008305376,FALSE,351,351
118,-0.849704346033582,TRUE,699,173
119,-1.02412879060491,FALSE,227,227
120,0.117646597100126,FALSE,867,867
121,-0.947474614184802,FALSE,199,199
122,-0.490557443700668,FALSE,677,677
123,-0.256092192198247,FALSE,655,655
124,1.84386200523221,TRUE,91,379
125,-0.651949901695459,FALSE,902,902
126,0.235386572284857,FALSE,989,989
127,0.0779608495637108,FALSE,550,550
128,-0.961856634130129,FALSE,784,784
129,-0.0713080861235987,FALSE,462,462
130,1.44455085842335,FALSE,805,805
131,0.451504053079215,TRUE,629,923
132,0.0412329219929399,FALSE,655,655
133,-0.422496832339625,FALSE,9,9
134,-2.05324722154052,FALSE,295,295
135,1.13133721341418,FALSE,374,374
136,-1.46064007092482,FALSE,86,86
137,0.739947510877335,FALSE,407,407
138,1.90910356921748,TRUE,177,631
139,-1.4438931609718,FALSE,727,727
140,0.701784335374711,FALSE,830,830
141,-0.262197489402468,FALSE,924,924
142,-1.57214415914549,FALSE,247,247
143,-1.51466765378175,FALSE,87,87
144,-1.60153617357459,FALSE,442,442
145,-0.530906522170303,FALSE,219,219
146,-1.4617555849959,TRUE,408,806
147,0.687916772975828,TRUE,92,174
148,2.10010894052567,FALSE,844,844
149,-1.28703047603518,FALSE,787,787
150,0.787738847475178,FALSE,369,369
151,0.76904224100091,FALSE,491,491
152,0.332202578950118,TRUE,60,918
153,-1.00837660827701,FALSE,68,68
154,-0.119452606630659,FALSE,583,583
155,-0.280395335170247,FALSE,791,791
156,0.56298953322048,FALSE,949,949
157,-0.372438756103829,FALSE,215,215
158,0.976973386685621,TRUE,332,687
159,-0.374580857767014,TRUE,956,25
160,1.05271146557933,FALSE,526,526
161,-1.04917700666607,FALSE,811,811
162,-1.26015524475811,FALSE,684,684
163,3.2410399349424,FALSE,575,575
164,-0.416857588160432,TRUE,821,835
165,0.298227591540715,FALSE,831,831
166,0.636569674033849,FALSE,18,18
167,-0.483780625708744,FALSE,180,180
168,0.516862044313609,FALSE,355,355
169,0.368964527385086,TRUE,547,572
170,-0.215380507641693,TRUE,517,467
171,0.0652930335253153,FALSE,921,921
172,-0.034067253738464,FALSE,971,971
173,2.12845189901618,FALSE,480,480
174,-0.741336096272828,FALSE,204,204
175,-1.09599626707466,FALSE,81,81
176,0.0377883991710788,TRUE,689,545
177,0.310480749443137,FALSE,276,276
178,0.436523478910183,FALSE,729,729
179,-0.458365332711106,FALSE,982,982
180,-1.06332613397119,FALSE,248,248
181,1.26318517608949,TRUE,939,249
182,-0.349650387953555,FALSE,129,129
183,-0.865512862653374,TRUE,19,484
184,-0.236279568941097,FALSE,313,313
185,-0.197175894348552,FALSE,887,887
186,1.10992028971364,TRUE,563,773
187,0.0847372921971965,FALSE,942,942
188,0.754053785184522,FALSE,28,28
189,-0.499292017172261,FALSE,47,47
190,0.214445309581601,FALSE,427,427
191,-0.324685911490835,FALSE,632,632
192,0.0945835281735714,FALSE,105,105
193,-0.895363357977542,FALSE,65,65
194,-1.31080153332797,FALSE,827,827
195,1.99721338474797,FALSE,306,306
196,0.600708823672418,FALSE,262,262
197,-1.25127136162494,FALSE,631,631
198,-0.611165916680421,FALSE,91,91
199,-1.18548008459731,TRUE,977,76
200,2.19881034888372,FALSE,383,383
201,1.31241297643351,FALSE,441,441
202,-0.265145056696353,FALSE,72,72
203,0.54319405923209,FALSE,657,657
204,-0.41433994791886,FALSE,633,633
205,-0.476246894615578,FALSE,9,9
206,-0.788602837850243,FALSE,689,689
207,-0.594617267459511,FALSE,495,495
208,1.65090746733669,FALSE,477,477
209,-0.0540281250854405,TRUE,983,919
210,0.119245236427584,FALSE,79,79
211,0.243687429599092,FALSE,805,805
212,1.23247587848534,FALSE,482,482
213,-0.51606383094478,FALSE,285,285
214,-0.992507150392037,FALSE,484,484
215,1.67569693240319,FALSE,846,846
216,-0.441163216905286,FALSE,584,584
217,-0.723065969939874,TRUE,397,102
218,-1.23627311888329,FALSE,509,509
219,-1.2847157223178,FALSE,743,743
220,-0.573973479297987,FALSE,406,406
221,0.617985817166529,FALSE,370,370
222,1.10984813892972,FALSE,802,802
223,0.707588353835588,FALSE,745,745
224,-0.363657297095253,FALSE,948,948
225,0.0597499373846007,TRUE,331,547
226,-0.70459646368007,TRUE,539,641
227,-0.71721816157401,TRUE,217,867
228,0.88465049897692,FALSE,687,687
229,-1.01559257860354,FALSE,411,411
230,1.95529396549246,FALSE,634,634
231,-0.0903195939658516,FALSE,373,373
232,0.214538826629216,FALSE,308,308
233,-0.738527704739573,FALSE,547,547
234,-0.57438868976327,TRUE,718,604
235,-1.31701613230524,FALSE,227,227
236,-0.182925388372727,FALSE,718,718
237,0.418982404924464,FALSE,847,847
238,0.32430434416138,TRUE,570,771
239,-0.781536487054751,FALSE,840,840
240,-0.788621970854002,FALSE,406,406
241,-0.502198718342861,FALSE,941,941
242,1.49606066984635,FALSE,49,49
243,-1.13730362066575,FALSE,171,171
244,-0.179051594380198,FALSE,623,623
245,1.90236182167893,FALSE,166,166
246,-0.100974885328808,TRUE,644,639
247,-1.35984070382139,FALSE,649,649
248,-0.664769435274062,FALSE,634,634
249,0.485459978904878,FALSE,451,451
250,-0.375602871669773,FALSE,726,726
251,-0.561876363549783,FALSE,518,518
252,-0.343917234128459,FALSE,145,145
253,0.0904966471392212,TRUE,793,63
254,1.59850877114583,FALSE,474,474
255,-0.088565112138884,FALSE,190,190
256,1.08079949615152,FALSE,474,474
257,0.630754115650567,FALSE,361,361
258,-0.113639895506141,FALSE,287,287
259,-1.5329020028906,FALSE,483,483
260,-0.52111731755252,FALSE,996,996
261,-0.489870453138474,FALSE,391,391
262,0.0471544327615272,TRUE,295,424
263,1.30019867766682,FALSE,108,108
264,2.29307897383109,TRUE,867,447
265,1.54758105898377,TRUE,194,115
266,-0.133150964328944,FALSE,897,897
267,-1.75652739555764,TRUE,981,248
268,-0.388779864071744,FALSE,491,491
269,0.0892072230732945,FALSE,185,185
270,0.845013004067436,TRUE,669,230
271,0.962527968484271,FALSE,152,152
272,0.684309429416465,FALSE,183,183
273,-1.39527434979947,FALSE,385,385
274,0.849643045633355,FALSE,526,526
275,-0.446557216427222,FALSE,30,30
276,0.174802700161256,FALSE,377,377
277,0.0745511771737346,FALSE,755,755
278,0.428166764970506,FALSE,95,95
279,0.0246749828261399,FALSE,191,191
280,-1.66747509758566,FALSE,636,636
281,0.736495964773442,TRUE,944,402
282,0.386026568349676,FALSE,257,257
283,-0.265651625278222,TRUE,251,175
284,0.118144511046681,FALSE,479,479
285,0.134038645368463,FALSE,293,293
286,0.221019468561002,FALSE,637,637
287,1.64084616597749,FALSE,300,300
288,-0.219050378933476,FALSE,664,664
289,0.168065383884658,TRUE,654,527
290,1.16838387306909,FALSE,383,383
291,1.05418102337692,FALSE,826,826
292,1.14526311038036,TRUE,677,525
293,-0.577468001059557,FALSE,900,900
294,2.00248273029283,FALSE,434,434
295,0.066700870930183,FALSE,21,21
296,1.86685184470686,FALSE,516,516
297,-1.35090268603071,FALSE,257,257
298,0.0209835863542375,FALSE,258,258
299,1.24991457096922,TRUE,268,819
300,-0.715242187222796,FALSE,417,417
301,-0.752688968217742,FALSE,560,560
302,-0.938538703606894,FALSE,331,331
303,-1.05251327933874,FALSE,179,179
304,-0.437159533180399,FALSE,529,529
305,0.331179172958982,FALSE,775,775
306,-2.01421049792072,FALSE,612,612
307,0.211980433372292,FALSE,473,473
308,1.23667504641657,FALSE,59,59
309,2.03757401824044,FALSE,518,518
310,1.30117599220059,TRUE,21,550
311,0.756774763795962,FALSE,329,329
312,-1.72673039911433,FALSE,536,536
313,-0.601506708006782,TRUE,398,635
314,-0.352046456582617,FALSE,758,758
315,0.703523902756895,FALSE,141,141
316,-0.105671334003774,FALSE,596,596
317,-1.25864862806017,FALSE,842,842
318,1.68443570809411,FALSE,532,532
319,0.911391291795963,FALSE,745,745
320,0.237430272491026,FALSE,275,275
321,1.21810861032581,FALSE,747,747
322,-1.33877428723497,FALSE,578,578
323,0.6608202977898,TRUE,889,194
324,-0.522912376313422,TRUE,296,377
325,0.683745521850713,FALSE,152,152
326,-0.0608219546600742,FALSE,431,431
327,0.632960713031451,FALSE,266,266
328,1.33551761505939,FALSE,165,165
329,0.00729009031689879,FALSE,684,684
330,1.01755863695209,FALSE,896,896
331,-1.18843403514798,FALSE,203,203
332,-0.721604440436015,FALSE,139,139
333,1.51921771138818,FALSE,804,804
334,0.377387973023929,FALSE,683,683
335,-2.05222282043373,FALSE,169,169
336,-1.36403745208238,FALSE,408,408
337,-0.200781015589121,FALSE,915,915
338,0.865779404334488,TRUE,749,85
339,-0.101883255715222,FALSE,432,432
340,0.624187472020653,FALSE,656,656
341,0.959005377787825,TRUE,581,116
342,1.67105482886294,FALSE,296,296
343,0.0560167332749619,FALSE,517,517
344,-0.051981906180899,FALSE,987,987
345,-1.75323735914227,FALSE,892,892
346,0.0993275940878275,FALSE,246,246
347,-0.571850057895563,FALSE,192,192
348,-0.974009582804091,FALSE,499,499
349,-0.17990623104754,TRUE,122,837
350,1.01494317274366,FALSE,685,685
351,-1.99274848868858,FALSE,160,160
352,-0.427279287205429,TRUE,52,99
353,0.116637283582706,FALSE,547,547
354,-0.893207570054953,FALSE,925,925
355,0.333902942499225,FALSE,843,843
356,0.411429920615731,TRUE,897,575
357,-0.0330361592759917,TRUE,781,940
358,-2.46589819376003,TRUE,886,506
359,2.57145814586664,FALSE,976,976
360,-0.2052992574682,FALSE,524,524
361,0.65119328158767,FALSE,651,651
362,0.273766491036548,FALSE,953,953
363,1.02467323481835,TRUE,129,453
364,0.817659446374088,FALSE,378,378
365,-0.209793171228509,FALSE,699,699
366,0.378167772208507,TRUE,31,249
367,-0.945408831123893,FALSE,468,468
368,0.856923010899319,FALSE,895,895
369,-0.461038338884354,FALSE,425,425
370,2.41677335378821,FALSE,292,292
371,-1.65104889568819,FALSE,857,857
372,-0.463987242966015,FALSE,790,790
373,0.825379862759242,FALSE,398,398
374,0.510132546878664,FALSE,891,891
375,-0.589481038515,FALSE,948,948
376,-0.996780742207522,FALSE,103,103
377,0.144475704710697,TRUE,760,802
378,-0.0143074131669134,FALSE,515,515
379,-1.79028123726406,TRUE,239,738
380,0.034551067133851,FALSE,566,566
381,0.190230315692457,FALSE,365,365
382,0.174726396981842,FALSE,989,989
383,-1.05501704260268,TRUE,63,414
384,0.476133278302629,FALSE,695,695
385,1.37857013695924,TRUE,567,47
386,0.456236403179813,TRUE,426,226
387,-1.13558847037434,TRUE,593,361
388,-0.435645469691905,FALSE,562,562
389,0.346103619553607,FALSE,308,308
390,-0.647045631318269,FALSE,606,606
391,-2.15764633501528,FALSE,527,527
392,0.884250820028209,TRUE,990,521
393,-0.829477611624518,FALSE,766,766
394,-0.573560270768283,FALSE,482,482
395,1.50390060900454,TRUE,795,364
396,-0.774144929605405,FALSE,443,443
397,0.845731540189296,FALSE,337,337
398,-1.26068287881878,FALSE,815,815
399,-0.354542403073978,FALSE,659,659
400,-0.0735560191364783,FALSE,609,609
401,-1.16865142442436,FALSE,276,276
402,-0.634748264908909,FALSE,138,138
403,-0.0288415529283144,FALSE,867,867
404,0.67069596873393,FALSE,224,224
405,-1.65054654342511,FALSE,3,3
406,-0.349754239211268,FALSE,423,423
407,0.756406438545484,FALSE,870,870
408,-0.538809159977593,FALSE,713,713
409,0.227291921672942,FALSE,85,85
410,0.492228570064431,TRUE,292,156
411,0.267835015331683,FALSE,224,224
412,0.653257679471382,FALSE,522,522
413,-0.12270866097738,TRUE,844,192
414,-0.41367651359212,FALSE,550,550
415,-2.64314895202898,FALSE,870,870
416,-0.092941018479472,TRUE,524,280
417,0.430284696359987,FALSE,989,989
418,0.53539884086815,FALSE,445,445
419,-0.555278351313252,FALSE,558,558
420,1.77950290977515,FALSE,362,362
421,0.286424419628825,FALSE,213,213
422,0.126315858458886,FALSE,816,816
423,1.27226677946852,TRUE,449,691
424,-0.718466221319259,FALSE,20,20
425,-0.450338623924712,FALSE,554,554
426,2.39745248004976,FALSE,955,955
427,0.011129187220888,TRUE,436,260
428,1.63356842140831,FALSE,787,787
429,-1.43850664491452,FALSE,476,476
430,-0.190516802042901,FALSE,720,720
431,0.378423903636832,FALSE,480,480
432,0.300038545205798,TRUE,853,363
433,-1.00563625951084,FALSE,734,734
434,0.0192592746253708,FALSE,448,448
435,-1.07742065311198,TRUE,782,384
436,0.712703325244282,FALSE,984,984
437,1.08477508986065,FALSE,225,225
438,-2.22498769648741,FALSE,176,176
439,1.23569346230014,TRUE,188,302
440,-1.24104449680849,FALSE,52,52
441,0.454769268982633,TRUE,945,198
442,0.659902638142608,FALSE,653,653
443,-0.199889828101433,FALSE,59,59
444,-0.645113956859792,TRUE,31,116
445,0.16532102124205,FALSE,391,391
446,0.438818700714454,FALSE,520,520
447,0.883302819948705,FALSE,114,114
448,-2.05233698390195,FALSE,380,380
449,-1.63637926805902,FALSE,21,21
450,1.43040234118818,FALSE,973,973
451,1.04662884711155,TRUE,244,782
452,0.435288948907682,FALSE,169,169
453,0.71517840711106,FALSE,637,637
454,0.917174917641003,FALSE,12,12
455,-2.66092279846568,FALSE,457,457
456,1.11027709663882,TRUE,287,766
457,-0.484987596562325,FALSE,869,869
458,0.230616830631202,FALSE,53,53
459,-0.295157800883577,FALSE,326,326
460,0.871964954078744,FALSE,257,257
461,-0.348472448955611,FALSE,911,911
462,0.518503765888248,FALSE,89,89
463,-0.390684978638979,FALSE,431,431
464,-1.09278720910151,FALSE,942,942
465,1.21001051044026,FALSE,779,779
466,0.740900011274274,FALSE,189,189
467,1.72426223915645,FALSE,933,933
468,0.0651539325793032,TRUE,783,950
469,1.12500274582817,TRUE,712,279
470,1.97541905401908,FALSE,960,960
471,-0.281482115038967,FALSE,50,50
472,-1.32295111275522,FALSE,967,967
473,-0.239351567138116,FALSE,762,762
474,-0.214041239985383,FALSE,252,252
475,0.15168050450932,FALSE,692,692
476,1.71230497731928,FALSE,32,32
477,-0.326143892505348,FALSE,413,413
478,0.373004655804915,FALSE,360,360
479,-0.227684064895531,FALSE,215,215
480,0.0204507085250325,FALSE,356,356
481,0.314057663506262,FALSE,699,699
482,1.32821469603699,TRUE,779,984
483,0.121318377490778,TRUE,788,798
484,0.712842320031113,TRUE,374,254
485,0.778860029783535,FALSE,829,829
486,0.914773270855634,FALSE,861,861
487,-0.574394552184383,FALSE,714,714
488,1.62688121419468,FALSE,530,530
489,-0.380956739294013,FALSE,334,334
490,-0.105784167649752,TRUE,728,860
491,1.40405026771417,FALSE,575,575
492,1.29408390614558,TRUE,552,149
493,-1.08999187241124,FALSE,374,374
494,-0.873071000417463,TRUE,29,886
495,-1.35807905937061,FALSE,327,327
496,0.181847192619832,FALSE,739,739
497,0.164840867918466,FALSE,256,256
498,0.364114687355063,TRUE,737,174
499,0.552157714218558,FALSE,375,375
500,-0.601892845985016,FALSE,236,236
501,-0.993698591098714,TRUE,691,557
502,1.0267850560749,FALSE,542,542
503,0.751061302606323,FALSE,534,534
504,-1.5091665373287,TRUE,402,514
505,-0.0951474508492868,FALSE,613,613
506,-0.895947822756499,FALSE,258,258
507,-2.07075107054196,FALSE,418,418
508,0.150120131188143,FALSE,265,265
509,-0.0792117092585882,TRUE,849,884
510,-0.097369267513081,FALSE,276,276
511,0.216152541801233,TRUE,237,857
512,0.882465164396587,FALSE,112,112
513,0.205597504483387,TRUE,879,207
514,-0.616435842873528,FALSE,133,133
515,-0.734799251921281,FALSE,783,783
516,-0.131802793041181,FALSE,834,834
517,0.310016986578952,FALSE,20,20
518,-1.03968035270204,TRUE,929,193
519,-0.184308868842384,FALSE,564,564
520,0.967267260167914,FALSE,883,883
521,-0.108280091234486,FALSE,756,756
522,-0.69842066759439,FALSE,29,29
523,-0.27594516842554,FALSE,502,502
524,1.11464854536198,FALSE,145,145
525,0.550043961214136,FALSE,37,37
526,1.23667580008161,FALSE,35,35
527,0.139097857161771,FALSE,791,791
528,0.410275096490425,TRUE,361,833
529,-0.558456912348133,FALSE,997,997
530,0.605370668930333,FALSE,525,525
531,-0.506333542189239,FALSE,269,269
532,-1.42056550469574,FALSE,942,942
533,0.127992965684126,FALSE,436,436
534,1.94585121773144,FALSE,387,387
535,0.800914339573062,TRUE,319,225
536,1.16525338994626,FALSE,565,565
537,0.358855723093152,FALSE,995,995
538,-0.608557178316224,TRUE,299,502
539,-0.202240855110284,TRUE,29,344
540,-0.273248106811925,FALSE,668,668
541,-0.468699779782087,FALSE,997,997
542,0.704167283929716,FALSE,607,607
543,-1.19736350236541,TRUE,77,935
544,0.866366132112773,FALSE,640,640
545,0.864152486225893,FALSE,9,9
546,-1.19862235906875,TRUE,980,6
547,0.639491997900534,FALSE,812,812
548,2.43022665234451,FALSE,836,836
549,-0.557215481941608,FALSE,625,625
550,0.844904241408072,TRUE,475,881
551,-0.782201845619403,FALSE,117,117
552,1.1107114182028,FALSE,709,709
553,0.249824719926563,TRUE,493,453
554,1.65191539162316,TRUE,190,574
555,-1.45897072853692,FALSE,470,470
556,-0.0512978861253612,FALSE,976,976
557,-0.526925176125598,FALSE,909,909
558,-0.197264869076299,TRUE,137,291
559,-0.629578742686005,TRUE,505,980
560,-0.833843580535001,FALSE,995,995
561,0.57872237461645,FALSE,669,669
562,-1.08758071407693,FALSE,260,260
563,1.48403093155628,TRUE,455,587
564,-1.18620658531375,TRUE,873,433
565,0.10107915139528,FALSE,902,902
566,0.532989286826481,FALSE,694,694
567,0.586735339092625,FALSE,4,4
568,-0.30174666386638,TRUE,660,280
569,0.079501995328401,FALSE,868,868
570,0.961264151809677,FALSE,682,682
571,-1.45646591707643,FALSE,140,140
572,-0.781739711532082,TRUE,549,207
573,0.32040231431661,FALSE,315,315
574,-0.444781978336992,FALSE,365,365
575,1.370003993971,FALSE,89,89
576,0.673253863354836,TRUE,665,876
577,0.0721667524147558,FALSE,728,728
578,-1.50775731753668,FALSE,251,251
579,0.0261002253262418,FALSE,783,783
580,-0.316415868196993,TRUE,14,263
581,-0.102346513520598,TRUE,215,614
582,-1.18155922705569,FALSE,777,777
583,0.498658043829925,FALSE,403,403
584,-1.03895644030703,TRUE,85,535
585,-0.22622198144241,TRUE,875,718
586,0.381425829451352,TRUE,225,194
587,-0.783515789013048,FALSE,435,435
588,0.582991405680064,FALSE,630,630
589,-1.31651040165169,TRUE,783,39
590,-2.80977467896054,FALSE,522,522
591,0.464967990785853,FALSE,99,99
592,0.840539826961,FALSE,371,371
593,-0.285845423591384,TRUE,269,312
594,0.504126254591608,TRUE,630,176
595,-1.15591652508367,FALSE,445,445
596,-0.127148606825662,FALSE,387,387
597,-1.94151837604062,FALSE,437,437
598,1.18118089143852,FALSE,377,377
599,1.85991086154316,FALSE,801,801
600,1.07401226028199,TRUE,70,396
601,-0.0273469664137418,FALSE,320,320
602,-0.0333303422759193,TRUE,247,233
603,-1.5160676231511,TRUE,179,682
604,0.790385343888228,FALSE,741,741
605,-0.210734180691776,FALSE,97,97
606,-0.656742925361075,FALSE,467,467
607,-1.41202579265831,FALSE,561,561
608,-0.299762496646272,TRUE,53,304
609,-0.849061135016708,TRUE,375,245
610,-0.397030520327837,FALSE,243,243
611,-1.2175999877636,TRUE,658,340
612,1.6875894829457,FALSE,676,676
613,-0.0160025272079689,TRUE,711,738
614,1.07494507727239,FALSE,188,188
615,-2.60169967025765,FALSE,505,505
616,-0.453197829994838,FALSE,626,626
617,-0.675482291592071,TRUE,490,828
618,-1.22292617936591,FALSE,423,423
619,1.5466091542241,TRUE,428,44
620,-1.41528191976949,FALSE,304,304
621,0.318390260408025,FALSE,999,999
622,0.846436285579692,FALSE,987,987
623,0.178190188418023,FALSE,284,284
624,-0.875255477495516,FALSE,181,181
625,0.941165806724167,FALSE,884,884
626,0.170588081840838,FALSE,60,60
627,-1.06349790638204,TRUE,391,175
628,-1.38804904760206,TRUE,639,185
629,2.08671743449315,FALSE,675,675
630,-0.678503145418437,TRUE,259,42
631,-1.85557165391804,FALSE,207,207
632,0.533259362753652,FALSE,106,106
633,0.310230256060895,FALSE,777,777
634,-1.3538343357226,FALSE,173,173
635,-1.94295641358195,FALSE,174,174
636,-0.116302517158606,FALSE,81,81
637,1.13939629170942,TRUE,410,360
638,0.636124035182149,FALSE,328,328
639,-0.492937424161977,FALSE,46,46
640,-0.834188231584378,FALSE,504,504
641,0.271066756750545,TRUE,678,893
642,0.157353347216158,FALSE,760,760
643,0.629711746692728,FALSE,855,855
644,-0.395797950288896,FALSE,357,357
645,0.8993540532031,TRUE,153,555
646,-0.830811527336248,FALSE,24,24
647,-0.330544700119963,TRUE,312,779
648,0.740814523725905,FALSE,265,265
649,0.989971608627113,FALSE,669,669
650,-1.93850470145338,TRUE,924,603
651,0.107190407016153,FALSE,646,646
652,0.60877901173463,FALSE,912,912
653,-1.45082431349063,TRUE,109,166
654,0.480625599875217,FALSE,753,753
655,-0.828174270396797,TRUE,528,512
656,1.02025301216443,FALSE,393,393
657,0.538482032102641,FALSE,821,821
658,0.76905229499561,TRUE,686,28
659,0.120719329287034,FALSE,134,134
660,0.863648434157753,FALSE,130,130
661,1.38051452831454,FALSE,272,272
662,1.96624801545563,FALSE,288,288
663,-0.028395054749065,FALSE,137,137
664,-2.2490510903324,TRUE,564,293
665,0.0315260045939917,FALSE,616,616
666,0.205561208449975,TRUE,934,732
667,-0.155345347144399,TRUE,972,692
668,0.568288620777075,TRUE,676,594
669,1.01067796451427,FALSE,386,386
670,-0.517982430167822,TRUE,340,757
671,-0.29409532715611,FALSE,396,396
672,0.397842208800339,FALSE,611,611
673,-0.550223741489138,FALSE,609,609
674,0.0912673834882354,TRUE,327,494
675,-1.9617075988853,FALSE,343,343
676,-1.11989972139762,TRUE,74,295
677,-1.32775547560413,FALSE,318,318
678,-0.853623696727242,FALSE,660,660
679,-0.693304527930666,TRUE,51,887
680,0.38230514254637,FALSE,103,103
681,0.982113002522641,FALSE,473,473
682,-0.727383529087535,FALSE,255,255
683,-0.996838982378005,FALSE,889,889
684,-1.04168885898951,FALSE,931,931
685,-0.414588726363674,FALSE,247,247
686,-0.239029068152564,FALSE,597,597
687,0.483617533838269,FALSE,383,383
688,-0.32132484216839,TRUE,283,844
689,-2.07848926886002,FALSE,828,828
690,-0.0914342755501383,FALSE,522,522
691,1.18718681065156,TRUE,364,917
692,1.19160126851033,FALSE,122,122
693,-0.78896321811123,FALSE,38,38
694,-1.54777654363757,FALSE,602,602
695,2.45806049186527,FALSE,515,515
696,-0.162421942479419,FALSE,696,696
697,-0.0974512501056172,FALSE,918,918
698,0.420574188698147,FALSE,867,867
699,-1.61403945661912,FALSE,358,358
700,-0.728219111191288,FALSE,877,877
701,-1.54044240529001,TRUE,183,310
702,-0.693094614010595,TRUE,595,349
703,0.118849433004561,TRUE,730,187
704,-1.36470945798691,FALSE,199,199
705,0.589982679367313,TRUE,789,436
706,0.289344028817336,FALSE,250,250
707,-0.904215025620639,FALSE,870,870
708,0.226324942381064,TRUE,469,116
709,0.748081162493843,FALSE,991,991
710,1.06109525326174,FALSE,778,778
711,-0.212848278646528,FALSE,753,753
712,-0.0936367939110456,FALSE,155,155
713,-0.0867141349819251,TRUE,607,876
714,1.44146175605504,FALSE,850,850
715,1.12507189227799,FALSE,35,35
716,0.834401567757039,FALSE,312,312
717,-0.287340799840693,FALSE,74,74
718,0.373241434166406,FALSE,512,512
719,0.403290331220696,FALSE,165,165
720,-1.04167329428932,FALSE,619,619
721,-1.72830451532074,FALSE,45,45
722,0.641830027651616,TRUE,55,900
723,-1.52931053118042,FALSE,83,83
724,0.00168368848420991,FALSE,510,510
725,0.250247821348331,TRUE,557,806
726,0.563867390305883,TRUE,190,149
727,0.189426237514811,TRUE,469,218
728,-0.732853806297125,FALSE,731,731
729,0.986365859895462,FALSE,164,164
730,1.73863376690625,FALSE,783,783
731,0.881178808925443,FALSE,500,500
732,-1.94365090132398,FALSE,68,68
733,1.39957618540294,FALSE,838,838
734,-0.056055946186268,FALSE,170,170
735,0.52491427931929,FALSE,991,991
736,0.62203323587106,TRUE,316,36
737,-0.0966860732067051,FALSE,287,287
738,-0.0752631976487263,FALSE,396,396
739,1.0191570693309,FALSE,166,166
740,0.711601922486244,FALSE,432,432
741,0.990262246044231,TRUE,483,575
742,2.38292669523033,FALSE,26,26
743,0.664415863694087,TRUE,99,713
744,0.207381157385307,FALSE,154,154
745,-2.21063311057562,FALSE,667,667
746,2.69171400324612,TRUE,515,381
747,-0.482676821796308,FALSE,214,214
748,2.37473471509539,FALSE,582,582
749,0.374643568004988,FALSE,854,854
750,1.53843019889679,FALSE,138,138
751,-0.109710321176239,TRUE,300,840
752,0.511470754698125,FALSE,379,379
753,0.213957979642262,TRUE,81,149
754,-0.186120699373496,FALSE,334,334
755,-0.120393824622494,TRUE,754,811
756,1.01283433584425,TRUE,609,658
757,-0.2014581469715,FALSE,798,798
758,-2.0376824944408,FALSE,493,493
759,-0.195889248829828,TRUE,556,510
760,0.539790605536274,TRUE,89,590
761,0.61645571635144,FALSE,708,708
762,0.616567817477434,FALSE,185,185
763,-1.69210152086908,FALSE,606,606
764,0.368742058011194,FALSE,451,451
765,0.967859209947064,FALSE,338,338
766,1.27657868146766,FALSE,85,85
767,-0.224961271044116,FALSE,126,126
768,-0.321892586182801,TRUE,201,16
769,1.48783783187804,FALSE,264,264
770,-1.66792804577932,FALSE,701,701
771,-0.436829976913125,FALSE,208,208
772,0.457462079357455,FALSE,515,515
773,-1.61777376538123,TRUE,527,269
774,0.279627862431757,TRUE,713,399
775,1.87786402105219,TRUE,605,146
776,-0.00406065343634058,TRUE,131,892
777,-0.278454024963586,FALSE,712,712
778,0.474911714034054,TRUE,186,473
779,-0.279072170787307,TRUE,515,93
780,0.813400374079065,TRUE,189,968
781,0.904435464449695,FALSE,72,72
782,0.00269166123012091,FALSE,118,118
783,-1.17669215774973,TRUE,837,411
784,-1.31822072745909,TRUE,646,399
785,-0.592997365655317,FALSE,996,996
786,0.797380500549836,FALSE,238,238
787,-1.95820517465693,FALSE,933,933
788,-1.88632515873255,FALSE,346,346
789,-0.653779824760103,FALSE,295,295
790,0.394394847980585,FALSE,800,800
791,-0.913566048164992,TRUE,384,539
792,0.886749037096059,FALSE,8,8
793,0.333369970155182,FALSE,392,392
794,-0.17063961823861,FALSE,748,748
795,0.81882813653178,TRUE,825,257
796,0.388365162819368,FALSE,96,96
797,-0.445935027212156,FALSE,28,28
798,0.23111493441816,FALSE,116,116
799,0.647513357977592,FALSE,777,777
800,0.356283344862047,FALSE,538,538
801,-0.658010207949479,TRUE,188,402
802,0.855202205064192,FALSE,854,854
803,1.15293622555862,FALSE,269,269
804,0.276274556543337,TRUE,900,959
805,0.144104662462187,FALSE,567,567
806,-0.075625080779838,FALSE,409,409
807,2.16141584630279,FALSE,568,568
808,0.276315532135793,FALSE,282,282
809,-0.158294028699944,FALSE,61,61
810,-2.50791780219725,FALSE,848,848
811,-1.56528176503053,FALSE,492,492
812,-0.0776732006105648,FALSE,577,577
813,0.206294044843098,FALSE,320,320
814,0.276872458861614,FALSE,86,86
815,0.821506780448618,FALSE,980,980
816,-0.194152409320457,FALSE,833,833
817,1.21458879448256,FALSE,356,356
818,-0.921516042869578,FALSE,401,401
819,-1.20844272044307,FALSE,422,422
820,-1.22898617755381,TRUE,619,81
821,0.742297024186518,FALSE,4,4
822,-0.082919942339226,FALSE,470,470
823,0.789817921820499,TRUE,497,793
824,-0.267706421557085,FALSE,386,386
825,-0.591892102212813,FALSE,520,520
826,-0.368352575126506,FALSE,157,157
827,-1.85261682424173,FALSE,907,907
828,-1.16961526041411,FALSE,305,305
829,-1.44203464635845,FALSE,677,677
830,1.05432227197535,FALSE,398,398
831,-0.5973300913628,FALSE,7,7
832,0.78945985279018,FALSE,608,608
833,1.51649060169196,FALSE,268,268
834,-0.191774809109942,FALSE,859,859
835,0.283878906352351,TRUE,828,788
836,-1.75106751939608,FALSE,283,283
837,-0.818669777519803,FALSE,709,709
838,0.0562148493828386,TRUE,196,390
839,0.299086903336152,FALSE,157,157
840,-0.759398117298882,TRUE,719,6
841,2.6848589992268,FALSE,730,730
842,-0.458390139092389,TRUE,129,968
843,0.0642435566300379,FALSE,217,217
844,0.649791867153518,FALSE,794,794
845,-0.0260186347739953,FALSE,631,631
846,-0.643567387027114,FALSE,533,533
847,1.04530566396331,TRUE,486,496
848,1.6155453232072,TRUE,250,196
849,-0.0296939710498354,TRUE,105,816
850,0.562267345403066,FALSE,731,731
851,-0.0974124985026302,FALSE,748,748
852,1.01645521770216,FALSE,845,845
853,-1.15616739425985,FALSE,433,433
854,2.32086022399448,FALSE,208,208
855,-0.603531247788338,TRUE,591,435
856,-1.45884941443809,FALSE,249,249
857,-0.35091782719307,FALSE,122,122
858,0.146708484145002,FALSE,834,834
859,1.62362120768023,TRUE,589,427
860,0.91120967677132,FALSE,336,336
861,0.142458432045787,FALSE,776,776
862,-1.38948352398816,TRUE,58,303
863,-0.866037744672114,FALSE,409,409
864,-0.163284932229294,TRUE,258,894
865,2.55302611346059,FALSE,960,960
866,-1.86022757421842,TRUE,359,968
867,1.13105465184602,TRUE,780,83
868,-0.527234257233921,FALSE,473,473
869,1.66599089998742,TRUE,851,599
870,-1.1392006399734,FALSE,109,109
871,0.143623234662747,FALSE,900,900
872,-1.09955094170275,FALSE,871,871
873,0.903516426361675,TRUE,563,321
874,1.48377948873809,FALSE,399,399
875,1.95072100640115,FALSE,775,775
876,0.797600657589519,FALSE,396,396
877,1.84326625457782,FALSE,421,421
878,1.24642390866165,FALSE,690,690
879,-0.131874911824015,TRUE,11,121
880,0.4770372382847,TRUE,81,723
881,-0.971994211475933,FALSE,959,959
882,-0.185202169400994,TRUE,838,746
883,1.22096370834882,FALSE,81,81
884,0.54128414348235,FALSE,377,377
885,0.45735733162533,TRUE,821,406
886,-1.03813103968721,TRUE,660,167
887,-0.604513230334117,FALSE,646,646
888,-0.764606013753569,FALSE,604,604
889,0.395295870013499,TRUE,612,75
890,-0.990507630466559,TRUE,996,869
891,0.562041390099052,FALSE,829,829
892,-1.11641641193354,FALSE,894,894
893,1.82853045813536,FALSE,755,755
894,0.460591349478104,FALSE,781,781
895,-0.70100361225327,TRUE,114,376
896,0.241045932501223,FALSE,619,619
897,-0.352453199227956,FALSE,483,483
898,0.371147959759657,FALSE,948,948
899,0.2435327187603,FALSE,304,304
900,-1.01411417266147,FALSE,950,950
901,-0.79131387881947,TRUE,185,268
902,0.299593684739564,FALSE,42,42
903,1.63905190875156,FALSE,190,190
904,1.08461700867092,TRUE,447,132
905,-0.624567473618094,FALSE,209,209
906,0.825922901647494,FALSE,918,918
907,-0.0485683527562885,FALSE,820,820
908,0.301313651718405,FALSE,674,674
909,0.260361490736558,FALSE,545,545
910,2.57544976372339,TRUE,962,49
911,-1.18528881058722,FALSE,556,556
912,0.100919859012857,FALSE,873,873
913,-1.77997728796762,FALSE,453,453
914,0.589835922958758,FALSE,285,285
915,1.0966084717214,FALSE,237,237
916,1.44566224110115,TRUE,968,359
917,-1.92514525183712,FALSE,449,449
918,0.41276949719403,FALSE,357,357
919,1.59336995138365,TRUE,379,341
920,-0.414015863042303,TRUE,582,137
921,-0.212150532081949,FALSE,90,90
922,-0.0365372222047413,FALSE,863,863
923,0.365018751433036,TRUE,818,889
924,0.665159875745969,FALSE,930,930
925,1.31782088371148,FALSE,898,898
926,-0.0954875904449924,FALSE,121,121
927,0.196278045472469,FALSE,380,380
928,2.48799787722146,FALSE,518,518
929,0.431098928114991,FALSE,558,558
930,0.188753109329833,TRUE,886,454
931,-1.34224312528345,FALSE,896,896
932,0.00285604762222659,FALSE,637,637
933,-0.221326153166881,FALSE,252,252
934,-0.0110458298093738,FALSE,8,8
935,-0.575417641271167,FALSE,837,837
936,-0.686815652442701,FALSE,609,609
937,-0.720773631820122,FALSE,625,625
938,-0.214504515399774,FALSE,480,480
939,1.36813264802863,FALSE,890,890
940,1.04908662655933,TRUE,595,85
941,-0.359975117943057,FALSE,843,843
942,-1.68591645453874,FALSE,990,990
943,-0.844583428535954,FALSE,652,652
944,-0.457760533240508,FALSE,772,772
945,0.103638004228304,TRUE,903,938
946,-0.662607275700815,FALSE,963,963
947,2.00668069083189,FALSE,282,282
948,-0.272267534418351,FALSE,460,460
949,-1.21394447023951,FALSE,718,718
950,-0.141261757282513,FALSE,868,868
951,-1.00537758159341,FALSE,659,659
952,0.156155707275326,FALSE,618,618
953,0.233633614089869,FALSE,427,427
954,0.355587611628384,FALSE,558,558
955,-1.62185825912421,TRUE,611,353
956,0.220711290970649,FALSE,704,704
957,0.310450080541646,FALSE,467,467
958,-1.42110844750449,FALSE,529,529
959,0.955365639730411,FALSE,741,741
960,0.784170879094338,TRUE,860,482
961,2.29961936115445,FALSE,597,597
962,0.156702987375728,FALSE,762,762
963,0.0467335275180007,TRUE,177,468
964,0.0965858340824363,FALSE,223,223
965,0.0697662309003006,FALSE,281,281
966,-1.84847277533767,FALSE,559,559
967,-1.67112705864224,FALSE,956,956
968,-0.0775389667912034,FALSE,797,797
969,-0.581067380566498,TRUE,340,239
970,0.0547365250574253,FALSE,931,931
971,-2.11120837326053,FALSE,465,465
972,-1.49869825452676,TRUE,218,920
973,-1.10148343893874,FALSE,828,828
974,0.986058221060247,TRUE,868,821
975,-1.09849000709012,FALSE,937,937
976,-0.799513953576531,FALSE,864,864
977,0.0798738186740527,FALSE,184,184
978,-0.322746361825109,FALSE,405,405
979,0.146417178667962,FALSE,359,359
980,2.30506198204569,FALSE,774,774
981,-1.12460367125824,FALSE,283,283
982,-0.305469639909805,FALSE,475,475
983,-0.516759449743733,TRUE,71,153
984,1.51239542683245,FALSE,763,763
985,-0.769484922890278,FALSE,158,158
986,-0.0820869037757183,FALSE,949,949
987,0.787133614322708,TRUE,737,887
988,-1.0585905359484,FALSE,450,450
989,1.65517581574201,FALSE,728,728
990,0.675762415474246,FALSE,0,0
991,-1.07420660953035,FALSE,852,852
992,0.454577809057738,FALSE,959,959
993,-0.213307143233068,FALSE,616,616
994,0.313228771994335,FALSE,798,798
995,-0.0899751970156634,FALSE,78,78
996,1.07051603677834,TRUE,563,854
997,-1.35110038570333,FALSE,673,673
998,-0.522616697195916,FALSE,289,289
999,-0.249190677755399,FALSE,883,883
1000,-0.995798724851333,FALSE,919,919
1001,-1.03995504376619,FALSE,315,315
1002,-0.0179802405766626,FALSE,123,123
1003,-0.132175132856735,FALSE,188,188
1004,-2.54934277475043,TRUE,401,731
1005,1.04057345571938,TRUE,561,641
1006,0.24972573598519,FALSE,169,169
1007,2.41620737314833,TRUE,766,91
1008,0.685198238051097,TRUE,113,924
1009,-0.446959308961992,FALSE,381,381
1010,2.7973911469581,FALSE,589,589
1011,2.83222602391551,FALSE,803,803
1012,-1.21871181629018,FALSE,618,618
1013,0.469031955955424,TRUE,743,77
1014,-0.21124691863215,FALSE,807,807
1015,0.187051146554012,TRUE,972,333
1016,0.227542728568814,TRUE,128,884
1017,-1.26190046286905,FALSE,766,766
1018,0.285589580242562,FALSE,36,36
1019,1.7492473631418,FALSE,840,840
1020,-0.164090004134803,FALSE,601,601
1021,-0.162926710698454,TRUE,849,590
1022,1.39857200633747,FALSE,893,893
1023,0.898396240682948,FALSE,623,623
1024,-1.64849481838129,FALSE,551,551
1025,0.228556973262187,FALSE,531,531
1026,1.65354723467773,TRUE,345,261
1027,1.41527634991914,FALSE,8,8
1028,0.41995160381423,FALSE,238,238
1029,0.721220807112894,FALSE,826,826
1030,-1.19693521218868,FALSE,132,132
1031,0.300131566881373,TRUE,104,900
1032,-0.954448935187822,FALSE,958,958
1033,-0.458018068096944,FALSE,251,251
1034,0.935603683779603,TRUE,773,33
1035,-1.13689311169114,FALSE,112,112
1036,0.266918250873058,FALSE,82,82
1037,0.428332039471543,FALSE,220,220
1038,0.0549119698396297,FALSE,128,128
1039,1.82218882183542,FALSE,46,46
1040,-1.02234732857525,FALSE,983,983
1041,0.6061302614356,FALSE,825,825
1042,-0.0889305674506675,FALSE,34,34
1043,-0.260832243833924,TRUE,379,547
1044,0.464091233852381,FALSE,294,294
1045,-1.02040059068393,FALSE,337,337
1046,-1.31345091651841,FALSE,696,696
1047,-0.494480875483423,FALSE,417,417
1048,1.75175714975545,FALSE,483,483
1049,0.0557647746125201,TRUE,943,460
1050,0.331434398227886,TRUE,295,181
1051,-0.18984663767754,TRUE,48,207
1052,0.470492731953825,TRUE,992,636
1053,-0.951679543017146,FALSE,353,353
1054,1.15791046656864,TRUE,352,1
1055,0.584705260241352,FALSE,991,991
1056,-0.806452822691705,FALSE,767,767
1057,0.0545532458119923,FALSE,591,591
1058,0.716331619499123,FALSE,244,244
1059,0.557730982054603,FALSE,328,328
1060,1.48193401587688,FALSE,871,871
1061,-0.61298775489485,FALSE,157,157
1062,1.11613661549039,FALSE,275,275
1063,1.03654800994122,FALSE,355,355
1064,-0.162483131902855,FALSE,551,551
1065,-0.975926692821885,FALSE,546,546
1066,-1.08914519088452,FALSE,486,486
1067,0.457786957944971,FALSE,661,661
1068,-0.0711267337208945,FALSE,607,607
1069,1.77910266685145,FALSE,729,729
1070,0.535137960496205,FALSE,862,862
1071,-0.371944875163495,TRUE,996,226
1072,-1.02554224849711,FALSE,213,213
1073,-0.582401674605252,TRUE,234,323
1074,0.342888392897331,FALSE,212,212
1075,-0.450934647056651,FALSE,245,245
1076,0.51423012023069,TRUE,498,274
1077,-0.334338052169782,FALSE,58,58
1078,-0.105559908794475,FALSE,195,195
1079,-0.730509672807828,TRUE,503,992
1080,1.9050435849087,FALSE,575,575
1081,0.332621731470394,FALSE,761,761
1082,0.230633640499451,FALSE,835,835
1083,-1.69186241488407,TRUE,225,506
1084,0.659791899549327,FALSE,861,861
1085,-1.02362358887971,FALSE,958,958
1086,-0.891521574354298,FALSE,520,520
1087,0.918341171021649,TRUE,22,76
1088,-0.45270064650823,FALSE,591,591
1089,-1.74837228000318,FALSE,799,799
1090,1.76990410988936,FALSE,273,273
1091,-2.37740692539252,FALSE,374,374
1092,0.572811529859585,TRUE,357,674
1093,1.01724924908461,FALSE,94,94
1094,-0.630967866660535,FALSE,308,308
1095,0.444287051411554,FALSE,885,885
1096,0.439130388388555,FALSE,598,598
1097,1.04062315291451,TRUE,395,723
1098,0.484099387952522,FALSE,298,298
1099,-0.244883779092525,TRUE,50,794
1100,0.915992057940211,FALSE,850,850
1101,0.800622356509767,FALSE,645,645
1102,-0.936569034135793,FALSE,167,167
1103,-1.40078743399573,FALSE,941,941
1104,0.160277539993178,TRUE,201,672
1105,-0.273962374775183,TRUE,53,567
1106,-0.985539112562296,FALSE,332,332
1107,0.0839306795150329,TRUE,572,342
1108,-1.31999652648691,FALSE,854,854
1109,0.161226351326199,FALSE,141,141
1110,-0.62492838754192,FALSE,454,454
1111,0.957164274192481,FALSE,588,588
1112,2.42448914116153,FALSE,794,794
1113,-0.915979243686792,FALSE,223,223
1114,1.05766417094298,TRUE,905,383
1115,0.825149727768283,FALSE,218,218
1116,-0.0701942243053587,FALSE,209,209
1117,-0.453646374057015,FALSE,700,700
1118,1.57530770683748,FALSE,432,432
1119,-2.00545781823625,FALSE,776,776
1120,-0.643194791593663,FALSE,338,338
1121,-1.43684344365778,FALSE,507,507
1122,1.39531343894608,FALSE,913,913
1123,-0.190703432644857,FALSE,691,691
1124,-0.524671199469671,FALSE,660,660
1125,3.18404447406633,FALSE,477,477
1126,-0.0500372678876282,FALSE,571,571
1127,-0.443749311866524,FALSE,108,108
1128,0.299865250136145,TRUE,923,146
1129,-1.56842462075497,TRUE,467,394
1130,0.490302642672068,FALSE,636,636
1131,-0.0961632010799668,TRUE,692,667
1132,0.468525122530146,FALSE,518,518
1133,-0.982370635937854,TRUE,879,658
1134,-1.02298384214794,FALSE,656,656
1135,-0.693414663276185,TRUE,543,537
1136,-0.767989573092782,FALSE,242,242
1137,1.29904996668359,FALSE,427,427
1138,1.57914556180809,FALSE,285,285
1139,-0.156891953039067,FALSE,0,0
1140,-0.35893656058468,FALSE,422,422
1141,-0.329038830421669,TRUE,41,902
1142,0.0692364778530165,FALSE,910,910
1143,0.0969042337010548,FALSE,302,302
1144,0.290034387765571,TRUE,675,201
1145,-0.746678941046256,TRUE,286,191
1146,-0.846896388820319,FALSE,805,805
1147,1.19707766374608,FALSE,439,439
1148,-0.548627361103323,FALSE,482,482
1149,0.303045695225451,TRUE,395,535
1150,-0.056970533803332,FALSE,315,315
1151,-0.957849392150669,FALSE,439,439
1152,0.591061909411507,FALSE,605,605
1153,0.173104873492955,FALSE,308,308
1154,1.39978335621251,FALSE,303,303
1155,0.117459584626988,FALSE,617,617
1156,-0.331545758200853,FALSE,503,503
1157,0.278294913305364,FALSE,686,686
1158,-1.18559164903534,FALSE,169,169
1159,-0.835894053393597,FALSE,911,911
1160,0.510273251139431,FALSE,172,172
1161,-0.333120901223949,FALSE,653,653
1162,-0.0659609463524635,FALSE,685,685
1163,-0.11522170942195,TRUE,5,484
1164,-0.650512618774529,FALSE,118,118
1165,-2.01868865908242,FALSE,572,572
1166,0.348834970176593,TRUE,122,371
1167,0.761639507646859,FALSE,751,751
1168,-1.28871623535013,FALSE,708,708
1169,1.48240271845861,FALSE,610,610
1170,0.385154823687235,TRUE,954,830
1171,1.34164029499387,FALSE,368,368
1172,-0.957170471242288,FALSE,677,677
1173,0.166781288354251,TRUE,936,789
1174,-0.100013958938808,FALSE,910,910
1175,0.768507431881776,TRUE,786,221
1176,-0.575859567912693,FALSE,278,278
1177,-0.0100976719524611,TRUE,177,451
1178,-1.77865914874395,FALSE,988,988
1179,-0.7776214428705,TRUE,872,31
1180,0.12503388366511,FALSE,546,546
1181,-0.706321492388223,TRUE,401,651
1182,-0.04356948581148,TRUE,873,209
1183,-0.46792597392522,FALSE,545,545
1184,0.60693013616149,TRUE,479,856
1185,1.16848830874956,FALSE,816,816
1186,-0.822501412807523,FALSE,915,915
1187,-0.307036558594728,TRUE,501,217
1188,1.43976125836974,FALSE,932,932
1189,-2.19892325418371,FALSE,115,115
1190,-0.319837791740735,FALSE,199,199
1191,2.06470428414334,FALSE,29,29
1192,2.19359006906425,TRUE,159,745
1193,0.156595323350149,FALSE,397,397
1194,-0.863608950613638,TRUE,289,342
1195,0.165457419490438,FALSE,470,470
1196,-0.65277439594702,TRUE,754,209
1197,1.45281728229148,FALSE,911,911
1198,-0.806482655703046,FALSE,864,864
1199,0.372911595208748,TRUE,140,721
1200,0.619850074568692,FALSE,497,497
1201,-0.757510160695849,FALSE,545,545
1202,0.851524681506183,FALSE,302,302
1203,-0.747929970916306,FALSE,672,672
1204,0.63023982965398,FALSE,275,275
1205,1.09666163310355,FALSE,194,194
1206,-0.988442922383206,TRUE,540,139
1207,1.1079950409796,FALSE,130,130
1208,-0.489532871212412,FALSE,384,384
1209,0.294353388436968,FALSE,920,920
1210,0.20183747228877,FALSE,68,68
1211,-0.427196386338202,FALSE,210,210
1212,0.268102869997785,TRUE,626,337
1213,-1.23043092542384,FALSE,212,212
1214,-0.136136872184964,FALSE,182,182
1215,0.825790831665171,TRUE,450,148
1216,-2.17412464922931,FALSE,296,296
1217,-1.48792618735825,FALSE,703,703
1218,-1.16193755759697,FALSE,801,801
1219,-1.58908969414543,FALSE,511,511
1220,0.419583039296359,FALSE,205,205
1221,-0.992928349756011,FALSE,8,8
1222,-2.16454708532897,TRUE,451,525
1223,-0.63756876508045,FALSE,774,774
1224,-0.390635251474806,FALSE,259,259
1225,0.85678547377811,FALSE,282,282
1226,-1.10375213599883,FALSE,757,757
1227,1.1612892557387,TRUE,40,643
1228,0.398362715628605,FALSE,40,40
1229,0.362352157635545,TRUE,790,41
1230,-0.852525670314502,FALSE,895,895
1231,1.95366787989804,FALSE,934,934
1232,-0.164270832097155,FALSE,799,799
1233,-1.82489758417833,FALSE,210,210
1234,-0.203856471392496,TRUE,807,67
1235,-1.93444407073205,TRUE,841,334
1236,-0.310510115786673,FALSE,815,815
1237,-0.422227003189619,FALSE,479,479
1238,0.68182969040341,TRUE,677,657
1239,1.00949618573749,FALSE,4,4
1240,-0.726104964901155,FALSE,730,730
1241,0.806108868375026,TRUE,490,406
1242,1.42432310966876,FALSE,281,281
1243,-0.784144004842646,FALSE,292,292
1244,-0.652404366499333,FALSE,618,618
1245,0.650778363153682,FALSE,692,692
1246,0.183047969943935,FALSE,880,880
1247,0.548774960444283,FALSE,87,87
1248,1.40468429454756,FALSE,974,974
1249,0.387083119576395,FALSE,598,598
1250,1.05170127017537,FALSE,695,695
1251,0.622905462337194,FALSE,293,293
1252,0.433620389808855,FALSE,175,175
1253,0.386084438184412,TRUE,721,97
1254,1.29132330445808,TRUE,715,476
1255,-1.00225987371065,FALSE,691,691
1256,-1.10518272915749,FALSE,35,35
1257,0.591946003397209,FALSE,755,755
1258,-0.119689664133114,TRUE,923,158
1259,0.0740052116849605,FALSE,67,67
1260,0.741277377171399,TRUE,304,569
1261,0.753295047849076,FALSE,279,279
1262,-0.262670503361778,FALSE,788,788
1263,-0.312543868997102,FALSE,778,778
1264,0.0735986090078693,FALSE,305,305
1265,1.06301778929474,TRUE,48,548
1266,0.426020486679005,TRUE,783,768
1267,1.43300751082319,FALSE,879,879
1268,-0.00763687041997194,FALSE,395,395
1269,1.12566760522075,FALSE,824,824
1270,0.883002311017247,FALSE,340,340
1271,0.61208346090007,FALSE,197,197
1272,0.414700706778465,FALSE,245,245
1273,-0.279882397142518,TRUE,856,890
1274,-0.109037509169232,TRUE,245,442
1275,0.229395495708467,TRUE,865,856
1276,0.0488888906792862,FALSE,311,311
1277,0.94322446838622,FALSE,368,368
1278,-0.109317123186431,TRUE,429,359
1279,-0.0703769215878276,TRUE,393,357
1280,-0.484319087565665,FALSE,94,94
1281,-0.138336328543328,TRUE,394,858
1282,-0.0687656423038444,FALSE,921,921
1283,-2.31373577389942,TRUE,142,42
1284,-1.36483169721432,FALSE,988,988
1285,-0.072486909951959,FALSE,622,622
1286,-0.265283774864499,FALSE,828,828
1287,-1.20086932820744,FALSE,870,870
1288,-1.99153817604302,FALSE,226,226
1289,-0.354369219913427,FALSE,933,933
1290,0.653495765694277,FALSE,282,282
1291,1.77323863192756,TRUE,183,510
1292,-0.0384567937093384,FALSE,392,392
1293,1.49318484062772,FALSE,588,588
1294,0.0830221576359683,FALSE,457,457
1295,0.11553210425956,FALSE,495,495
1296,0.324825313348747,FALSE,659,659
1297,-0.870577245260919,TRUE,28,768
1298,-0.0517182128948834,TRUE,730,938
1299,0.908447698792251,FALSE,240,240
1300,-0.749725786852189,FALSE,756,756
1301,-0.321606069887961,FALSE,129,129
1302,-1.14777075045925,FALSE,949,949
1303,0.354352196449355,FALSE,446,446
1304,0.424799782389022,FALSE,658,658
1305,0.648347351224082,FALSE,172,172
1306,-1.2198100315169,TRUE,58,703
1307,0.107235034754764,TRUE,240,532
1308,-0.944057691649846,FALSE,55,55
1309,-0.000384648716023502,FALSE,194,194
1310,1.34262392000608,FALSE,45,45
1311,-0.503525286934276,TRUE,379,14
1312,0.716683320938825,TRUE,932,910
1313,-0.749668584083695,FALSE,533,533
1314,-0.478528210450305,FALSE,480,480
1315,0.438721750586617,FALSE,365,365
1316,-0.679112270457868,FALSE,649,649
1317,-1.70296483514544,FALSE,876,876
1318,1.26516843521333,FALSE,180,180
1319,0.360357237879847,FALSE,416,416
1320,-0.58363944056009,FALSE,172,172
1321,-1.9940787873306,FALSE,677,677
1322,1.9022097713993,TRUE,427,180
1323,3.39037082127154,FALSE,760,760
1324,0.207480407355457,FALSE,583,583
1325,0.849806647511189,TRUE,304,843
1326,1.22456031207416,TRUE,51,953
1327,-0.701804433538609,FALSE,810,810
1328,-0.35119622955654,FALSE,677,677
1329,-1.7271210366452,TRUE,172,424
1330,-0.736578232271872,FALSE,305,305
1331,0.622409782886114,FALSE,608,608
1332,-0.29071598924087,TRUE,955,689
1333,-0.214211534183077,FALSE,969,969
1334,-0.112559551502516,TRUE,983,837
1335,-1.8636669824956,TRUE,276,841
1336,0.83762993423167,FALSE,365,365
1337,-1.44349288893542,FALSE,954,954
1338,-0.208570162415648,FALSE,325,325
1339,-0.43856346205883,TRUE,355,761
1340,-0.218593816856198,FALSE,15,15
1341,1.45996594473579,FALSE,908,908
1342,-0.58205991791537,FALSE,997,997
1343,-0.783097595711896,FALSE,364,364
1344,-1.51965399494385,FALSE,414,414
1345,-0.805698081611249,FALSE,8,8
1346,-1.16618470736774,TRUE,982,681
1347,0.407946196248296,TRUE,392,980
1348,-0.863004246007877,TRUE,250,478
1349,0.304042035028136,FALSE,665,665
1350,-0.146427487847921,FALSE,107,107
1351,-1.4335621799108,FALSE,274,274
1352,-0.790607785722698,FALSE,796,796
1353,0.885112455057677,FALSE,749,749
1354,0.903076085954568,FALSE,716,716
1355,2.00557327430063,FALSE,346,346
1356,-0.00358030839978085,FALSE,445,445
1357,-1.49582681398214,TRUE,728,577
1358,-0.768417027015159,FALSE,878,878
1359,0.408488504840148,FALSE,849,849
1360,1.90013633489472,FALSE,857,857
1361,0.110009123439723,FALSE,905,905
1362,1.14038682512847,TRUE,582,741
1363,0.768081304692261,TRUE,693,725
1364,-1.16809162211733,TRUE,332,214
1365,-0.171112652264859,FALSE,974,974
1366,1.30526153634768,FALSE,530,530
1367,0.876096109595914,TRUE,252,977
1368,0.463796141567798,FALSE,829,829
1369,0.477114245376879,TRUE,605,64
1370,-0.491405300209402,FALSE,745,745
1371,-1.3193853133442,TRUE,925,981
1372,1.29542579083131,FALSE,449,449
1373,-1.42021949166693,FALSE,414,414
1374,-0.93889591970583,FALSE,621,621
1375,0.62896499251984,FALSE,571,571
1376,-1.2621945493896,FALSE,668,668
1377,-0.551870413272792,FALSE,959,959
1378,-1.18279950678248,FALSE,52,52
1379,0.62066355772895,FALSE,539,539
1380,0.446313016638096,FALSE,912,912
1381,0.421884693273688,FALSE,203,203
1382,0.442464772145637,FALSE,86,86
1383,0.557245746378939,FALSE,39,39
1384,0.639356491970517,TRUE,118,492
1385,-1.96866155667422,FALSE,9,9
1386,-0.148816361359868,FALSE,132,132
1387,0.112463812551901,FALSE,28,28
1388,0.72467620264776,FALSE,903,903
1389,-1.18748607600529,FALSE,299,299
1390,-0.499600189815913,TRUE,13,714
1391,-1.07364299075116,TRUE,648,44
1392,1.05724021270968,FALSE,819,819
1393,1.27907258320933,FALSE,638,638
1394,0.787676725359233,FALSE,337,337
1395,-1.22240338257699,FALSE,289,289
1396,0.451952116736654,FALSE,69,69
1397,1.15044918638092,TRUE,724,2
1398,0.167940980736459,FALSE,967,967
1399,-0.56610933289597,TRUE,496,57
1400,-1.08611824061135,FALSE,867,867
1401,-0.665302795560156,TRUE,826,418
1402,0.714848355949339,FALSE,595,595
1403,-0.431661100381928,FALSE,928,928
1404,0.227614939940088,FALSE,569,569
1405,1.2949457956703,FALSE,10,10
1406,0.578334940469455,FALSE,19,19
1407,1.36467278147354,FALSE,667,667
1408,-1.70157980266041,TRUE,850,135
1409,-0.280676279713793,FALSE,24,24
1410,0.0650680194921931,TRUE,367,950
1411,0.578589291608515,FALSE,975,975
1412,-1.16920662152897,TRUE,210,924
1413,0.806184855447289,FALSE,411,411
1414,0.307390076162333,TRUE,11,29
1415,0.263806013604717,FALSE,68,68
1416,0.508484791605046,FALSE,918,918
1417,-0.116358439876994,FALSE,45,45
1418,0.925546098499114,FALSE,6,6
1419,0.64822977373149,FALSE,321,321
1420,-0.150209374167699,TRUE,746,231
1421,1.0403770193407,FALSE,826,826
1422,0.292558684946182,TRUE,914,448
1423,0.668751399439465,TRUE,834,914
1424,-0.594177641624222,FALSE,232,232
1425,1.58043183698592,FALSE,543,543
1426,-0.0039889443499837,FALSE,264,264
1427,0.847842768893476,TRUE,713,664
1428,-0.100116525892691,TRUE,949,842
1429,-0.279629906980599,FALSE,98,98
1430,0.784438245280006,FALSE,446,446
1431,-1.58461664459117,FALSE,405,405
1432,0.478366147794031,FALSE,54,54
1433,0.393566372994815,FALSE,628,628
1434,-2.69532936912452,FALSE,105,105
1435,0.368377328533257,TRUE,452,359
1436,-2.16841774734701,FALSE,203,203
1437,0.65980437689272,FALSE,887,887
1438,-0.45391373338119,FALSE,856,856
1439,-0.694936825234894,FALSE,738,738
1440,-0.00684630317266509,TRUE,275,703
1441,1.37305204498399,FALSE,614,614
1442,-0.635323077217894,TRUE,49,61
1443,0.558103293948777,FALSE,629,629
1444,0.341157868421877,FALSE,491,491
1445,-1.17951862914156,FALSE,263,263
1446,-1.74102201733397,TRUE,5,618
1447,-1.99258577123914,FALSE,275,275
1448,0.551274211467889,TRUE,271,736
1449,-0.0347420615312984,TRUE,945,370
1450,1.85057170361062,TRUE,144,120
1451,0.573675108263045,FALSE,345,345
1452,0.849695891082609,FALSE,103,103
1453,1.33438358533495,TRUE,139,655
1454,-0.500719097964974,FALSE,432,432
1455,0.510097928228489,FALSE,842,842
1456,0.868793270244154,FALSE,242,242
1457,1.36935168800303,TRUE,387,823
1458,0.762651146326369,FALSE,602,602
1459,0.421147173037333,TRUE,661,559
1460,-0.868224047271223,FALSE,888,888
1461,0.729560360957694,FALSE,546,546
1462,0.500265872418288,TRUE,588,848
1463,0.634250253706911,FALSE,214,214
1464,0.423645045572257,FALSE,536,536
1465,-0.201838044710004,FALSE,830,830
1466,-0.0768658984340142,FALSE,306,306
1467,0.687364113281517,TRUE,137,198
1468,0.17163150692454,FALSE,304,304
1469,-0.830108574326988,FALSE,277,277
1470,-0.290159119805667,TRUE,983,587
1471,-1.31912572417651,TRUE,671,753
1472,-0.967031902668912,FALSE,677,677
1473,-0.144611070135517,FALSE,190,190
1474,-1.79813255637493,FALSE,104,104
1475,-1.68854247459158,FALSE,4,4
1476,1.10256519943608,FALSE,47,47
1477,-0.57661892421144,FALSE,74,74
1478,-1.85169172955149,FALSE,141,141
1479,-0.112863239428975,FALSE,235,235
1480,1.32106926722152,FALSE,533,533
1481,0.662254296934641,FALSE,119,119
1482,0.441383198353638,FALSE,745,745
1483,1.18374591227984,TRUE,305,764
1484,-0.771501441100894,TRUE,170,873
1485,0.729689191352037,FALSE,260,260
1486,-0.58708561577886,FALSE,307,307
1487,0.000764186362514016,FALSE,716,716
1488,2.21446531934013,FALSE,975,975
1489,0.969434395709261,FALSE,268,268
1490,0.768007713717215,FALSE,580,580
1491,-1.10832791181816,FALSE,536,536
1492,-0.786235919994713,FALSE,169,169
1493,2.2841164802616,FALSE,849,849
1494,-1.09330076397331,FALSE,26,26
1495,0.214479375285073,FALSE,563,563
1496,0.892571059637072,FALSE,753,753
1497,1.01875797234226,FALSE,383,383
1498,1.08911201091924,FALSE,415,415
1499,-0.163128989885215,FALSE,968,968
1500,-0.820986697119997,FALSE,827,827
1501,-0.307257232988639,FALSE,649,649
1502,-0.902098008539463,FALSE,653,653
1503,0.627068743114984,TRUE,506,796
1504,1.12035502842611,FALSE,200,200
1505,2.12721355249353,FALSE,150,150
1506,0.366114382931719,FALSE,484,484
1507,-0.874781377193686,TRUE,606,31
1508,1.02447486299323,FALSE,712,712
1509,0.90475889369531,FALSE,713,713
1510,-0.238248695902827,FALSE,219,219
1511,-1.55785490387231,TRUE,818,886
1512,0.761309895393914,FALSE,381,381
1513,1.12914439564163,TRUE,383,352
1514,-0.295107830705934,FALSE,788,788
1515,0.536242818358026,FALSE,570,570
1516,-0.275890474750511,TRUE,730,464
1517,0.682315245137513,FALSE,71,71
1518,-0.117290714714849,FALSE,63,63
1519,-0.344675863920062,FALSE,770,770
1520,0.11162049819721,FALSE,144,144
1521,-0.283405314982296,FALSE,133,133
1522,-0.591017164454285,FALSE,130,130
1523,-0.315936931242398,FALSE,900,900
1524,-0.00815215232553516,FALSE,663,663
1525,0.207495140718474,FALSE,843,843
1526,1.53242362162584,FALSE,196,196
1527,-1.35799783095348,FALSE,610,610
1528,-0.199619050552942,FALSE,287,287
1529,0.631523127780826,FALSE,430,430
1530,1.76202090344287,FALSE,698,698
1531,0.426014362615495,FALSE,98,98
1532,-0.0137534164753999,TRUE,470,149
1533,-0.307556909596359,FALSE,665,665
1534,0.41430816410829,FALSE,858,858
1535,0.98905792019639,TRUE,92,99
1536,-0.183858310546053,FALSE,989,989
1537,0.163761406846557,TRUE,106,804
1538,0.216936344144384,FALSE,407,407
1539,0.729277634209656,FALSE,945,945
1540,1.11138040702469,FALSE,920,920
1541,0.279160816939631,FALSE,675,675
1542,-0.0761706715471799,TRUE,154,406
1543,1.39466313220858,FALSE,585,585
1544,0.164534117605585,FALSE,647,647
1545,1.57785197879348,TRUE,194,485
1546,-0.0619226576195498,FALSE,118,118
1547,0.613922964193686,FALSE,240,240
1548,-1.54608859424524,FALSE,696,696
1549,-0.112391961337408,FALSE,197,197
1550,-0.0217945399608857,FALSE,324,324
1551,-0.758345417416546,TRUE,895,85
1552,-1.0358928844223,TRUE,758,908
1553,0.948159302551811,TRUE,434,616
1554,0.914158733927719,TRUE,341,12
1555,-1.29873199484646,FALSE,625,625
1556,0.424378794934342,FALSE,441,441
1557,-1.11254531995509,FALSE,146,146
1558,-1.05107322618156,FALSE,986,986
1559,0.525412448266355,FALSE,641,641
1560,-0.686024000093054,TRUE,847,446
1561,0.993479982122214,TRUE,946,27
1562,0.0385235990753455,FALSE,933,933
1563,0.536148975785724,FALSE,911,911
1564,-0.523626697886161,FALSE,21,21
1565,-1.15122133494359,FALSE,832,832
1566,0.914752241002756,FALSE,517,517
1567,0.238071491562714,TRUE,62,305
1568,-0.239067759454706,FALSE,229,229
1569,0.0692353265457363,TRUE,135,896
1570,1.32590834259925,TRUE,706,945
1571,-0.698166634620073,FALSE,424,424
1572,-0.749408444463181,FALSE,280,280
1573,-0.619615052707355,FALSE,490,490
1574,-1.58499126820987,FALSE,538,538
1575,0.819628137503742,FALSE,80,80
1576,0.192369646744246,FALSE,12,12
1577,0.207171974217929,TRUE,782,930
1578,-0.0433473543476873,TRUE,20,827
1579,-0.51016044142411,FALSE,366,366
1580,-0.823418613776224,TRUE,976,130
1581,0.851856403292672,FALSE,750,750
1582,-1.42618467292015,FALSE,564,564
1583,0.440298941965411,FALSE,582,582
1584,-0.792611650757683,FALSE,883,883
1585,0.282310214545467,FALSE,35,35
1586,-0.740690522190153,TRUE,219,504
1587,-0.52334168268403,FALSE,213,213
1588,1.76936591702701,FALSE,455,455
1589,0.668282618933513,TRUE,695,645
1590,-2.14489702427566,FALSE,125,125
1591,0.126412416100317,FALSE,127,127
1592,-0.451812936257225,FALSE,841,841
1593,-1.13662618777767,FALSE,315,315
1594,0.209785890431194,FALSE,898,898
1595,0.129965516019362,FALSE,297,297
1596,-0.328506572568084,TRUE,27,738
1597,1.97270356733745,TRUE,407,543
1598,-2.24869006681656,FALSE,126,126
1599,0.838219387278491,FALSE,669,669
1600,-0.289023270462573,TRUE,167,63
1601,0.656513410579383,TRUE,460,337
1602,-0.453997700638682,FALSE,95,95
1603,-0.593864562445098,FALSE,973,973
1604,-1.71037966639463,FALSE,288,288
1605,-0.209448428272738,TRUE,304,33
1606,2.47874580135709,TRUE,945,449
1607,0.989702208129369,FALSE,170,170
1608,1.67557215582683,FALSE,224,224
1609,0.914965318314041,FALSE,563,563
1610,1.14426270796186,TRUE,713,863
1611,0.902876414499107,FALSE,243,243
1612,0.475392431765103,TRUE,873,475
1613,-0.582528773997008,TRUE,959,843
1614,-0.532934737323476,FALSE,214,214
1615,-1.60083999637529,FALSE,944,944
1616,-0.00581771387999253,TRUE,595,402
1617,0.899355675856713,FALSE,110,110
1618,1.03192255652607,FALSE,273,273
1619,0.0951327044554184,FALSE,775,775
1620,-0.547627617221911,FALSE,844,844
1621,3.29051744331853,TRUE,452,747
1622,0.736685531250424,FALSE,235,235
1623,1.42057530487914,TRUE,710,802
1624,-0.337680640667324,FALSE,134,134
1625,-0.0379576270545946,FALSE,291,291
1626,0.448607097706726,FALSE,266,266
1627,1.67652231194829,FALSE,562,562
1628,-0.311474545456128,FALSE,457,457
1629,0.853615666783069,FALSE,277,277
1630,-2.09481463432023,FALSE,654,654
1631,-0.507254434081633,FALSE,258,258
1632,-1.29200907676331,TRUE,669,1
1633,1.1133627173571,FALSE,469,469
1634,-0.164453088280257,FALSE,961,961
1635,-0.390374082006742,FALSE,595,595
1636,1.36909984619857,FALSE,478,478
1637,1.11627285824003,FALSE,719,719
1638,-0.898021203467497,FALSE,992,992
1639,0.427866487609647,FALSE,787,787
1640,-1.22844456851225,FALSE,105,105
1641,-0.475615024211179,FALSE,195,195
1642,1.61657763714695,FALSE,354,354
1643,1.45012795133044,FALSE,104,104
1644,1.10901875546684,TRUE,751,249
1645,-0.570903886330324,FALSE,915,915
1646,-1.88143147027555,TRUE,776,176
1647,-1.17569818402416,TRUE,937,743
1648,0.95255652462752,TRUE,374,265
1649,-0.290567886165088,FALSE,873,873
1650,-2.16260814556798,TRUE,777,282
1651,-0.180187487716462,FALSE,440,440
1652,1.41023922112458,FALSE,650,650
1653,0.643468640519534,FALSE,460,460
1654,-0.821258543529422,FALSE,744,744
1655,-1.54591665206502,FALSE,494,494
1656,-0.826547225636788,FALSE,769,769
1657,0.0345276713215226,FALSE,698,698
1658,0.888073700912057,FALSE,119,119
1659,-1.93994015479026,FALSE,716,716
1660,1.02320175527412,FALSE,794,794
1661,0.00545772658802192,FALSE,685,685
1662,0.569778969605829,FALSE,454,454
1663,-1.65325556323487,TRUE,95,430
1664,-0.666654380122182,FALSE,203,203
1665,-0.448234189265524,FALSE,389,389
1666,1.04389134830903,FALSE,730,730
1667,1.02817404739542,TRUE,369,285
1668,0.435090459248337,FALSE,243,243
1669,1.60421218162388,FALSE,806,806
1670,-0.515411199745366,FALSE,204,204
1671,1.01253719377392,FALSE,741,741
1672,-0.035940029790719,FALSE,711,711
1673,-0.667342096176409,TRUE,877,154
1674,0.923380038330837,TRUE,764,340
1675,1.3811003308495,FALSE,826,826
1676,0.878250416184849,FALSE,812,812
1677,-0.509403455422264,FALSE,654,654
1678,-0.469787634155099,FALSE,620,620
1679,1.377675846806,FALSE,480,480
1680,0.352826406417748,FALSE,337,337
1681,0.829573979321121,FALSE,276,276
1682,-0.338701983664306,FALSE,674,674
1683,1.26103493646465,FALSE,137,137
1684,-0.808755144962193,FALSE,880,880
1685,0.625351520866631,FALSE,723,723
1686,-0.817174965568112,FALSE,322,322
1687,-2.46257501658577,TRUE,563,610
1688,-1.34295751067967,FALSE,237,237
1689,0.136295199210162,FALSE,614,614
1690,0.882922749625827,FALSE,457,457
1691,-1.75130208309482,TRUE,998,295
1692,-1.25142446891953,FALSE,802,802
1693,1.76454599657549,FALSE,218,218
1694,-0.433899349823264,FALSE,982,982
1695,0.505700131930602,FALSE,841,841
1696,-0.526935321377321,FALSE,51,51
1697,-0.298582885151505,FALSE,864,864
1698,0.0872442066052375,FALSE,480,480
1699,0.0109618427990058,FALSE,317,317
1700,-0.192560211042065,FALSE,894,894
1701,-0.469796485143739,FALSE,618,618
1702,-3.04786088979872,FALSE,56,56
1703,1.8686555003337,TRUE,911,703
1704,1.79042420824304,TRUE,294,840
1705,-1.10108174171923,FALSE,776,776
1706,-0.168107522109968,FALSE,904,904
1707,1.37527530471249,FALSE,372,372
1708,0.998290023052202,FALSE,237,237
1709,1.27660161874577,TRUE,278,289
1710,-1.0717469181598,FALSE,700,700
1711,2.57726809619797,FALSE,828,828
1712,-1.13345995977033,FALSE,968,968
1713,0.753916341883288,TRUE,272,859
1714,0.141275980445689,FALSE,67,67
1715,-0.403710317962031,FALSE,868,868
1716,-0.379415798181019,TRUE,841,448
1717,-0.991396812531003,FALSE,621,621
1718,1.62265979575681,TRUE,631,974
1719,0.0895132277627515,FALSE,118,118
1720,0.259217949214378,TRUE,418,8
1721,0.209632833061035,FALSE,651,651
1722,-0.375170753060867,TRUE,348,183
1723,-1.13402124475505,FALSE,363,363
1724,0.253726309683961,FALSE,598,598
1725,-2.09363944995893,FALSE,811,811
1726,-1.41856694283561,TRUE,449,113
1727,-1.07639669493838,FALSE,239,239
1728,-1.07867886267235,FALSE,916,916
1729,0.107188816567081,TRUE,934,385
1730,1.59848754832474,TRUE,700,410
1731,-1.51532414406497,FALSE,624,624
1732,0.433676020596611,TRUE,848,328
1733,0.899544753321039,FALSE,617,617
1734,-0.989532202288876,FALSE,505,505
1735,-0.0527994015224791,FALSE,704,704
1736,0.823610902622057,TRUE,213,626
1737,-0.255509102547389,FALSE,562,562
1738,-0.220684347251213,FALSE,739,739
1739,0.307726791210618,FALSE,60,60
1740,-0.0600132533332709,TRUE,271,251
1741,-0.555652889939218,FALSE,659,659
1742,-0.138615019460891,FALSE,346,346
1743,1.88283979238647,TRUE,153,257
1744,0.873668679606028,FALSE,12,12
1745,-0.914597072827623,FALSE,293,293
1746,-1.24491762233132,TRUE,554,566
1747,-0.359982240682608,TRUE,868,166
1748,1.32877470094798,FALSE,114,114
1749,0.292679118416953,FALSE,84,84
1750,-0.701505236840661,TRUE,964,107
1751,0.88223456781802,FALSE,534,534
1752,-0.133370388722892,FALSE,867,867
1753,-1.12067849929142,FALSE,926,926
1754,0.461192454211788,FALSE,477,477
1755,1.52414281017881,FALSE,988,988
1756,0.434468298132828,TRUE,912,440
1757,0.192000371138929,FALSE,98,98
1758,-0.656243128417058,FALSE,898,898
1759,0.568398530869528,FALSE,481,481
1760,-1.07057053489039,FALSE,871,871
1761,-1.65314902448089,TRUE,857,429
1762,-0.0433527684937541,FALSE,980,980
1763,-0.0345935057990383,TRUE,696,90
1764,2.36505553200281,FALSE,446,446
1765,-1.2163473078919,FALSE,389,389
1766,0.170906323349044,FALSE,383,383
1767,0.805053093622193,TRUE,798,745
1768,1.05059284411589,FALSE,602,602
1769,-0.0107244846593236,FALSE,796,796
1770,-0.743256141429252,TRUE,867,981
1771,-0.0657840518699871,TRUE,756,467
1772,1.93975599193716,FALSE,932,932
1773,0.482739008175833,FALSE,985,985
1774,-2.04447707255807,FALSE,777,777
1775,1.42345912865025,FALSE,379,379
1776,0.540502660915081,TRUE,482,409
1777,-0.033571771837525,FALSE,865,865
1778,-0.0178636211100986,FALSE,215,215
1779,-0.149789719793403,FALSE,347,347
1780,0.25655948095525,FALSE,743,743
1781,-0.503866933037017,TRUE,325,529
1782,0.277011251660008,FALSE,189,189
1783,-0.931356024820741,FALSE,546,546
1784,0.200146875274757,FALSE,328,328
1785,1.10683742066645,FALSE,780,780
1786,0.509206113653801,FALSE,667,667
1787,1.03374967645111,TRUE,370,714
1788,-1.09086876180262,FALSE,86,86
1789,0.0547927844725968,FALSE,639,639
1790,0.617250302722063,TRUE,529,948
1791,-1.06800486773328,FALSE,765,765
1792,1.56581433705846,FALSE,276,276
1793,-1.03480801098526,FALSE,473,473
1794,0.16451870850584,FALSE,302,302
1795,0.151832330355081,FALSE,470,470
1796,0.121670301966854,FALSE,433,433
1797,-0.210424583643468,FALSE,710,710
1798,0.449936787146205,FALSE,559,559
1799,-1.03116449189746,TRUE,372,15
1800,-1.28936418822322,FALSE,995,995
1801,-0.654568638113246,FALSE,272,272
1802,-0.0573241038477797,FALSE,903,903
1803,1.25674782035705,FALSE,313,313
1804,1.58745413986454,TRUE,311,956
1805,0.319481462544746,TRUE,841,375
1806,0.381591622693148,TRUE,989,518
1807,-0.243644883639445,FALSE,345,345
1808,0.0480530840530341,FALSE,416,416
1809,-1.40454586110179,TRUE,644,838
1810,0.289933728895764,FALSE,199,199
1811,-0.535553582293745,TRUE,858,479
1812,0.334678773100549,FALSE,57,57
1813,-0.345981339154502,FALSE,480,480
1814,-0.661615734836447,FALSE,159,159
1815,-0.219111376802046,FALSE,560,560
1816,-0.366904910633707,TRUE,426,950
1817,1.09457820784237,FALSE,147,147
1818,0.209208082437128,TRUE,51,962
1819,0.432491426153216,FALSE,184,184
1820,-1.24085358580078,FALSE,913,913
1821,1.49682170962802,FALSE,153,153
1822,0.159370441160762,TRUE,586,231
1823,-0.856281403403253,FALSE,476,476
1824,0.309046645446821,FALSE,197,197
1825,0.870434029844877,FALSE,268,268
1826,-1.38367713830156,FALSE,829,829
1827,1.69010697003056,FALSE,942,942
1828,-0.158030705178362,FALSE,264,264
1829,1.12117078064864,FALSE,128,128
1830,0.0722613190889151,FALSE,684,684
1831,-0.332422844566724,TRUE,115,44
1832,-1.83492004662686,FALSE,687,687
1833,-1.10017221858719,TRUE,930,950
1834,-0.0413402999174309,FALSE,673,673
1835,0.827852545117142,TRUE,268,901
1836,-1.88167865415457,TRUE,380,580
1837,1.37544111232424,FALSE,180,180
1838,1.39899046430298,TRUE,516,859
1839,-1.14331625591094,FALSE,626,626
1840,0.47230056219311,FALSE,424,424
1841,-1.03363921335421,FALSE,579,579
1842,-0.125199978688284,FALSE,297,297
1843,0.928662738846683,FALSE,322,322
1844,0.868339647698772,FALSE,726,726
1845,-0.849174603633478,FALSE,606,606
1846,-0.386636454475566,FALSE,348,348
1847,-0.976163570997166,FALSE,102,102
1848,0.339543659904915,FALSE,188,188
1849,-1.55907516443377,FALSE,753,753
1850,-2.62932544155136,FALSE,258,258
1851,1.46981228187286,FALSE,571,571
1852,2.27347291299472,FALSE,399,399
1853,-0.455033540238829,FALSE,198,198
1854,0.761102487094892,FALSE,892,892
1855,-0.00750278370972113,FALSE,132,132
1856,1.47431379971599,FALSE,397,397
1857,0.554143932569381,FALSE,865,865
1858,0.203663965116151,TRUE,708,953
1859,-1.79913645176587,FALSE,503,503
1860,1.08295568079775,TRUE,3,552
1861,-0.350853615046856,FALSE,699,699
1862,-1.40349008471503,TRUE,20,499
1863,-0.20179666491333,FALSE,617,617
1864,-0.126778159792303,FALSE,482,482
1865,1.05920687266615,FALSE,460,460
1866,-1.167396032264,FALSE,622,622
1867,-0.557643627318445,FALSE,594,594
1868,1.48811992838316,FALSE,825,825
1869,1.35866576877003,FALSE,748,748
1870,1.16321454390236,FALSE,953,953
1871,1.66152394534788,FALSE,936,936
1872,0.204030979829896,TRUE,972,666
1873,-0.581883686869775,FALSE,425,425
1874,0.555204061863422,FALSE,220,220
1875,1.05872312582593,FALSE,544,544
1876,2.41363327147105,FALSE,408,408
1877,-1.96498233271119,FALSE,170,170
1878,0.273235703066817,TRUE,970,531
1879,0.654794582869646,TRUE,727,473
1880,-0.0545986553603831,FALSE,6,6
1881,-1.55782224848511,FALSE,429,429
1882,0.741500892086244,FALSE,961,961
1883,-0.77908574126392,FALSE,228,228
1884,0.505861498830513,FALSE,130,130
1885,0.90755170601785,FALSE,245,245
1886,1.28395701047459,TRUE,177,7
1887,-1.55786379738557,FALSE,549,549
1888,1.08174184817912,FALSE,439,439
1889,-0.756981356946019,TRUE,455,554
1890,-1.28901947384896,FALSE,629,629
1891,1.31432066591943,FALSE,5,5
1892,1.14625997326498,TRUE,55,690
1893,-0.242583267705004,FALSE,430,430
1894,0.759540706238345,FALSE,78,78
1895,-0.860325741423062,FALSE,153,153
1896,-0.151031579052044,TRUE,698,777
1897,-0.0937232337608719,FALSE,586,586
1898,-0.280740054504004,FALSE,627,627
1899,0.734098736497243,FALSE,292,292
1900,1.53732753549595,TRUE,908,123
1901,-0.455771062778902,FALSE,146,146
1902,-0.0326584523557289,FALSE,213,213
1903,1.6367573491655,TRUE,875,766
1904,-0.329041970526538,FALSE,336,336
1905,-2.6040381706071,FALSE,786,786
1906,0.513983786447932,FALSE,583,583
1907,-0.886468011111257,FALSE,170,170
1908,-0.998538406003926,FALSE,504,504
1909,1.42081681358485,FALSE,915,915
1910,2.44799800701523,TRUE,547,819
1911,-1.03978254140354,FALSE,397,397
1912,1.03102518166676,FALSE,461,461
1913,-0.0941478383696331,FALSE,27,27
1914,0.141807459220448,FALSE,84,84
1915,1.2222367014564,FALSE,267,267
1916,0.213674518441066,TRUE,414,417
1917,-0.851365353860757,TRUE,527,475
1918,-0.470408874742862,FALSE,247,247
1919,0.686135255298873,TRUE,899,243
1920,-2.3359473318599,FALSE,320,320
1921,1.09524438184847,FALSE,748,748
1922,-1.56715009883224,FALSE,318,318
1923,0.0219310628183824,FALSE,707,707
1924,-0.19035897759196,FALSE,565,565
1925,1.29306948602434,FALSE,50,50
1926,0.188849315056629,FALSE,825,825
1927,0.101939134905212,FALSE,835,835
1928,0.698135808858598,FALSE,703,703
1929,-0.827014556190432,FALSE,577,577
1930,-0.195898856066376,FALSE,891,891
1931,1.17758441380777,FALSE,747,747
1932,0.683473620979851,FALSE,751,751
1933,-1.27549670675253,FALSE,86,86
1934,0.637956367410881,FALSE,522,522
1935,-1.37758962460372,FALSE,840,840
1936,-0.59831080371967,FALSE,470,470
1937,1.21092038385701,FALSE,627,627
1938,-2.25104517544585,FALSE,348,348
1939,-1.77901419088083,FALSE,674,674
1940,1.30137267282643,FALSE,112,112
1941,-0.814792784052655,FALSE,890,890
1942,1.24370701857891,FALSE,458,458
1943,-0.168250200756106,FALSE,738,738
1944,0.427775678362924,FALSE,239,239
1945,0.813278889629239,FALSE,679,679
1946,-0.651211869360044,TRUE,262,461
1947,-0.304590923146605,FALSE,470,470
1948,-0.415097169645636,FALSE,34,34
1949,2.81608427602238,FALSE,961,961
1950,0.126147069097579,TRUE,616,796
1951,0.472800423111086,FALSE,697,697
1952,-0.34075354094095,FALSE,489,489
1953,-0.24179064265461,TRUE,5,833
1954,1.37875466885731,TRUE,959,269
1955,-0.338883669537391,FALSE,216,216
1956,0.0201363027607609,TRUE,271,627
1957,0.376962164141067,FALSE,301,301
1958,-0.431723745037877,TRUE,579,831
1959,1.95906415617703,TRUE,596,902
1960,-1.42845961222117,FALSE,511,511
1961,2.01129297984563,FALSE,582,582
1962,-0.351591888879179,FALSE,571,571
1963,1.35711964684949,TRUE,804,546
1964,-1.99917741100747,FALSE,716,716
1965,0.956080621428453,FALSE,703,703
1966,0.876431264976865,FALSE,240,240
1967,-1.27121697156009,FALSE,283,283
1968,-0.768323878489628,FALSE,287,287
1969,0.193524845470222,FALSE,962,962
1970,1.14383542879701,FALSE,196,196
1971,-0.765999304028675,FALSE,51,51
1972,-0.224125999053298,FALSE,696,696
1973,1.57134693497734,TRUE,175,833
1974,-1.12734724085149,FALSE,249,249
1975,0.947793980716858,FALSE,124,124
1976,0.448768189234897,TRUE,456,864
1977,-1.10581452855633,FALSE,897,897
1978,-0.667867842173781,TRUE,194,309
1979,0.783277510302197,TRUE,892,910
1980,0.248959432712127,FALSE,777,777
1981,1.42509827746748,FALSE,521,521
1982,-0.601783962091587,TRUE,40,692
1983,-1.71448769637948,TRUE,658,283
1984,1.04782692647826,FALSE,765,765
1985,-0.608621618434128,FALSE,410,410
1986,0.120340526822556,FALSE,709,709
1987,1.7190418138518,FALSE,772,772
1988,-0.250414052311195,FALSE,236,236
1989,1.54955532739698,FALSE,504,504
1990,-1.09713964993245,FALSE,53,53
1991,0.925511236116236,TRUE,425,612
1992,0.246799211870998,TRUE,726,381
1993,-0.736771539351451,FALSE,563,563
1994,-1.28000893888965,FALSE,67,67
1995,0.0766436635945079,FALSE,786,786
1996,0.255164762454082,FALSE,377,377
1997,0.277446817034678,FALSE,328,328
1998,0.536856022231548,FALSE,985,985
1999,-0.460485565976711,FALSE,0,0
2000,-0.511603722189581,FALSE,955,955
2001,0.236937879127631,TRUE,330,76
2002,-0.541589171621698,FALSE,556,556
2003,1.21922764704307,FALSE,959,959
2004,0.174135875106149,FALSE,9,9
2005,-0.615268316096478,TRUE,410,633
2006,-1.80689296408533,FALSE,744,744
2007,-0.643681105896039,FALSE,548,548
2008,2.04601885213282,FALSE,915,915
2009,-0.560762421131065,TRUE,925,814
2010,-0.835999305852858,FALSE,415,415
2011,0.652947502777847,FALSE,151,151
2012,0.441293124842934,FALSE,480,480
2013,0.751629056591275,FALSE,712,712
2014,-0.277975085155337,FALSE,312,312
2015,1.12265421625967,TRUE,931,872
2016,-1.17260886019801,FALSE,798,798
2017,-0.048876767973659,FALSE,27,27
2018,-0.704140337217957,FALSE,343,343
2019,0.680758638017183,FALSE,937,937
2020,0.130006761402136,FALSE,280,280
2021,1.10970808177014,TRUE,568,840
2022,2.05850086898135,FALSE,679,679
2023,0.140655531724984,FALSE,270,270
2024,-0.534616652198382,TRUE,627,230
2025,-0.823516726518704,FALSE,142,142
2026,-0.263033982230645,TRUE,854,957
2027,-0.0696018363603779,FALSE,259,259
2028,1.99180191472057,FALSE,537,537
2029,-1.12910954273777,FALSE,450,450
2030,-1.09321743652488,FALSE,599,599
2031,-0.407966690317779,FALSE,330,330
2032,0.587559463498313,FALSE,625,625
2033,0.821111859737407,FALSE,726,726
2034,-0.907934699241847,FALSE,140,140
2035,0.127038606349588,FALSE,63,63
2036,-0.0428929778975765,FALSE,387,387
2037,1.19520647042577,FALSE,683,683
2038,1.08919223650205,FALSE,419,419
2039,-0.312280694434521,TRUE,272,500
2040,0.0459937666619196,TRUE,429,51
2041,0.652722613401543,FALSE,530,530
2042,-1.65349263659697,FALSE,803,803
2043,-0.310270965480046,TRUE,65,404
2044,0.574872884002482,FALSE,778,778
2045,-0.523232154380119,FALSE,584,584
2046,-0.0599182013481885,FALSE,808,808
2047,-0.0210075354337069,FALSE,903,903
2048,-0.723653214316312,TRUE,623,244
2049,-0.994479836178391,FALSE,762,762
2050,-0.199867234998128,FALSE,366,366
2051,-0.347027822807086,FALSE,895,895
2052,0.834095065661454,FALSE,588,588
2053,1.52988221249492,FALSE,60,60
2054,-0.0119223793666472,FALSE,965,965
2055,0.398671992491547,FALSE,751,751
2056,-0.0704153139057291,FALSE,310,310
2057,0.601359843881131,FALSE,465,465
2058,0.218495462278797,FALSE,611,611
2059,0.236595501860209,FALSE,718,718
2060,1.112915127616,FALSE,40,40
2061,-0.987421149395455,FALSE,613,613
2062,1.44786401312549,TRUE,697,483
2063,0.349112412179829,TRUE,744,798
2064,0.180822010712195,TRUE,835,718
2065,-0.560241851130579,FALSE,536,536
2066,-0.163877591582529,FALSE,800,800
2067,0.373684804430444,FALSE,560,560
2068,-2.06371425739842,FALSE,803,803
2069,-0.601521948838093,FALSE,908,908
2070,0.58599161230581,FALSE,654,654
2071,-0.294481786351775,FALSE,475,475
2072,-0.800527545484263,FALSE,753,753
2073,-0.63569453113499,FALSE,852,852
2074,0.235749032414044,FALSE,590,590
2075,-1.63483238484751,FALSE,154,154
2076,0.871229240582207,FALSE,66,66
2077,-2.16893467443595,TRUE,502,549
2078,-0.503339522315559,FALSE,87,87
2079,-0.787182478973486,FALSE,755,755
2080,-1.24860020954842,TRUE,689,160
2081,-1.07790734011295,FALSE,696,696
2082,0.250077353605602,FALSE,917,917
2083,-0.11977403121588,FALSE,806,806
2084,-0.30085263245286,FALSE,122,122
2085,-2.32076377558186,TRUE,318,845
2086,-1.32432071149579,TRUE,957,532
2087,-0.131307112462703,TRUE,529,783
2088,-0.87803515301306,TRUE,583,672
2089,-0.796768930311008,FALSE,606,606
2090,1.0495407129977,FALSE,808,808
2091,0.175588348517341,FALSE,782,782
2092,-1.04384462163877,TRUE,165,379
2093,-0.468696015002214,FALSE,905,905
2094,-0.28490348155087,FALSE,287,287
2095,-0.680295181235103,FALSE,186,186
2096,-0.964053610494564,FALSE,60,60
2097,-0.0518040820003942,TRUE,882,771
2098,0.741194719519763,FALSE,587,587
2099,0.226852003567295,FALSE,632,632
2100,-0.200147012715761,FALSE,116,116
2101,0.387820244768823,TRUE,378,471
2102,0.793918367051497,FALSE,171,171
2103,-0.140513958248364,FALSE,787,787
2104,0.455805198945874,FALSE,385,385
2105,-1.14557290708596,FALSE,565,565
2106,-0.249650688168871,TRUE,248,502
2107,-0.420298275494042,FALSE,231,231
2108,0.195664503560041,FALSE,128,128
2109,0.357319513842984,FALSE,651,651
2110,-0.123617978997338,FALSE,571,571
2111,-0.766214222789801,FALSE,130,130
2112,-0.929714216784719,FALSE,181,181
2113,0.278520610602079,FALSE,822,822
2114,1.35683685227542,FALSE,547,547
2115,-0.787135594929695,FALSE,110,110
2116,-0.384798672297195,FALSE,762,762
2117,0.330680560251943,FALSE,5,5
2118,-0.55462045006283,FALSE,270,270
2119,0.121572314820453,FALSE,558,558
2120,-0.0475961169783602,FALSE,748,748
2121,-0.776251590566683,FALSE,936,936
2122,0.831441251138311,FALSE,256,256
2123,0.84630783722297,FALSE,932,932
2124,1.0241395066572,FALSE,414,414
2125,1.26799658618238,FALSE,690,690
2126,-0.506361787922575,FALSE,668,668
2127,-0.464481896508305,FALSE,578,578
2128,0.26121800049174,FALSE,33,33
2129,0.630080976551625,TRUE,749,187
2130,-0.339626156224904,FALSE,341,341
2131,-0.423344808400481,FALSE,193,193
2132,-0.618271527554652,FALSE,308,308
2133,1.48220189072674,TRUE,461,686
2134,-2.50816635204148,TRUE,946,831
2135,-0.16757803378388,FALSE,55,55
2136,0.0382128770535341,FALSE,796,796
2137,-1.05960960299357,FALSE,790,790
2138,0.385425894820638,TRUE,790,961
2139,-1.96708768381011,TRUE,187,132
2140,0.954968861111918,TRUE,250,988
2141,-1.6633605848706,FALSE,475,475
2142,-2.20273488009703,FALSE,837,837
2143,-0.763563825792029,FALSE,92,92
2144,0.162080393912321,FALSE,256,256
2145,-0.651567164764164,FALSE,109,109
2146,-0.559286995277619,FALSE,603,603
2147,0.333204975057779,FALSE,868,868
2148,-1.05890092148845,FALSE,372,372
2149,-0.0858495457604726,TRUE,952,613
2150,0.497932992929394,TRUE,918,42
2151,1.63398965670861,FALSE,920,920
2152,0.479451881240197,FALSE,878,878
2153,1.71476299216676,FALSE,377,377
2154,0.453160033529716,FALSE,964,964
2155,-0.00324112682536025,FALSE,176,176
2156,-2.25653485624939,TRUE,732,358
2157,-1.22465855193064,FALSE,380,380
2158,-0.318962623738224,FALSE,379,379
2159,0.712270455853782,FALSE,526,526
2160,-0.32251357317817,FALSE,507,507
2161,0.543648621254837,FALSE,86,86
2162,-1.06381135183874,FALSE,69,69
2163,-0.274129717350557,FALSE,912,912
2164,0.21700603247715,TRUE,224,827
2165,-0.359385718165611,FALSE,385,385
2166,0.11283169498315,FALSE,110,110
2167,-0.670748026053258,FALSE,524,524
2168,0.374345223259504,TRUE,312,734
2169,-0.0810548925112574,FALSE,771,771
2170,-0.0470493466531285,FALSE,222,222
2171,-1.94878708644615,FALSE,908,908
2172,-0.673668581278741,FALSE,25,25
2173,-1.48964408489825,FALSE,482,482
2174,-1.6057180576203,FALSE,535,535
2175,-0.493883100845236,FALSE,141,141
2176,-0.160798367745603,TRUE,908,818
2177,0.283600225800619,FALSE,813,813
2178,1.09126265030032,FALSE,561,561
2179,0.444400296922585,TRUE,609,350
2180,1.01207034075848,TRUE,52,965
2181,-0.526310287634533,FALSE,409,409
2182,-0.307840173188787,FALSE,547,547
2183,1.08516888442625,TRUE,579,535
2184,0.00120718393810378,FALSE,907,907
2185,-1.68024471568337,FALSE,265,265
2186,-0.846555519092125,FALSE,965,965
2187,1.00759205983273,FALSE,550,550
2188,-0.61073725767746,FALSE,303,303
2189,0.333444132777122,FALSE,477,477
2190,0.0142226956806451,TRUE,716,616
2191,-0.496357607349663,FALSE,268,268
2192,-0.350786392406381,FALSE,854,854
2193,0.391720547858095,FALSE,861,861
2194,0.209578828892245,FALSE,417,417
2195,1.23467013989917,FALSE,705,705
2196,-0.199819784434937,FALSE,806,806
2197,-0.923208042026683,FALSE,744,744
2198,0.165903101579443,FALSE,383,383
2199,0.70533455324418,TRUE,618,833
2200,2.28196695572699,FALSE,424,424
2201,-0.463683013103734,TRUE,143,145
2202,-0.326353571908267,FALSE,997,997
2203,0.882493210397949,TRUE,843,819
2204,1.28128612650446,FALSE,108,108
2205,-0.658681856604976,FALSE,45,45
2206,0.664570454944414,FALSE,851,851
2207,-0.565157514042339,FALSE,503,503
2208,-0.962178270242238,TRUE,89,659
2209,0.623360901900257,TRUE,511,670
2210,0.106497772201071,FALSE,733,733
2211,0.38933087814222,FALSE,777,777
2212,-0.580503496721951,FALSE,715,715
2213,1.79497795592676,FALSE,917,917
2214,0.665288009047707,FALSE,779,779
2215,-0.374402425652033,FALSE,903,903
2216,0.702748931010459,FALSE,924,924
2217,-1.21451438389368,FALSE,326,326
2218,-0.137750126949227,FALSE,50,50
2219,1.40335789868052,FALSE,99,99
2220,-0.188839311604344,FALSE,603,603
2221,0.910490371995549,TRUE,246,890
2222,-0.221922000189912,TRUE,426,428
2223,-2.29802640030622,FALSE,883,883
2224,-0.880212545566096,FALSE,265,265
2225,0.222735689034971,FALSE,615,615
2226,1.44655271093401,TRUE,313,224
2227,-0.593402125000833,FALSE,363,363
2228,0.275979011382551,FALSE,161,161
2229,-0.964819289479567,FALSE,781,781
2230,-1.0164562413338,FALSE,170,170
2231,-0.777316643416823,FALSE,547,547
2232,1.36906206733358,FALSE,768,768
2233,0.940310089910901,FALSE,958,958
2234,0.5936651573177,FALSE,284,284
2235,1.11546255343648,TRUE,195,320
2236,-0.424424996733506,TRUE,157,377
2237,0.759576936893122,TRUE,657,893
2238,0.209629277871549,FALSE,491,491
2239,-1.04910092481282,FALSE,17,17
2240,-0.831062222281743,FALSE,286,286
2241,0.0500529319191458,FALSE,397,397
2242,0.205630061496544,FALSE,126,126
2243,-0.321358418660978,FALSE,836,836
2244,-0.996491243786537,FALSE,551,551
2245,-2.09089194048916,TRUE,396,670
2246,0.425235479441099,FALSE,451,451
2247,-0.295271709137097,FALSE,639,639
2248,0.54916088318128,FALSE,357,357
2249,-1.54589181325016,FALSE,314,314
2250,-1.25333593531244,FALSE,145,145
2251,-0.111331874671968,TRUE,327,912
2252,-1.4128135356317,FALSE,382,382
2253,-1.98295385072071,FALSE,469,469
2254,0.783595407833566,FALSE,796,796
2255,0.900869339749533,FALSE,372,372
2256,-1.0299636420045,FALSE,604,604
2257,-0.272057268566593,FALSE,992,992
2258,-1.13397290517125,FALSE,775,775
2259,0.316426916752984,FALSE,646,646
2260,-0.0296783010019916,TRUE,501,656
2261,-0.869460450959366,FALSE,942,942
2262,-0.774217543896185,TRUE,696,752
2263,-1.0620811934282,FALSE,838,838
2264,0.436374262192543,FALSE,552,552
2265,0.571008847814101,FALSE,909,909
2266,0.376474894415886,TRUE,344,237
2267,-0.842889697415977,TRUE,755,791
2268,-1.78616962823527,FALSE,984,984
2269,0.530875663154472,FALSE,383,383
2270,-0.177058947394319,FALSE,305,305
2271,-0.0393923499714967,TRUE,389,288
2272,1.03212798487339,TRUE,838,369
2273,-0.8935158344016,TRUE,788,99
2274,1.14401532568501,FALSE,948,948
2275,-0.413191495212929,FALSE,223,223
2276,-0.713187821756013,TRUE,933,734
2277,-0.205746143817567,TRUE,704,697
2278,0.390019728842846,FALSE,685,685
2279,-0.207215645255724,FALSE,448,448
2280,-0.900507220547859,FALSE,311,311
2281,-0.281624278790779,TRUE,28,233
2282,-2.54193110113798,FALSE,525,525
2283,-0.508511681872445,FALSE,783,783
2284,0.455966217539027,FALSE,117,117
2285,-0.169259774532087,FALSE,379,379
2286,0.688327722261226,FALSE,601,601
2287,0.48598243397446,FALSE,560,560
2288,0.645646746355588,FALSE,51,51
2289,0.656044945025482,FALSE,467,467
2290,-1.73858076137427,TRUE,65,502
2291,0.00415968001844305,FALSE,622,622
2292,1.63006733460683,FALSE,615,615
2293,-0.480485227044419,TRUE,454,49
2294,0.452802442420564,FALSE,716,716
2295,0.143393730979936,FALSE,277,277
2296,0.557012225188023,TRUE,724,140
2297,-0.272030117170514,FALSE,375,375
2298,-0.648299296516002,TRUE,75,330
2299,0.071960844365645,TRUE,328,301
2300,0.207814830703413,TRUE,426,143
2301,-0.185332289683865,TRUE,9,49
2302,0.0314406650264462,TRUE,949,741
2303,0.411351933690778,FALSE,794,794
2304,-0.776183890462463,FALSE,164,164
2305,1.13967765719806,FALSE,56,56
2306,2.20076027074659,TRUE,558,90
2307,1.47720532873484,FALSE,210,210
2308,-0.454417850707568,FALSE,918,918
2309,-1.82288726903245,FALSE,66,66
2310,0.0541979571095952,FALSE,473,473
2311,0.88027322060407,TRUE,412,350
2312,0.778106697935667,FALSE,978,978
2313,-1.22974677471174,FALSE,898,898
2314,-1.11314851074341,TRUE,877,382
2315,0.133744634877637,TRUE,361,843
2316,0.626081345376854,FALSE,802,802
2317,0.872931663855459,FALSE,772,772
2318,0.816391978938957,FALSE,785,785
2319,-0.967975491966489,FALSE,829,829
2320,-1.31260505619999,FALSE,211,211
2321,-2.01251977795928,FALSE,18,18
2322,0.504932697727818,FALSE,936,936
2323,0.828111565769427,FALSE,137,137
2324,0.335850688825044,FALSE,537,537
2325,-1.05912444601131,FALSE,901,901
2326,1.56771674994935,FALSE,88,88
2327,-0.370146624363391,FALSE,334,334
2328,1.77903836149569,FALSE,61,61
2329,0.551402005080575,FALSE,887,887
2330,1.19031064508552,TRUE,484,90
2331,0.330602226294406,FALSE,264,264
2332,-0.0646522280998777,TRUE,869,299
2333,-1.01254806837321,FALSE,709,709
2334,-0.55851419019136,FALSE,978,978
2335,-0.0471078362764253,TRUE,990,365
2336,0.282074067985043,FALSE,537,537
2337,-0.0332192123310964,FALSE,971,971
2338,-0.177971989093417,FALSE,959,959
2339,0.183485516942061,FALSE,417,417
2340,-0.524372042597516,FALSE,110,110
2341,-0.53593745633951,FALSE,580,580
2342,-1.45570470165602,FALSE,77,77
2343,0.846271470268007,FALSE,393,393
2344,0.046932368001524,FALSE,429,429
2345,-0.0836242334273476,FALSE,830,830
2346,-0.740918614774917,FALSE,357,357
2347,-0.247773863902407,FALSE,752,752
2348,-1.0867828557013,FALSE,544,544
2349,-1.04929735235275,FALSE,772,772
2350,-1.9189517717066,FALSE,803,803
2351,0.981698772648436,TRUE,121,171
2352,0.125964082145297,FALSE,32,32
2353,-1.11677637555443,FALSE,502,502
2354,1.1637866037459,FALSE,472,472
2355,0.624591683369118,FALSE,476,476
2356,0.742382274584664,TRUE,977,481
2357,-0.225770566942818,TRUE,34,164
2358,-0.422872006585657,FALSE,518,518
2359,-0.0980529020064929,FALSE,208,208
2360,0.404690656237582,FALSE,349,349
2361,0.799914606641116,FALSE,292,292
2362,1.58946914995693,FALSE,185,185
2363,-0.509070404137272,FALSE,124,124
2364,-1.01556474815148,FALSE,227,227
2365,0.100858665610429,FALSE,950,950
2366,3.02210418529039,FALSE,505,505
2367,-0.428615845083704,FALSE,165,165
2368,1.14568121778476,FALSE,930,930
2369,-0.243098209585093,FALSE,910,910
2370,-0.478543237763878,FALSE,230,230
2371,-0.710417122207556,TRUE,649,136
2372,-0.211244627717603,FALSE,876,876
2373,1.64178447087543,FALSE,870,870
2374,0.301846720563439,FALSE,676,676
2375,0.487329123215285,TRUE,992,917
2376,0.838735792432261,FALSE,682,682
2377,2.071741512886,FALSE,970,970
2378,0.77561884207953,FALSE,589,589
2379,-1.42711135295193,FALSE,92,92
2380,-1.03351133546615,FALSE,911,911
2381,-1.58945511359183,FALSE,646,646
2382,-2.84854676989379,FALSE,548,548
2383,1.29073392779261,TRUE,391,261
2384,-0.493723874282408,FALSE,79,79
2385,0.394970677706016,FALSE,461,461
2386,1.18161785314391,FALSE,110,110
2387,-0.511832694580471,FALSE,998,998
2388,-0.134967648662221,FALSE,12,12
2389,0.350256179524455,FALSE,322,322
2390,0.225879221817625,FALSE,941,941
2391,-0.774315249588103,FALSE,488,488
2392,0.730815610006591,TRUE,262,722
2393,0.545635528242466,FALSE,410,410
2394,-0.288449295921491,FALSE,639,639
2395,-1.222380910859,FALSE,92,92
2396,0.633333595568586,FALSE,659,659
2397,1.427519655915,TRUE,622,404
2398,1.38051749338936,FALSE,297,297
2399,0.872634566795338,FALSE,214,214
2400,-0.483135068652272,TRUE,374,665
2401,-0.531346919490549,FALSE,870,870
2402,-0.587684756585901,FALSE,620,620
2403,-0.411697868987503,FALSE,959,959
2404,0.709185621253385,TRUE,308,759
2405,0.256396753535657,FALSE,634,634
2406,-1.8563605863048,FALSE,198,198
2407,-1.86058762981445,FALSE,442,442
2408,-0.0228340937343522,FALSE,168,168
2409,0.149938747281039,FALSE,644,644
2410,-2.30747434203529,FALSE,121,121
2411,-0.816447225812107,TRUE,851,640
2412,0.0275611516966839,TRUE,214,232
2413,1.46178591517648,FALSE,523,523
2414,-2.01286872832228,FALSE,550,550
2415,-1.25544427798198,FALSE,492,492
2416,-1.08030684721822,FALSE,485,485
2417,0.175396078648851,FALSE,161,161
2418,0.330839221414253,TRUE,698,908
2419,-0.320689231300393,FALSE,313,313
2420,-1.61232868794999,TRUE,931,925
2421,-0.630552416864319,TRUE,911,621
2422,-0.560485986655885,FALSE,337,337
2423,-0.202581284417019,FALSE,304,304
2424,1.62288518113168,TRUE,936,524
2425,-0.676770530437996,FALSE,216,216
2426,0.0762644051386911,TRUE,85,808
2427,-0.705398341626911,FALSE,595,595
2428,-1.24022784904392,TRUE,610,623
2429,0.635947897868601,FALSE,762,762
2430,-1.05062867965275,FALSE,918,918
2431,2.73520918962219,FALSE,2,2
2432,0.0925629378272146,TRUE,800,695
2433,0.0602535760786764,FALSE,667,667
2434,-0.0665452110108605,FALSE,931,931
2435,1.84364554004006,FALSE,233,233
2436,0.663927110403606,FALSE,832,832
2437,-0.250990643747969,FALSE,742,742
2438,-1.16618980661084,FALSE,407,407
2439,-1.03872776071744,FALSE,413,413
2440,-0.78498930533731,FALSE,431,431
2441,1.21494843097831,FALSE,325,325
2442,-0.188981575770903,TRUE,378,898
2443,-0.757198622679825,FALSE,871,871
2444,0.792059477880274,FALSE,671,671
2445,1.34518001902217,FALSE,161,161
2446,-0.694531484071315,TRUE,681,771
2447,-0.444932544042374,FALSE,968,968
2448,0.345284186723786,TRUE,810,80
2449,-0.00484443653596692,FALSE,920,920
2450,0.406366471484777,FALSE,447,447
2451,1.71419852577143,FALSE,155,155
2452,-0.0603865541209644,FALSE,322,322
2453,-0.280702267534243,FALSE,722,722
2454,0.485414460894456,FALSE,549,549
2455,-0.049344529739962,FALSE,615,615
2456,0.627765061532786,FALSE,617,617
2457,-0.223971151420257,FALSE,507,507
2458,0.443522714401107,TRUE,636,413
2459,-1.56374070756789,FALSE,737,737
2460,0.0139036583033917,FALSE,408,408
2461,-0.516215987283684,FALSE,862,862
2462,-1.19054257551753,FALSE,66,66
2463,-0.413069207837028,TRUE,700,287
2464,0.371994945422908,FALSE,720,720
2465,0.0923429640204638,FALSE,18,18
2466,0.693483762521126,FALSE,323,323
2467,0.940899243153547,FALSE,468,468
2468,0.828464029727859,FALSE,668,668
2469,-0.324489176475348,FALSE,227,227
2470,-1.32815619805706,FALSE,387,387
2471,-0.280334969912362,FALSE,380,380
2472,1.16965543651082,FALSE,291,291
2473,-0.121476364908072,FALSE,458,458
2474,-1.63729165104512,FALSE,965,965
2475,0.491383222869776,FALSE,709,709
2476,0.281819310693371,FALSE,10,10
2477,-0.400603355192185,TRUE,379,554
2478,0.173361502856003,FALSE,230,230
2479,1.36938766954533,TRUE,430,427
2480,1.29919609375684,FALSE,3,3
2481,-0.456296893545459,FALSE,589,589
2482,0.010664861858056,FALSE,765,765
2483,-1.45408914493424,FALSE,289,289
2484,-0.727753325968744,FALSE,324,324
2485,2.00824039746518,FALSE,542,542
2486,1.49800968551095,TRUE,95,538
2487,-0.229254725283134,FALSE,155,155
2488,-0.692465145302774,TRUE,218,316
2489,-1.3666232971684,TRUE,428,634
2490,2.1260518537637,TRUE,136,801
2491,0.114629724838474,TRUE,63,930
2492,-0.593948909367117,FALSE,105,105
2493,1.07806733795125,FALSE,278,278
2494,-1.09958583285891,FALSE,753,753
2495,0.726564197606452,FALSE,637,637
2496,1.4408703022386,FALSE,196,196
2497,-0.210170159621664,TRUE,931,163
2498,1.45128094388337,TRUE,453,42
2499,0.641551431409249,FALSE,350,350
2500,-0.678807618879959,FALSE,147,147
2501,0.574312736347461,FALSE,125,125
2502,-0.704514526288929,FALSE,271,271
2503,-0.533984057229936,FALSE,10,10
2504,0.774384606617658,FALSE,382,382
2505,-0.475621395338803,FALSE,400,400
2506,-0.0244273788868501,FALSE,872,872
2507,1.01900809628437,FALSE,222,222
2508,-1.20558039559856,FALSE,677,677
2509,1.59529386747203,FALSE,118,118
2510,2.041955459993,FALSE,819,819
2511,0.614481250043309,FALSE,787,787
2512,0.421931174136824,FALSE,5,5
2513,-0.496421667693228,TRUE,956,980
2514,0.490961412826035,FALSE,815,815
2515,-0.501982169603514,FALSE,452,452
2516,0.288169818251617,FALSE,250,250
2517,-0.686626008241128,TRUE,941,828
2518,0.788403786030499,FALSE,827,827
2519,0.691368840963686,FALSE,474,474
2520,1.24299900805133,FALSE,699,699
2521,1.98220971242917,TRUE,608,120
2522,-0.646441834619146,TRUE,552,197
2523,0.96618929222735,FALSE,288,288
2524,-1.42726744709521,FALSE,953,953
2525,-0.457483758648024,FALSE,650,650
2526,0.945466684608465,FALSE,801,801
2527,-0.738389150369058,TRUE,152,748
2528,0.345640699877904,FALSE,834,834
2529,-0.900444693895271,FALSE,394,394
2530,-0.37035070411506,FALSE,446,446
2531,-0.0407969264500623,FALSE,158,158
2532,-0.612318766406044,FALSE,772,772
2533,-1.94585208981637,FALSE,460,460
2534,0.243096329527575,FALSE,627,627
2535,0.474900095404527,FALSE,873,873
2536,0.136714574061142,FALSE,473,473
2537,-0.48874772568831,FALSE,942,942
2538,0.900203657260438,FALSE,970,970
2539,1.07753566006142,TRUE,144,33
2540,-2.37367085604992,FALSE,113,113
2541,1.12457483752911,FALSE,787,787
2542,-1.77954774715351,TRUE,867,190
2543,-0.344550362435428,FALSE,54,54
2544,-1.10917311375928,TRUE,958,924
2545,-0.630105782923093,FALSE,693,693
2546,1.31688376872424,FALSE,968,968
2547,0.534513388284073,FALSE,882,882
2548,0.493898085741881,FALSE,191,191
2549,-2.07799243134481,FALSE,861,861
2550,0.196325342741564,FALSE,910,910
2551,0.628803153873898,FALSE,843,843
2552,0.860947143393616,FALSE,388,388
2553,-0.973247350475229,FALSE,105,105
2554,0.937543052030658,TRUE,548,939
2555,-1.39520577829527,TRUE,941,590
2556,1.73874301887633,FALSE,786,786
2557,-0.798634290243535,FALSE,421,421
2558,0.765024386769347,FALSE,717,717
2559,0.317911345135436,FALSE,16,16
2560,-1.06360051761289,FALSE,490,490
2561,1.1442586560686,TRUE,816,161
2562,0.0333768426273916,FALSE,189,189
2563,0.818407774847846,FALSE,632,632
2564,0.218192085822206,FALSE,686,686
2565,0.868497252409914,TRUE,653,650
2566,0.0216805208980772,FALSE,670,670
2567,1.11522864969301,FALSE,857,857
2568,-0.352180864911126,FALSE,663,663
2569,0.527288318248801,TRUE,824,647
2570,0.378571522243943,TRUE,110,708
2571,0.843859777098379,FALSE,915,915
2572,-0.621042494956867,FALSE,544,544
2573,0.177691497867866,FALSE,489,489
2574,-0.580165079131849,FALSE,756,756
2575,0.908637825733444,FALSE,636,636
2576,-0.636686379475083,FALSE,79,79
2577,1.73223869637675,FALSE,830,830
2578,0.790371602039116,FALSE,698,698
2579,-0.0137079788538398,FALSE,455,455
2580,1.20619647520582,TRUE,774,539
2581,-0.0845909401382518,FALSE,508,508
2582,0.563262281636034,FALSE,206,206
2583,0.528194400015101,FALSE,804,804
2584,0.423038432410325,FALSE,191,191
2585,-0.596764229709111,FALSE,342,342
2586,-1.2508442776012,FALSE,370,370
2587,-1.68160070977383,TRUE,459,570
2588,-0.456296359001271,FALSE,311,311
2589,0.682793192202467,TRUE,466,753
2590,-0.23903748350282,FALSE,82,82
2591,-1.20335093346794,FALSE,226,226
2592,2.15647760195008,FALSE,486,486
2593,0.702009423048609,FALSE,292,292
2594,1.94661810026563,FALSE,669,669
2595,1.21303635372129,FALSE,510,510
2596,-0.611379118364512,FALSE,336,336
2597,-0.411921203246786,TRUE,431,950
2598,-1.44068097826971,FALSE,279,279
2599,0.74047345310968,TRUE,634,984
2600,1.62365925222734,TRUE,87,800
2601,-0.920484878072598,TRUE,69,503
2602,-1.20219764681918,FALSE,734,734
2603,0.882678068364482,FALSE,125,125
2604,-1.51647903560073,TRUE,613,372
2605,1.92161155776854,FALSE,810,810
2606,0.572135777806248,FALSE,743,743
2607,-1.71489505383856,FALSE,512,512
2608,0.354918895732423,TRUE,12,935
2609,0.105181865810994,TRUE,342,432
2610,-2.46841353318467,TRUE,518,65
2611,-0.0418580303239525,FALSE,380,380
2612,-0.587260767867037,FALSE,668,668
2613,-0.887296992757254,FALSE,535,535
2614,0.238716819750682,FALSE,15,15
2615,0.850890302293807,FALSE,54,54
2616,1.72700883321405,FALSE,867,867
2617,-2.63250764609541,FALSE,944,944
2618,0.743611327809965,FALSE,146,146
2619,-0.952351111335292,FALSE,163,163
2620,1.15633016538051,FALSE,938,938
2621,0.345861674157838,FALSE,307,307
2622,1.44495717206043,FALSE,982,982
2623,-1.48276130575666,TRUE,743,200
2624,0.49463129762884,TRUE,371,626
2625,0.295159338034633,FALSE,400,400
2626,1.04786224591943,FALSE,170,170
2627,-0.231168508634999,FALSE,740,740
2628,1.14401684592874,FALSE,626,626
2629,-0.444960875475881,FALSE,43,43
2630,-0.429237403893111,FALSE,916,916
2631,0.0253793014557843,FALSE,752,752
2632,-1.0692521723823,TRUE,683,230
2633,-0.456571640834288,TRUE,544,444
2634,1.11000382848242,FALSE,923,923
2635,1.65182870430573,FALSE,915,915
2636,1.11425467962836,TRUE,785,595
2637,-0.424865175188582,FALSE,998,998
2638,0.318479885539619,FALSE,812,812
2639,0.098489648944743,FALSE,526,526
2640,-1.2590274729358,TRUE,380,67
2641,0.257408211140715,FALSE,419,419
2642,-0.824293327671809,FALSE,11,11
2643,-1.06062421894714,TRUE,801,313
2644,0.725505461365908,TRUE,103,907
2645,-0.707931887106341,FALSE,847,847
2646,-0.144048750509615,FALSE,788,788
2647,-0.973715576881434,FALSE,223,223
2648,0.0559444258531401,FALSE,594,594
2649,0.492346553150489,TRUE,400,489
2650,0.502545254666909,TRUE,509,92
2651,-1.07525797722939,TRUE,949,80
2652,1.25804225002658,FALSE,751,751
2653,1.49297171304439,FALSE,865,865
2654,0.372910426410749,TRUE,555,394
2655,0.157479547884347,TRUE,869,426
2656,0.0773429033210805,FALSE,650,650
2657,0.257545945939747,FALSE,381,381
2658,0.376423588722638,FALSE,168,168
2659,0.136823618948169,FALSE,692,692
2660,0.653823170914733,FALSE,54,54
2661,-0.335768542377534,FALSE,587,587
2662,1.12934492850217,FALSE,556,556
2663,-0.0376828117706237,TRUE,971,86
2664,-1.75569401653616,FALSE,879,879
2665,-0.0997203693834034,FALSE,366,366
2666,0.447020452653874,TRUE,110,448
2667,1.2300316728337,FALSE,577,577
2668,0.0602104326151076,FALSE,36,36
2669,-1.940069201671,FALSE,388,388
2670,0.00483176592536138,FALSE,790,790
2671,-1.19921192196747,FALSE,43,43
2672,-0.976105703649749,TRUE,9,497
2673,-1.02562705123497,FALSE,936,936
2674,-0.799226924512563,FALSE,374,374
2675,1.13712909055669,FALSE,446,446
2676,-0.831528899543843,FALSE,910,910
2677,-0.439062773952966,TRUE,320,849
2678,0.184173461400253,FALSE,540,540
2679,0.89037962557919,TRUE,822,205
2680,-0.666705010074985,FALSE,267,267
2681,-0.826223863869995,TRUE,781,280
2682,-0.518615722213841,FALSE,593,593
2683,-1.17171869923338,FALSE,196,196
2684,0.920033349469812,FALSE,445,445
2685,-2.18195813409894,FALSE,492,492
2686,-0.5276920773549,FALSE,242,242
2687,-1.44114002209388,FALSE,785,785
2688,-1.95678478418978,TRUE,591,6
2689,0.0286581970792618,FALSE,278,278
2690,1.53823566132278,TRUE,970,650
2691,1.63464035479982,FALSE,282,282
2692,-0.562776208352765,FALSE,404,404
2693,-0.696955708518244,FALSE,825,825
2694,-0.538226303471587,FALSE,94,94
2695,0.710110231783851,FALSE,459,459
2696,-2.56169696298002,FALSE,147,147
2697,0.24770047442229,FALSE,40,40
2698,-0.405540381007554,TRUE,798,946
2699,-0.743938496851104,FALSE,485,485
2700,-2.00612003132012,FALSE,339,339
2701,-0.205826417782953,FALSE,988,988
2702,-1.64905677245587,TRUE,443,237
2703,-0.0153078731923365,FALSE,196,196
2704,-0.894901677513419,TRUE,180,278
2705,0.0463197241835662,FALSE,203,203
2706,0.461004079383783,FALSE,506,506
2707,-0.503738767197944,TRUE,956,348
2708,-1.022398456216,FALSE,385,385
2709,-0.61174222903031,FALSE,524,524
2710,-0.667393503214493,TRUE,478,667
2711,-1.49327582905547,FALSE,872,872
2712,-0.780618213906196,FALSE,402,402
2713,-0.193405134857153,FALSE,69,69
2714,-0.220833309799399,FALSE,23,23
2715,0.329541739887292,FALSE,724,724
2716,1.29187572312354,FALSE,823,823
2717,0.333671031663867,FALSE,789,789
2718,1.47578697474206,FALSE,617,617
2719,-0.647925964720306,FALSE,992,992
2720,1.35066841000033,FALSE,373,373
2721,0.593408907817607,FALSE,753,753
2722,-1.19170888523403,FALSE,88,88
2723,0.402171012485224,FALSE,233,233
2724,-1.23769284056948,FALSE,31,31
2725,0.947230675691712,TRUE,467,244
2726,-0.539746145027583,FALSE,40,40
2727,-0.236110187036619,FALSE,353,353
2728,-0.679536488943232,FALSE,440,440
2729,-0.852178292364297,FALSE,479,479
2730,1.70213970919678,FALSE,687,687
2731,0.991804522902772,FALSE,23,23
2732,0.675213077027448,FALSE,236,236
2733,0.0736199590039371,FALSE,25,25
2734,0.736333814551808,FALSE,992,992
2735,0.661712776915951,FALSE,59,59
2736,1.60352059838129,FALSE,901,901
2737,0.85003977821244,FALSE,374,374
2738,-0.206189006457514,FALSE,446,446
2739,-0.214892943259896,FALSE,924,924
2740,-0.468072564336127,FALSE,437,437
2741,-0.363738560815834,FALSE,456,456
2742,-0.236683939495527,FALSE,90,90
2743,1.22288074959827,TRUE,320,218
2744,-2.32835963269809,TRUE,906,467
2745,-0.701845828410341,FALSE,120,120
2746,-0.132880719366657,FALSE,985,985
2747,-1.2832584037532,FALSE,873,873
2748,1.61910061010553,FALSE,289,289
2749,-0.233948301011858,TRUE,594,500
2750,-1.11691813121359,TRUE,765,365
2751,-0.891613786810676,FALSE,242,242
2752,0.87239516251344,TRUE,123,434
2753,1.86900934050409,FALSE,702,702
2754,-0.124268503812241,FALSE,334,334
2755,0.107028807376313,FALSE,853,853
2756,-0.948535060055104,FALSE,99,99
2757,1.31664471072918,FALSE,821,821
2758,0.722656926345969,FALSE,940,940
2759,-2.32925346285753,FALSE,844,844
2760,-0.645232545817526,FALSE,733,733
2761,-0.234117494341529,FALSE,647,647
2762,-1.10816067338053,FALSE,852,852
2763,-0.273224175602157,TRUE,207,693
2764,-1.13344115426419,FALSE,6,6
2765,0.359307953730572,TRUE,858,20
2766,0.335644763865137,FALSE,141,141
2767,0.810984353139381,FALSE,500,500
2768,0.416456135933571,TRUE,539,380
2769,1.59411403885386,TRUE,728,309
2770,-0.386137877288101,TRUE,932,164
2771,-2.15330336743643,TRUE,333,114
2772,0.025659213079887,FALSE,11,11
2773,0.649848845025497,FALSE,975,975
2774,-0.401235599512803,FALSE,314,314
2775,1.40087647763291,FALSE,564,564
2776,1.09476867868607,FALSE,652,652
2777,0.537493298921215,FALSE,969,969
2778,0.0697747577746106,FALSE,609,609
2779,-0.551500633193785,FALSE,516,516
2780,-0.176943367781943,TRUE,235,354
2781,0.469177847669925,FALSE,546,546
2782,0.96779678824769,FALSE,516,516
2783,-0.296114656814332,FALSE,653,653
2784,-0.728253258423636,FALSE,800,800
2785,2.4756058618661,FALSE,460,460
2786,0.5185571703497,TRUE,601,294
2787,-0.903603205337453,FALSE,802,802
2788,0.930979056343251,FALSE,785,785
2789,0.061686497897853,TRUE,974,163
2790,0.826789248521633,TRUE,579,930
2791,0.0517969525608289,FALSE,242,242
2792,-0.0584290512452095,FALSE,755,755
2793,0.0906116207122605,FALSE,207,207
2794,0.412780797052548,TRUE,275,19
2795,-0.61008573154393,FALSE,1,1
2796,-0.65536323027314,FALSE,36,36
2797,-0.184779206139361,FALSE,194,194
2798,0.171301431637089,TRUE,873,562
2799,-0.317376455269396,FALSE,130,130
2800,0.316984562457902,FALSE,722,722
2801,-1.101735412602,FALSE,10,10
2802,-1.43095845286738,TRUE,616,20
2803,1.89201063250808,FALSE,157,157
2804,0.397877113060311,FALSE,576,576
2805,-0.397028133394579,TRUE,525,77
2806,-0.279957848490363,FALSE,921,921
2807,0.78511853104356,TRUE,789,503
2808,-0.210320814229356,FALSE,515,515
2809,0.192114963876683,FALSE,552,552
2810,-0.264725626098451,FALSE,368,368
2811,-0.501391057936759,TRUE,334,741
2812,0.602189813520256,FALSE,985,985
2813,0.141494558350148,FALSE,737,737
2814,1.30181266697034,FALSE,654,654
2815,-1.12539685767474,TRUE,974,13
2816,-0.135307406049395,FALSE,604,604
2817,-0.208988948819788,FALSE,68,68
2818,-1.07486233391367,FALSE,644,644
2819,0.997858726258268,FALSE,947,947
2820,-0.107399749074144,TRUE,250,556
2821,-1.38555799043147,TRUE,941,906
2822,-0.59214062739422,TRUE,615,901
2823,-1.10533356064609,FALSE,673,673
2824,1.03908851261442,FALSE,825,825
2825,2.54290445686211,TRUE,572,702
2826,-0.673715819136411,FALSE,329,329
2827,-0.0922300081017977,FALSE,184,184
2828,0.279735034290658,FALSE,50,50
2829,2.70895941900681,TRUE,410,278
2830,-2.32900346367574,TRUE,355,215
2831,-0.513955735696316,FALSE,352,352
2832,-1.20279475722774,TRUE,41,916
2833,-0.227624806236914,FALSE,819,819
2834,-0.275899217586007,FALSE,784,784
2835,-0.729808806024931,FALSE,153,153
2836,1.83415571752355,FALSE,378,378
2837,0.257065337064977,TRUE,237,28
2838,2.39358537418796,FALSE,94,94
2839,0.823616626218353,FALSE,632,632
2840,-1.26531215025604,FALSE,231,231
2841,-0.753491215068184,FALSE,464,464
2842,0.273038419162952,FALSE,351,351
2843,-0.577898941085043,FALSE,246,246
2844,0.35428968907761,FALSE,618,618
2845,0.732572641958218,FALSE,242,242
2846,0.421122276651071,FALSE,306,306
2847,-0.13461283417085,TRUE,888,707
2848,-0.643538933862576,FALSE,949,949
2849,-1.28932068916416,TRUE,542,383
2850,0.340894898598314,FALSE,15,15
2851,0.922335674092897,TRUE,862,996
2852,-0.0796694097451784,FALSE,970,970
2853,0.75361765272448,TRUE,82,756
2854,2.227529683524,FALSE,313,313
2855,1.93382128195771,TRUE,411,48
2856,-0.494905476776135,TRUE,158,237
2857,0.546711841395066,TRUE,439,750
2858,-0.702210637746134,FALSE,841,841
2859,0.68981342390161,FALSE,333,333
2860,-0.0583631400767486,FALSE,207,207
2861,0.277587578066646,FALSE,825,825
2862,-0.859014614409201,TRUE,731,415
2863,1.20537791583264,TRUE,283,335
2864,-0.0841799664768695,FALSE,426,426
2865,-0.445919957955063,TRUE,89,933
2866,-0.0766213726151868,FALSE,907,907
2867,0.0763983799958751,FALSE,500,500
2868,1.63686401169385,FALSE,654,654
2869,-1.11072398833375,FALSE,807,807
2870,2.45899120349098,TRUE,365,532
2871,-0.773312386463012,TRUE,372,408
2872,0.174643374960065,FALSE,326,326
2873,-2.05814136474925,TRUE,775,965
2874,-0.654460530329722,FALSE,663,663
2875,0.731773364128733,FALSE,264,264
2876,0.50523305857902,TRUE,157,702
2877,0.410572221752549,FALSE,124,124
2878,-0.466765303532687,FALSE,249,249
2879,-1.84357246605783,TRUE,33,726
2880,-1.07282462705942,FALSE,140,140
2881,-0.229828765324043,FALSE,344,344
2882,0.6216371749907,FALSE,358,358
2883,0.837445481389698,FALSE,858,858
2884,-0.302888049153909,FALSE,46,46
2885,-0.151552534412389,FALSE,940,940
2886,-0.162851522523741,FALSE,793,793
2887,0.0578455329557257,TRUE,659,216
2888,1.53714488558615,TRUE,430,303
2889,-0.726712528090392,TRUE,618,384
2890,-0.204762719552353,FALSE,989,989
2891,0.078726292442996,FALSE,53,53
2892,-1.33826589318506,FALSE,224,224
2893,-0.921029235202948,TRUE,346,533
2894,0.200261948609106,FALSE,480,480
2895,0.427069127739095,FALSE,198,198
2896,1.14009020938031,FALSE,449,449
2897,-0.465705956438507,FALSE,371,371
2898,1.45390062123435,FALSE,172,172
2899,-0.864556217319535,FALSE,149,149
2900,-1.59628307950226,TRUE,380,162
2901,-1.94601344555199,FALSE,508,508
2902,1.10405027494058,FALSE,813,813
2903,0.304872111305456,FALSE,510,510
2904,-0.130421889948526,TRUE,319,716
2905,-0.293613387011894,TRUE,242,493
2906,1.58625545540677,FALSE,544,544
2907,1.20114550405925,TRUE,469,776
2908,-1.00373971119925,FALSE,659,659
2909,-1.39101698281623,FALSE,178,178
2910,1.08529588092986,FALSE,751,751
2911,0.560611806017343,FALSE,867,867
2912,-0.510980985089714,TRUE,95,282
2913,0.396451965571097,TRUE,136,668
2914,-2.02323110391136,FALSE,210,210
2915,-0.665141472933446,TRUE,29,722
2916,0.435007205526097,FALSE,49,49
2917,-0.0729116390239619,FALSE,898,898
2918,-1.28188764411534,FALSE,631,631
2919,1.01526613067697,FALSE,193,193
2920,1.16305933920202,FALSE,227,227
2921,-0.940039838457001,FALSE,928,928
2922,-0.185466629123019,FALSE,526,526
2923,0.730613939460249,FALSE,309,309
2924,0.863724842718663,FALSE,953,953
2925,-0.528747614634865,FALSE,382,382
2926,-0.878539839568099,FALSE,354,354
2927,0.345075406845387,FALSE,982,982
2928,-1.91601821802967,FALSE,267,267
2929,-0.950077589348363,FALSE,960,960
2930,0.773587127057442,TRUE,950,938
2931,-1.7037984055143,FALSE,52,52
2932,-1.20077712678264,FALSE,963,963
2933,-0.240785063614367,FALSE,752,752
2934,-0.302073501137212,TRUE,98,356
2935,-1.75404475768728,FALSE,352,352
2936,0.50937884189092,TRUE,450,614
2937,-1.02145633708376,FALSE,550,550
2938,-0.158058937403218,FALSE,494,494
2939,-0.196572207000955,FALSE,688,688
2940,0.696628740831187,FALSE,360,360
2941,-0.0659814597136106,FALSE,17,17
2942,-0.13434798554826,FALSE,471,471
2943,1.65474084400222,TRUE,807,922
2944,0.371894882020314,FALSE,406,406
2945,0.623540462610103,FALSE,935,935
2946,0.474898626830697,FALSE,454,454
2947,0.571634626645242,FALSE,305,305
2948,1.33573646703799,FALSE,184,184
2949,-0.0571041609665933,FALSE,944,944
2950,0.242843946422432,FALSE,293,293
2951,1.96963413281427,FALSE,395,395
2952,-0.530038313429479,FALSE,119,119
2953,1.29100897953624,FALSE,567,567
2954,-0.607078196072321,TRUE,663,152
2955,1.71013967532023,TRUE,177,60
2956,-0.666247379760654,FALSE,921,921
2957,-0.814372276715255,FALSE,223,223
2958,1.03640262444953,TRUE,645,347
2959,0.964931532612911,FALSE,980,980
2960,0.551710837460081,FALSE,978,978
2961,0.273188529340283,TRUE,812,678
2962,0.2418598033419,FALSE,443,443
2963,2.05476070604651,FALSE,694,694
2964,-1.43253449521809,TRUE,976,243
2965,-0.986336317053269,TRUE,321,537
2966,-1.27914012290609,FALSE,725,725
2967,0.960755490376344,FALSE,773,773
2968,-0.245641935333867,FALSE,809,809
2969,-0.130008455896796,FALSE,770,770
2970,1.78330681833913,FALSE,933,933
2971,-0.579026452784536,FALSE,104,104
2972,2.02279460124328,FALSE,983,983
2973,-1.40944081364363,FALSE,71,71
2974,1.31783561304849,FALSE,450,450
2975,0.323121002574827,FALSE,924,924
2976,-0.388600519991625,FALSE,26,26
2977,-0.172836903387074,FALSE,402,402
2978,1.33897466777892,FALSE,648,648
2979,1.70380587237689,TRUE,678,359
2980,-1.67846782105134,TRUE,146,124
2981,3.42109460835705,FALSE,823,823
2982,2.57794265437777,TRUE,455,468
2983,-0.52532183465562,FALSE,422,422
2984,-0.0643819052069338,TRUE,407,10
2985,-0.663547355536672,TRUE,365,414
2986,-0.0930010885901879,FALSE,834,834
2987,0.739859438245835,FALSE,618,618
2988,0.103362814930562,FALSE,647,647
2989,0.192006998204335,FALSE,102,102
2990,1.47880760269639,FALSE,779,779
2991,-2.20386847858085,TRUE,350,710
2992,-0.491443047401821,FALSE,853,853
2993,0.144417271262889,TRUE,737,883
2994,-0.783100637317684,FALSE,321,321
2995,1.06096624028704,FALSE,764,764
2996,-0.445505642122027,TRUE,230,214
2997,-0.429180153772765,FALSE,380,380
2998,1.18901180052985,FALSE,246,246
2999,0.834294073061504,FALSE,68,68
3000,-0.150307477864079,FALSE,162,162
3001,-0.327757132786462,TRUE,904,405
3002,-1.44816529018399,FALSE,114,114
3003,-0.697284584551622,TRUE,662,816
3004,2.59849023212988,FALSE,83,83
3005,-0.0374150136340493,FALSE,644,644
3006,0.91349189044332,FALSE,55,55
3007,-0.184526498264729,TRUE,543,631
3008,0.609824296161446,FALSE,141,141
3009,-0.0527268089879745,TRUE,806,756
3010,1.36392195568146,FALSE,660,660
3011,-0.503633417134384,FALSE,554,554
3012,-1.7090601686817,FALSE,953,953
3013,0.898549683127699,FALSE,660,660
3014,-0.237734026494317,TRUE,803,103
3015,1.46340758053025,FALSE,513,513
3016,0.124378266479307,FALSE,868,868
3017,1.45374084383311,FALSE,483,483
3018,0.350226959507424,FALSE,4,4
3019,-0.349025479659772,TRUE,666,82
3020,0.725598607819829,FALSE,471,471
3021,-0.45923842962147,FALSE,138,138
3022,1.68475923125394,FALSE,298,298
3023,0.146584016803509,FALSE,537,537
3024,-2.02985709292959,FALSE,222,222
3025,-0.472170080106029,TRUE,892,91
3026,-1.63237192678704,FALSE,895,895
3027,-2.1783553060946,TRUE,345,663
3028,0.0592086510876087,FALSE,77,77
3029,0.647860636697636,TRUE,243,699
3030,-0.761426888665313,FALSE,611,611
3031,-1.32884232612394,FALSE,505,505
3032,-0.602030747228367,FALSE,587,587
3033,-1.55052527235048,FALSE,162,162
3034,0.703001795150071,FALSE,435,435
3035,0.574503005108308,FALSE,747,747
3036,-1.59529150956621,FALSE,976,976
3037,-0.624068861570706,FALSE,903,903
3038,1.04721605508961,FALSE,390,390
3039,-0.168059235328075,FALSE,522,522
3040,0.00951589246488359,FALSE,488,488
3041,0.417240223978003,TRUE,204,409
3042,0.626834196680769,FALSE,574,574
3043,1.20624313870859,TRUE,836,812
3044,0.772565368613624,FALSE,773,773
3045,-1.37756706406485,TRUE,618,599
3046,-0.362426925315183,FALSE,342,342
3047,0.302298495796781,FALSE,477,477
3048,-0.109079876118132,FALSE,56,56
3049,-2.17916528120393,FALSE,940,940
3050,-0.758114724994385,FALSE,466,466
3051,1.01455115132308,FALSE,530,530
3052,0.158047162065185,TRUE,124,390
3053,-1.47256043761472,FALSE,368,368
3054,0.215926206229537,FALSE,321,321
3055,-0.158707473207847,FALSE,366,366
3056,0.671853873401115,FALSE,552,552
3057,2.10655860175097,TRUE,711,674
3058,-1.51590013106286,TRUE,281,105
3059,-0.505063521990801,FALSE,681,681
3060,-0.138762940342402,FALSE,807,807
3061,-2.13620500038377,FALSE,906,906
3062,-0.031219995960159,FALSE,654,654
3063,-0.593169037912431,TRUE,948,726
3064,2.23560276857964,FALSE,983,983
3065,-2.91797621388336,TRUE,177,765
3066,1.48822116820748,FALSE,830,830
3067,1.00802466769112,TRUE,351,329
3068,0.735091629620298,TRUE,562,189
3069,0.146811992724805,FALSE,334,334
3070,-0.710800295204202,FALSE,687,687
3071,1.10563140078162,FALSE,539,539
3072,-0.885747065035595,FALSE,551,551
3073,0.694761817861876,FALSE,31,31
3074,0.402639185314637,FALSE,327,327
3075,1.07623819643517,FALSE,49,49
3076,-0.596546431488492,FALSE,852,852
3077,-0.580987627977025,FALSE,298,298
3078,0.302076563812211,FALSE,513,513
3079,0.305685155514337,FALSE,162,162
3080,1.37399835400225,FALSE,807,807
3081,0.485399428386068,FALSE,224,224
3082,0.144840039347648,FALSE,596,596
3083,0.842619843915447,FALSE,248,248
3084,-0.543607815762762,FALSE,14,14
3085,1.0929718962791,FALSE,369,369
3086,-1.02254160386159,TRUE,413,307
3087,0.338147371372873,FALSE,192,192
3088,-1.70684576361273,FALSE,853,853
3089,0.246449258206672,TRUE,18,335
3090,-1.56796313114203,TRUE,978,679
3091,-0.231484944965333,FALSE,589,589
3092,-1.75745545006646,TRUE,503,788
3093,-0.639619829898748,FALSE,106,106
3094,-0.776166909934286,FALSE,208,208
3095,0.554774652987968,FALSE,146,146
3096,-0.582122130085705,FALSE,333,333
3097,-0.768595101872549,FALSE,107,107
3098,1.22151568781476,FALSE,733,733
3099,1.66917040967207,FALSE,183,183
3100,1.09348038421025,FALSE,836,836
3101,-1.49124250514145,TRUE,332,875
3102,1.27665308259526,FALSE,985,985
3103,-1.2285375707397,FALSE,352,352
3104,-0.0719510219818068,TRUE,338,915
3105,0.734458203312735,FALSE,642,642
3106,-0.213887080390025,FALSE,613,613
3107,-0.150392803617815,TRUE,290,383
3108,0.125382426230553,FALSE,590,590
3109,0.427858022106523,TRUE,177,772
3110,0.411350679073257,TRUE,665,356
3111,-1.72636125386664,FALSE,317,317
3112,-0.175648234059894,TRUE,122,101
3113,0.286838523204975,TRUE,807,942
3114,0.590740011639347,FALSE,322,322
3115,-0.31736028416263,TRUE,447,240
3116,-0.702651640434172,FALSE,893,893
3117,-1.36758780159598,FALSE,376,376
3118,-0.728807248919832,FALSE,785,785
3119,-0.121524925642922,FALSE,871,871
3120,-0.635206048873192,FALSE,307,307
3121,0.594702688120578,FALSE,627,627
3122,0.367501230897759,TRUE,837,752
3123,-1.60873843468627,FALSE,682,682
3124,0.317331844798329,FALSE,783,783
3125,0.541704658217943,TRUE,643,293
3126,-0.261326989914513,FALSE,143,143
3127,-0.0264957619663642,FALSE,570,570
3128,-0.432238306953734,TRUE,781,815
3129,-0.293386742786612,FALSE,362,362
3130,-1.00704012536731,TRUE,142,200
3131,0.425207599639901,FALSE,365,365
3132,-1.22481659233549,FALSE,456,456
3133,-0.590464655327117,FALSE,507,507
3134,-0.91363806913849,FALSE,350,350
3135,-0.870917714356669,FALSE,831,831
3136,-0.368555639793572,FALSE,911,911
3137,-0.485252516092759,FALSE,280,280
3138,-0.699961879182035,FALSE,200,200
3139,-0.253433896782625,FALSE,397,397
3140,-1.58489760807918,FALSE,977,977
3141,0.111038367521325,FALSE,487,487
3142,0.631846158956852,TRUE,127,677
3143,-1.28309869203391,FALSE,564,564
3144,-1.41310062159301,TRUE,862,660
3145,2.23199711011046,FALSE,761,761
3146,0.239507240812717,FALSE,153,153
3147,0.0531929269048023,TRUE,279,133
3148,-0.198507455577018,FALSE,599,599
3149,0.492647761120744,FALSE,325,325
3150,0.037241061093232,FALSE,795,795
3151,-0.545911952356732,TRUE,336,773
3152,-0.432476067022042,FALSE,276,276
3153,-0.344484706333552,FALSE,292,292
3154,-0.319669395772421,TRUE,974,873
3155,-0.751698873596972,FALSE,365,365
3156,1.07410152344092,FALSE,460,460
3157,0.0938221556594885,FALSE,879,879
3158,-0.773066829488245,FALSE,955,955
3159,0.591248734948418,FALSE,208,208
3160,0.350228478678131,TRUE,300,272
3161,-0.137579581182907,FALSE,35,35
3162,0.400881867040071,FALSE,115,115
3163,-0.906378995284437,FALSE,515,515
3164,-0.198840252562068,TRUE,984,487
3165,-0.999154704327225,FALSE,855,855
3166,-1.1838104344236,FALSE,662,662
3167,-0.331398650181689,FALSE,159,159
3168,0.168024801248484,FALSE,941,941
3169,-0.913005530683512,FALSE,510,510
3170,-0.17505812828446,TRUE,382,824
3171,-1.83044612088624,FALSE,583,583
3172,-0.446737251934726,TRUE,991,922
3173,1.17066727472609,FALSE,268,268
3174,-1.15141589767973,FALSE,607,607
3175,-1.19293202004669,FALSE,572,572
3176,-0.21986145850709,TRUE,809,960
3177,0.534670732983126,TRUE,221,206
3178,1.23610916552029,FALSE,361,361
3179,2.65374072860382,FALSE,91,91
3180,0.800893238074752,FALSE,593,593
3181,0.671453526553663,TRUE,15,68
3182,2.02792411706594,TRUE,231,953
3183,-0.300924303869464,FALSE,180,180
3184,-0.213349405510672,FALSE,933,933
3185,0.253270149612449,TRUE,248,74
3186,-1.42008804484053,FALSE,592,592
3187,-1.83543665542799,FALSE,908,908
3188,1.80678937403827,FALSE,288,288
3189,-0.574995742510381,FALSE,253,253
3190,-0.457880856793051,FALSE,106,106
3191,-0.992955765989436,FALSE,847,847
3192,0.144072596665995,FALSE,739,739
3193,0.591140522435689,TRUE,751,922
3194,-0.228611237873408,TRUE,290,33
3195,0.0147046935473733,FALSE,572,572
3196,0.951392914928735,FALSE,711,711
3197,-0.0107680770137928,TRUE,918,812
3198,-0.561343472177005,TRUE,480,76
3199,-0.0606100814465088,FALSE,656,656
3200,-0.842326346047997,TRUE,100,65
3201,0.101888083639531,TRUE,763,619
3202,-0.897925784148349,FALSE,655,655
3203,1.39392544527667,FALSE,276,276
3204,-2.48652390438096,FALSE,530,530
3205,0.401294135810678,FALSE,74,74
3206,-0.488027222960909,FALSE,988,988
3207,1.9871488081498,FALSE,744,744
3208,-0.234463430687309,FALSE,538,538
3209,0.481837360399392,FALSE,891,891
3210,0.386893969204339,FALSE,947,947
3211,0.247672409336777,FALSE,219,219
3212,0.518119835350654,FALSE,178,178
3213,1.99741373388409,TRUE,37,925
3214,0.927508823680672,FALSE,35,35
3215,0.19642414887758,FALSE,238,238
3216,1.79026621898744,TRUE,114,41
3217,0.58319774918996,FALSE,699,699
3218,0.650333599101656,FALSE,226,226
3219,1.2450301486185,TRUE,674,591
3220,0.161106626019968,TRUE,121,271
3221,0.725490691457639,FALSE,3,3
3222,-0.274480218132268,TRUE,528,225
3223,0.124836065396146,TRUE,109,817
3224,0.0396426273274589,FALSE,192,192
3225,-0.63973303753229,FALSE,700,700
3226,2.03465321892986,FALSE,323,323
3227,-0.558897599388836,FALSE,227,227
3228,-0.355779410672021,FALSE,700,700
3229,1.32441739035745,FALSE,264,264
3230,-0.0206222292289781,TRUE,243,193
3231,1.16812642718924,FALSE,61,61
3232,-0.607357120914811,TRUE,744,892
3233,-0.0128416593054387,FALSE,824,824
3234,-0.250936878426421,FALSE,480,480
3235,-0.969113640406662,TRUE,218,438
3236,-0.30331195336701,TRUE,501,649
3237,-0.655267139665184,FALSE,648,648
3238,0.857447324947049,TRUE,483,202
3239,-0.290983583023627,FALSE,389,389
3240,-0.0827812044442989,TRUE,660,606
3241,-0.827844692804802,FALSE,150,150
3242,0.215199005610929,TRUE,479,818
3243,-1.61193635690363,TRUE,255,809
3244,-2.94987178428323,FALSE,82,82
3245,1.88010634326583,FALSE,116,116
3246,0.757261697422699,FALSE,87,87
3247,0.634728634060444,FALSE,233,233
3248,-2.23650826580299,FALSE,492,492
3249,0.677129117027189,TRUE,70,24
3250,0.519814270578053,TRUE,286,991
3251,-0.0776550413999491,FALSE,0,0
3252,0.825038762653747,FALSE,677,677
3253,1.1205690307062,FALSE,485,485
3254,-0.122163599186947,FALSE,711,711
3255,1.94533707765883,TRUE,980,555
3256,0.988362699499806,FALSE,729,729
3257,1.22438538128579,FALSE,973,973
3258,-0.315117614832637,FALSE,952,952
3259,-0.131122855661501,FALSE,18,18
3260,-0.922585422453901,FALSE,110,110
3261,0.407369085480355,FALSE,869,869
3262,0.264011434380507,TRUE,872,261
3263,0.0912835539416647,FALSE,778,778
3264,-0.680687428865753,FALSE,811,811
3265,-0.231969495130984,FALSE,766,766
3266,1.98511178276459,FALSE,480,480
3267,-0.929159357105226,FALSE,455,455
3268,-0.406090232626196,FALSE,982,982
3269,-1.40343255381246,TRUE,653,808
3270,-1.24072906757593,FALSE,267,267
3271,-0.286765201435186,FALSE,558,558
3272,-0.391287301787077,FALSE,178,178
3273,-0.616901564232573,TRUE,512,744
3274,-0.773844309532882,TRUE,495,423
3275,-0.196626923218971,TRUE,727,175
3276,1.13402054312043,TRUE,547,784
3277,-0.357801185526678,TRUE,135,470
3278,-1.2832038636231,FALSE,710,710
3279,-1.06905180450069,TRUE,681,286
3280,-2.00434764907113,FALSE,222,222
3281,-1.71051632221807,FALSE,148,148
3282,-0.747420182762966,TRUE,998,620
3283,-0.976415461234376,FALSE,302,302
3284,-1.14902611060112,TRUE,96,246
3285,1.98924365380742,FALSE,783,783
3286,1.7511310826985,FALSE,181,181
3287,2.56440930061295,FALSE,925,925
3288,0.776495901541338,FALSE,858,858
3289,-0.161248544839263,FALSE,822,822
3290,-1.04326069445062,TRUE,252,654
3291,-1.10076626213621,FALSE,801,801
3292,-0.496873947470779,FALSE,655,655
3293,1.28052092659645,FALSE,319,319
3294,0.666470562339114,FALSE,67,67
3295,0.889500197272317,TRUE,65,334
3296,-0.187121427736611,FALSE,446,446
3297,-1.55363634292591,FALSE,495,495
3298,0.326402671779581,FALSE,209,209
3299,-0.214611972064497,TRUE,661,865
3300,-0.303958307149332,TRUE,110,266
3301,2.18417322839228,TRUE,442,22
3302,0.869691283218553,FALSE,912,912
3303,-0.228406203687321,FALSE,959,959
3304,-1.90344641952332,FALSE,689,689
3305,-0.286641470723756,FALSE,355,355
3306,0.990388920100186,FALSE,29,29
3307,0.37282099271425,FALSE,378,378
3308,0.272107368015517,FALSE,843,843
3309,1.04509363912809,FALSE,929,929
3310,-0.169009987214825,FALSE,205,205
3311,-0.345802025216759,FALSE,541,541
3312,-0.253966133668967,FALSE,476,476
3313,0.734512927460703,FALSE,456,456
3314,-0.269348130964323,TRUE,489,595
3315,0.760301142439061,TRUE,518,94
3316,-1.2281836193586,FALSE,908,908
3317,-1.27106502138202,TRUE,749,43
3318,0.127383608306443,TRUE,560,365
3319,0.760383157988027,TRUE,652,305
3320,-0.407652916022205,FALSE,966,966
3321,-0.577421344918043,FALSE,220,220
3322,-2.83937616690889,FALSE,731,731
3323,0.374320874220963,FALSE,351,351
3324,-0.902854978742815,TRUE,443,653
3325,0.402574906183067,TRUE,794,286
3326,1.4272117229534,TRUE,78,770
3327,-0.495919045927329,TRUE,321,749
3328,0.696725381553881,TRUE,964,397
3329,-0.152545773297634,TRUE,2,104
3330,0.368604635711658,FALSE,556,556
3331,-1.15579938527956,FALSE,657,657
3332,0.417823594928106,FALSE,604,604
3333,1.30496154444897,FALSE,320,320
3334,1.79671185562111,FALSE,212,212
3335,-1.18738065485708,TRUE,658,108
3336,0.533685008357217,FALSE,3,3
3337,-0.508024170765753,FALSE,736,736
3338,0.522720628103725,TRUE,7,656
3339,-0.178463862456432,FALSE,424,424
3340,-0.248033265601507,FALSE,528,528
3341,0.682099496739719,FALSE,55,55
3342,0.746201526735843,FALSE,963,963
3343,0.279077037786067,FALSE,87,87
3344,0.46404938204628,FALSE,426,426
3345,0.378460412533289,FALSE,719,719
3346,0.278374001552994,FALSE,812,812
3347,0.0912301601069542,FALSE,334,334
3348,0.915610225764827,FALSE,606,606
3349,0.709899292255341,FALSE,947,947
3350,0.793932838572023,FALSE,679,679
3351,1.1069684984941,FALSE,574,574
3352,0.549337333014554,TRUE,25,222
3353,-0.152998328694666,FALSE,172,172
3354,-1.08947042324526,FALSE,8,8
3355,-0.488032453801593,FALSE,693,693
3356,-0.869954917300795,FALSE,230,230
3357,-0.298508586975253,FALSE,63,63
3358,-0.525294572640387,FALSE,900,900
3359,-0.196685815876952,TRUE,766,548
3360,-1.02389991827425,FALSE,749,749
3361,-0.622302116573955,FALSE,851,851
3362,0.35558715707793,TRUE,146,451
3363,0.213605953502618,FALSE,158,158
3364,-0.404069681572142,TRUE,263,813
3365,1.01282233205102,FALSE,831,831
3366,-1.64112944133307,TRUE,214,765
3367,0.482758608560415,FALSE,900,900
3368,1.56983056712062,FALSE,355,355
3369,-0.407847758248619,TRUE,646,761
3370,0.387584918040847,FALSE,838,838
3371,-0.558288003324279,FALSE,67,67
3372,-0.0220150362400862,FALSE,143,143
3373,0.815603462122397,FALSE,472,472
3374,-0.914014481393565,TRUE,656,409
3375,-0.554820797749138,FALSE,21,21
3376,0.532223347384848,TRUE,661,808
3377,0.415709689724458,FALSE,804,804
3378,0.806859181812312,FALSE,33,33
3379,1.25274819689651,FALSE,592,592
3380,0.769852741781516,FALSE,512,512
3381,-1.07763260721319,FALSE,4,4
3382,0.153781366543957,FALSE,870,870
3383,-0.399087420248963,FALSE,251,251
3384,-0.00585749811279422,FALSE,282,282
3385,0.917362355389143,FALSE,952,952
3386,0.276155443869339,FALSE,493,493
3387,0.155188360208886,FALSE,262,262
3388,-0.120114745397783,TRUE,956,371
3389,0.397018504856981,FALSE,284,284
3390,-1.17862518855815,FALSE,874,874
3391,-0.421548024007117,TRUE,853,723
3392,1.61657603604283,FALSE,785,785
3393,0.616122843297705,FALSE,754,754
3394,-0.9617940267648,FALSE,594,594
3395,-1.22855665934927,FALSE,634,634
3396,-0.959330253589292,TRUE,372,599
3397,0.580156856563299,FALSE,906,906
3398,0.433158964582613,FALSE,164,164
3399,-0.568582303141119,FALSE,500,500
3400,-0.368684340898934,FALSE,372,372
3401,0.978228069525606,FALSE,338,338
3402,-0.307073609966018,FALSE,475,475
3403,-0.0584092798451658,FALSE,821,821
3404,0.352533747158679,TRUE,597,106
3405,-0.182327630508894,FALSE,67,67
3406,-0.735026404402801,TRUE,372,974
3407,-0.41294127515641,FALSE,556,556
3408,-1.08100043519868,FALSE,246,246
3409,0.469312616007674,FALSE,42,42
3410,1.33204012251754,FALSE,427,427
3411,0.244262635869097,FALSE,959,959
3412,0.81272922619384,TRUE,526,468
3413,-0.651135024934329,TRUE,406,824
3414,-0.140308776263568,FALSE,922,922
3415,-0.13611215659361,FALSE,998,998
3416,-1.43064062509921,TRUE,253,472
3417,0.08889294253109,FALSE,832,832
3418,0.479237258969012,FALSE,588,588
3419,0.683406455538803,TRUE,32,731
3420,1.3156540407747,FALSE,586,586
3421,-1.4726494367775,FALSE,770,770
3422,0.617651459020608,FALSE,35,35
3423,0.717074072832601,FALSE,171,171
3424,-0.210025808024777,FALSE,831,831
3425,0.602459332748625,FALSE,703,703
3426,-1.4145324747417,TRUE,302,397
3427,0.214394673940768,FALSE,57,57
3428,-3.12908819139171,TRUE,864,762
3429,0.31205830314547,FALSE,502,502
3430,1.60156345500434,FALSE,459,459
3431,1.54198702770824,TRUE,72,996
3432,-2.6596693797359,TRUE,818,453
3433,0.535026842684138,FALSE,654,654
3434,-0.349720994346983,FALSE,443,443
3435,-0.0250080580964582,FALSE,558,558
3436,-2.2161334557135,FALSE,430,430
3437,0.385040501175137,FALSE,699,699
3438,-0.526720687742884,FALSE,426,426
3439,0.373889488898866,FALSE,929,929
3440,-0.191218200356621,FALSE,600,600
3441,-1.02543755537228,FALSE,418,418
3442,0.333196336107161,FALSE,850,850
3443,0.595069071311139,TRUE,132,39
3444,0.0543192874307289,FALSE,729,729
3445,0.567101587438084,FALSE,817,817
3446,-0.464010628735977,FALSE,348,348
3447,1.28480081505999,FALSE,812,812
3448,-0.35797228180566,TRUE,858,610
3449,-0.579651889845945,FALSE,178,178
3450,1.04159278248064,TRUE,196,132
3451,1.11488218107788,FALSE,956,956
3452,0.680655637101081,FALSE,23,23
3453,0.220506659926104,TRUE,378,593
3454,1.5948859846481,FALSE,164,164
3455,-1.0106408939135,TRUE,881,438
3456,1.1377699929415,FALSE,335,335
3457,1.71439383448494,FALSE,374,374
3458,0.0546095741367307,FALSE,621,621
3459,0.585722003945402,FALSE,446,446
3460,0.609702193642644,FALSE,400,400
3461,1.19358200831037,TRUE,877,638
3462,-0.858810426620774,FALSE,474,474
3463,0.895706193348967,FALSE,597,597
3464,-1.70894706616893,FALSE,248,248
3465,2.07690354539009,TRUE,124,958
3466,-0.571339759295446,TRUE,697,355
3467,-0.316190965486705,FALSE,480,480
3468,0.258885176649788,FALSE,403,403
3469,-1.25031206020367,TRUE,975,136
3470,-0.262894843235988,FALSE,259,259
3471,0.0614874404655674,TRUE,953,791
3472,-0.339967488178091,FALSE,641,641
3473,2.02629406134448,TRUE,723,160
3474,-1.78676065095644,FALSE,839,839
3475,-0.105388415641915,FALSE,865,865
3476,1.17884728859329,FALSE,199,199
3477,-0.836164804463538,FALSE,207,207
3478,-0.138951121805986,FALSE,806,806
3479,1.94328489677314,FALSE,649,649
3480,-1.86734559765039,FALSE,49,49
3481,-0.80359786515808,FALSE,708,708
3482,-1.19840856257805,TRUE,4,908
3483,0.62952138428992,FALSE,295,295
3484,-0.866128522960584,TRUE,355,654
3485,0.467805602966812,FALSE,725,725
3486,-0.645806382206571,FALSE,442,442
3487,-0.152525559658479,FALSE,305,305
3488,0.856214879376642,FALSE,117,117
3489,0.137003753628528,FALSE,697,697
3490,-1.94070545396635,FALSE,169,169
3491,-0.535887467461224,FALSE,651,651
3492,0.713595097676634,FALSE,660,660
3493,1.86014831963883,TRUE,317,522
3494,-1.11482614497505,FALSE,559,559
3495,-0.228621036089534,FALSE,875,875
3496,-0.0815898798548839,TRUE,159,808
3497,-0.732566487362174,TRUE,122,523
3498,-1.38263282305576,FALSE,881,881
3499,1.83879660034406,FALSE,462,462
3500,1.47833445941722,FALSE,93,93
3501,-1.40678671660781,FALSE,445,445
3502,-1.88397213212785,FALSE,155,155
3503,-0.277366227607279,FALSE,602,602
3504,0.430427805191253,FALSE,738,738
3505,-0.128786668054707,FALSE,831,831
3506,1.1292645954138,FALSE,807,807
3507,-0.246528493011147,FALSE,448,448
3508,-1.16554781579066,FALSE,794,794
3509,1.51988229295041,FALSE,567,567
3510,-0.234026743812637,FALSE,769,769
3511,-0.283973587038927,FALSE,449,449
3512,-0.263158284120996,FALSE,88,88
3513,0.0560043037582182,FALSE,413,413
3514,-2.31866188966679,FALSE,401,401
3515,0.683297132017777,FALSE,983,983
3516,0.721231898711608,FALSE,658,658
3517,0.629245190810868,FALSE,912,912
3518,-0.411125620176541,FALSE,37,37
3519,0.0993084268808665,FALSE,46,46
3520,-1.43491267164449,TRUE,156,38
3521,0.359780354270464,FALSE,328,328
3522,-0.817055357054789,FALSE,42,42
3523,1.31689292485862,FALSE,756,756
3524,-0.9258235679908,FALSE,732,732
3525,-2.05908538293546,FALSE,969,969
3526,0.172659183962971,FALSE,885,885
3527,-1.63055613264585,FALSE,872,872
3528,-0.927846619109304,FALSE,976,976
3529,0.804032290142514,FALSE,744,744
3530,1.8723317486393,FALSE,999,999
3531,-0.262678090014843,TRUE,1,919
3532,0.971651297680579,FALSE,287,287
3533,-1.37736386169196,FALSE,685,685
3534,1.73050131428387,TRUE,905,431
3535,-0.00508718145513425,FALSE,87,87
3536,-0.779880243419497,FALSE,154,154
3537,0.397543921415631,FALSE,499,499
3538,-0.809248936707142,FALSE,171,171
3539,0.050323030248645,TRUE,242,843
3540,0.101772041721814,FALSE,232,232
3541,1.16912354606323,FALSE,882,882
3542,-0.566591093897042,FALSE,320,320
3543,-0.375340288323561,FALSE,690,690
3544,0.123993538996108,FALSE,637,637
3545,0.897374477733325,TRUE,741,767
3546,1.89559699317342,FALSE,95,95
3547,1.58218645567045,TRUE,706,897
3548,0.960255353783174,FALSE,411,411
3549,-1.90307697710446,TRUE,617,350
3550,0.947324753875237,TRUE,897,215
3551,0.753420372173012,TRUE,745,143
3552,-0.697797127021826,TRUE,352,775
3553,-0.564930211034253,FALSE,225,225
3554,-1.36915034494198,FALSE,260,260
3555,-0.0125469747796106,FALSE,736,736
3556,0.0906300156783074,FALSE,127,127
3557,-1.75355046064458,FALSE,37,37
3558,-1.58133763297504,TRUE,271,507
3559,0.174485077417376,FALSE,976,976
3560,-1.02688393836773,TRUE,501,366
3561,-0.299216322369481,FALSE,627,627
3562,1.00771668611063,TRUE,7,110
3563,-0.425911201283351,TRUE,665,51
3564,0.127064314826948,FALSE,627,627
3565,0.615771024583157,FALSE,891,891
3566,-1.12465771102114,TRUE,911,313
3567,1.24267702194518,FALSE,999,999
3568,0.917015357279716,FALSE,333,333
3569,1.27296529299446,FALSE,50,50
3570,-0.42620110290016,FALSE,741,741
3571,-1.46431958960135,FALSE,728,728
3572,0.511162949780878,TRUE,218,675
3573,0.618532251784249,FALSE,414,414
3574,2.54036862385644,FALSE,290,290
3575,1.71949292604995,FALSE,907,907
3576,-0.464882764513658,FALSE,968,968
3577,-1.00677729019296,FALSE,375,375
3578,0.620988963443898,FALSE,259,259
3579,1.99324249254339,FALSE,592,592
3580,-1.18313396550829,FALSE,913,913
3581,-0.780501608586493,FALSE,627,627
3582,1.74769498790242,FALSE,698,698
3583,1.83718698216698,FALSE,796,796
3584,0.194556414446477,FALSE,692,692
3585,-1.62023028423844,FALSE,889,889
3586,-0.542570527423244,FALSE,964,964
3587,1.16741884047502,FALSE,383,383
3588,2.15373357487731,FALSE,310,310
3589,-0.0158765401725334,FALSE,56,56
3590,-0.631445133964004,TRUE,486,736
3591,0.30528731624952,FALSE,618,618
3592,0.144878603892084,FALSE,297,297
3593,-0.909335306190533,FALSE,559,559
3594,0.591884173719186,FALSE,290,290
3595,1.39044430779123,FALSE,386,386
3596,0.0131204272854507,FALSE,442,442
3597,0.625750200559898,FALSE,790,790
3598,0.252085033197336,FALSE,391,391
3599,0.461566093810851,FALSE,829,829
3600,-0.21362309040986,FALSE,213,213
3601,1.19787605791361,FALSE,18,18
3602,0.231803133441912,FALSE,406,406
3603,-0.502841451950738,TRUE,596,151
3604,0.630457130487061,FALSE,879,879
3605,0.957297525780924,FALSE,258,258
3606,-0.0744828631416607,TRUE,311,548
3607,-2.67816441082093,FALSE,134,134
3608,1.63616438658732,FALSE,510,510
3609,-0.750630548636384,FALSE,294,294
3610,-0.349143907623776,FALSE,437,437
3611,1.61863073979497,FALSE,235,235
3612,-1.89803988850216,FALSE,228,228
3613,-1.1065443604311,FALSE,971,971
3614,-0.749450708751393,TRUE,573,371
3615,-1.31288137012789,FALSE,869,869
3616,1.10328832396475,FALSE,310,310
3617,1.26449613364349,TRUE,230,200
3618,0.500876131100523,FALSE,144,144
3619,-0.439405825726849,FALSE,439,439
3620,-0.423679975612137,FALSE,306,306
3621,-0.568073072207334,FALSE,83,83
3622,-0.524706366281828,TRUE,212,677
3623,0.482825593869976,FALSE,636,636
3624,0.909263365392755,FALSE,794,794
3625,-0.456577687018755,FALSE,116,116
3626,0.318990398966857,FALSE,928,928
3627,-2.38579275089487,FALSE,240,240
3628,0.075836973157585,FALSE,648,648
3629,-0.878441856374896,FALSE,27,27
3630,1.09853317980309,FALSE,667,667
3631,1.18582440763367,FALSE,408,408
3632,-2.19649538110396,FALSE,794,794
3633,0.92231751847207,FALSE,288,288
3634,-0.565728393717844,FALSE,154,154
3635,-0.163941021677803,FALSE,846,846
3636,0.898500827015439,FALSE,781,781
3637,0.68916731902298,FALSE,838,838
3638,-0.819023245342681,FALSE,928,928
3639,0.320066756976218,FALSE,447,447
3640,-0.467075231215858,FALSE,118,118
3641,1.25185533604649,FALSE,731,731
3642,-1.57147258552999,TRUE,561,984
3643,0.819754452082411,TRUE,755,589
3644,1.39109608819633,FALSE,382,382
3645,-2.60952500918578,FALSE,526,526
3646,0.647746596960509,TRUE,976,58
3647,-0.362979582071462,TRUE,642,415
3648,0.110221751018043,FALSE,889,889
3649,-0.270074147559846,FALSE,428,428
3650,0.692097306933716,FALSE,574,574
3651,0.928280305471999,FALSE,121,121
3652,0.593130101339695,FALSE,122,122
3653,-0.106292768822515,FALSE,915,915
3654,-0.42412912886889,FALSE,413,413
3655,-0.14031375201881,FALSE,66,66
3656,-0.227291151311803,FALSE,806,806
3657,0.205061938233205,FALSE,917,917
3658,-0.824595488543724,FALSE,764,764
3659,0.584580583678504,FALSE,299,299
3660,-0.998298665870284,FALSE,429,429
3661,-1.48428150612725,FALSE,329,329
3662,0.25777748308749,FALSE,329,329
3663,0.415290004058814,FALSE,759,759
3664,1.02541957291262,FALSE,815,815
3665,0.726076067920901,TRUE,320,799
3666,0.219787376146357,FALSE,617,617
3667,0.691599611796066,FALSE,49,49
3668,-0.980497735371133,FALSE,641,641
3669,-1.14060970386147,FALSE,316,316
3670,-1.21548799679483,FALSE,679,679
3671,0.0447285363233251,FALSE,553,553
3672,0.661470374680939,FALSE,383,383
3673,0.906392247142644,FALSE,935,935
3674,1.48370145305015,FALSE,727,727
3675,0.329200587574838,FALSE,775,775
3676,-0.128191449344178,FALSE,123,123
3677,-0.661276942989563,TRUE,0,380
3678,0.254068219646731,FALSE,542,542
3679,-0.0643552748031504,FALSE,221,221
3680,-0.325129316662193,FALSE,923,923
3681,-0.677023065282562,FALSE,288,288
3682,-1.0058648980287,TRUE,304,505
3683,-0.982946998026845,FALSE,121,121
3684,1.46883036183792,TRUE,841,719
3685,0.250617833293516,TRUE,956,742
3686,-0.430071756633296,FALSE,875,875
3687,-1.57919107955978,FALSE,56,56
3688,0.192863736910639,TRUE,422,171
3689,-0.497300055180433,FALSE,978,978
3690,-0.0858915513421521,FALSE,462,462
3691,-0.207148755289783,FALSE,28,28
3692,0.776055388702504,TRUE,704,138
3693,-0.0686352590528387,FALSE,919,919
3694,-0.178001417030709,TRUE,132,927
3695,2.3728384785312,FALSE,570,570
3696,1.08720419757735,TRUE,681,294
3697,0.130018231301872,FALSE,404,404
3698,-0.731197996627968,TRUE,272,406
3699,1.17912968355308,FALSE,767,767
3700,-0.932649556192767,FALSE,102,102
3701,-0.0480641732276498,FALSE,949,949
3702,0.852585748520976,FALSE,518,518
3703,-0.411312115325928,TRUE,426,168
3704,-0.367209823908698,FALSE,6,6
3705,0.440309141403076,FALSE,252,252
3706,0.139471132630852,FALSE,752,752
3707,-0.249252612008858,FALSE,95,95
3708,-0.209374034941842,FALSE,518,518
3709,0.250899225803122,FALSE,37,37
3710,0.466728667413922,FALSE,141,141
3711,1.29426181595304,FALSE,858,858
3712,-0.419232279340387,FALSE,100,100
3713,1.31665945128356,FALSE,193,193
3714,-1.46521635684288,FALSE,83,83
3715,-0.645086569893443,FALSE,222,222
3716,-1.35290184950346,FALSE,4,4
3717,0.30944156174369,TRUE,736,172
3718,0.420861380723434,FALSE,963,963
3719,-1.36602541858539,TRUE,929,19
3720,0.0478644721567874,FALSE,679,679
3721,-0.91386627420982,FALSE,994,994
3722,0.493842855094217,FALSE,649,649
3723,-1.55491383941194,FALSE,846,846
3724,0.864717315822876,FALSE,387,387
3725,-0.044407932368369,FALSE,317,317
3726,-1.03594269374147,FALSE,720,720
3727,-0.0829221120128502,FALSE,641,641
3728,-0.265667025139044,FALSE,711,711
3729,-0.364461374099185,TRUE,993,468
3730,-1.49734909156592,FALSE,858,858
3731,-0.585210155969012,FALSE,691,691
3732,-0.17332762282201,FALSE,812,812
3733,-1.48325220728214,FALSE,514,514
3734,0.302361385182744,TRUE,792,841
3735,1.37311638605898,FALSE,326,326
3736,0.782087200345919,FALSE,33,33
3737,-0.798532957525137,FALSE,90,90
3738,-0.65686621713525,FALSE,978,978
3739,-0.465692254480316,FALSE,267,267
3740,0.605893415386905,TRUE,54,860
3741,-0.0395195372513891,TRUE,850,412
3742,-0.945056502792231,TRUE,418,479
3743,-1.51198461058447,FALSE,410,410
3744,0.559297162978603,FALSE,59,59
3745,-1.04396345037488,TRUE,70,280
3746,0.497012072437788,FALSE,38,38
3747,0.0730709155813911,FALSE,452,452
3748,0.721771014943123,FALSE,369,369
3749,1.09417150104969,FALSE,172,172
3750,-1.42329438949761,FALSE,331,331
3751,1.02230365754448,FALSE,50,50
3752,0.687815078920929,FALSE,32,32
3753,-0.307454889660927,TRUE,767,297
3754,-0.0197490555703713,FALSE,948,948
3755,0.488398385701636,FALSE,514,514
3756,0.660500810354084,TRUE,671,728
3757,-1.71404332731453,TRUE,620,646
3758,1.45885698110729,FALSE,953,953
3759,-1.40789548336395,FALSE,396,396
3760,-2.0811641192689,FALSE,316,316
3761,0.954239385650312,TRUE,322,998
3762,-1.51159225445321,FALSE,985,985
3763,-0.224143134032667,TRUE,982,958
3764,-1.34652889551142,FALSE,351,351
3765,-1.79458430934769,FALSE,984,984
3766,-0.442113996050495,FALSE,735,735
3767,0.647112024498933,FALSE,567,567
3768,0.315899380117686,FALSE,589,589
3769,-0.642473816319186,TRUE,771,989
3770,-0.0157570470708231,FALSE,553,553
3771,-0.0986951474975073,FALSE,17,17
3772,-0.0235244885614462,FALSE,125,125
3773,-0.446038295193205,TRUE,550,537
3774,0.360949902610342,FALSE,478,478
3775,-1.08270251099142,TRUE,611,650
3776,0.377517395774565,FALSE,337,337
3777,-0.339407704479161,FALSE,494,494
3778,-0.335598592028236,FALSE,969,969
3779,0.7058040936338,FALSE,911,911
3780,-0.427571822018134,TRUE,975,906
3781,-0.985350251537578,TRUE,804,256
3782,-1.20303834151224,TRUE,919,670
3783,0.669032743364687,FALSE,502,502
3784,-2.33328737733905,TRUE,93,232
3785,-0.416915573563025,TRUE,667,828
3786,0.181456387645657,FALSE,937,937
3787,-1.37496040815191,FALSE,657,657
3788,0.00696295872373336,FALSE,567,567
3789,0.670240018934236,FALSE,440,440
3790,-1.82442858730991,TRUE,932,265
3791,-0.887213958856379,TRUE,988,754
3792,1.76226244398383,FALSE,943,943
3793,-0.654624421472731,FALSE,50,50
3794,-0.966094459928818,FALSE,988,988
3795,-0.857718561750186,TRUE,772,261
3796,-0.434319399579906,FALSE,396,396
3797,0.185919886253164,FALSE,556,556
3798,-0.703667266915411,FALSE,128,128
3799,0.201719599167546,FALSE,200,200
3800,0.701952747275458,FALSE,148,148
3801,0.336181512220115,TRUE,379,231
3802,0.74982570129541,FALSE,981,981
3803,-0.800882335188553,TRUE,497,670
3804,-0.122741393064011,FALSE,42,42
3805,0.664288591501356,FALSE,535,535
3806,0.0549578832347883,FALSE,725,725
3807,0.212695033841387,FALSE,794,794
3808,0.0508606797200874,TRUE,329,507
3809,0.182916850669564,TRUE,199,478
3810,-0.0246729283718233,FALSE,705,705
3811,-1.09939099821092,TRUE,844,774
3812,0.173999331072479,FALSE,107,107
3813,-0.45536672234928,FALSE,967,967
3814,1.43577886180154,FALSE,441,441
3815,-0.529590169612876,FALSE,150,150
3816,0.152151396071861,TRUE,949,750
3817,-1.97326132409618,FALSE,294,294
3818,-0.658878760701195,FALSE,974,974
3819,-0.828452648882737,TRUE,485,820
3820,1.23170354306709,FALSE,337,337
3821,-0.151085950935197,FALSE,146,146
3822,0.144956274656509,FALSE,256,256
3823,0.300296912049029,FALSE,52,52
3824,-0.531111479264658,FALSE,654,654
3825,0.300715141684049,FALSE,568,568
3826,1.50662404051982,TRUE,407,886
3827,0.616992709956802,FALSE,834,834
3828,0.714400058203048,FALSE,255,255
3829,-0.834522825751897,FALSE,200,200
3830,0.179047539276805,FALSE,757,757
3831,0.293346436715331,FALSE,615,615
3832,-0.655101630091572,TRUE,385,852
3833,0.117420548335933,FALSE,374,374
3834,1.97352809039938,FALSE,572,572
3835,-0.974533231961422,TRUE,735,297
3836,0.552947651207812,FALSE,12,12
3837,-1.07382112975227,FALSE,574,574
3838,0.351996769280441,TRUE,104,291
3839,-1.04182477574096,FALSE,876,876
3840,0.590351151685933,TRUE,925,102
3841,-1.26843989879875,FALSE,395,395
3842,0.0204776647071165,FALSE,413,413
3843,1.34131625877434,FALSE,716,716
3844,-0.222474087449441,FALSE,644,644
3845,-0.106397594203637,FALSE,442,442
3846,1.40419031178976,FALSE,647,647
3847,2.03629655316149,TRUE,247,576
3848,2.48310511270667,FALSE,316,316
3849,-0.393625324430424,FALSE,511,511
3850,-1.05513659065903,FALSE,408,408
3851,0.651154342417501,TRUE,596,53
3852,0.435595444256836,TRUE,922,158
3853,1.28520823436664,TRUE,657,730
3854,0.150213367683698,FALSE,213,213
3855,0.160819359448959,TRUE,248,665
3856,1.51375863443316,FALSE,370,370
3857,0.161990769974966,FALSE,516,516
3858,0.68223512694434,FALSE,922,922
3859,0.484517544998582,TRUE,510,236
3860,-0.0444719203914545,FALSE,796,796
3861,-0.53481116323028,FALSE,642,642
3862,-0.337547843522416,FALSE,68,68
3863,-1.94852696812301,FALSE,122,122
3864,1.27845501649895,TRUE,704,329
3865,-1.59511082920805,TRUE,540,675
3866,-0.590700483309733,FALSE,247,247
3867,-0.370331045729754,FALSE,736,736
3868,1.20552835668786,FALSE,347,347
3869,0.0578507042481702,FALSE,197,197
3870,0.944225289376759,FALSE,198,198
3871,-0.294231849492569,FALSE,91,91
3872,1.67136844844011,FALSE,559,559
3873,0.486997818356882,FALSE,863,863
3874,0.547294217368083,FALSE,484,484
3875,0.877530983969036,TRUE,585,906
3876,-1.48223225272895,TRUE,453,996
3877,-0.0105240124009548,FALSE,196,196
3878,0.214424248543628,TRUE,279,959
3879,-0.76672924833678,FALSE,610,610
3880,0.0121705199650967,FALSE,319,319
3881,-0.721340330848372,FALSE,885,885
3882,0.219747429679615,FALSE,161,161
3883,-1.78482822322188,FALSE,900,900
3884,0.284409588673499,FALSE,990,990
3885,-0.636273493528611,FALSE,174,174
3886,0.939339897411908,FALSE,857,857
3887,-1.97311049815324,FALSE,658,658
3888,0.0425133093058528,TRUE,315,513
3889,-0.22090964246246,FALSE,949,949
3890,0.940523613128399,FALSE,71,71
3891,-1.58001110881281,FALSE,259,259
3892,-0.548731015064968,FALSE,768,768
3893,0.711861517361881,FALSE,38,38
3894,0.612873622598499,FALSE,484,484
3895,0.356334107598921,FALSE,41,41
3896,0.288570307268879,FALSE,493,493
3897,-1.66854171402762,TRUE,208,129
3898,0.851062197178538,FALSE,388,388
3899,0.215776063450083,FALSE,778,778
3900,-1.81470708529688,TRUE,757,234
3901,-0.173451330152109,FALSE,658,658
3902,0.953767761271997,FALSE,945,945
3903,0.703787584477816,FALSE,352,352
3904,-0.631284950402577,FALSE,705,705
3905,0.907591768209854,FALSE,270,270
3906,-0.396963325733646,FALSE,342,342
3907,0.381958965453471,FALSE,67,67
3908,0.928532701142652,FALSE,279,279
3909,0.390576088768169,TRUE,225,390
3910,-0.652702548747162,FALSE,772,772
3911,0.819982366814568,TRUE,915,819
3912,1.47743008578332,FALSE,614,614
3913,-0.929196433792633,TRUE,552,832
3914,-0.182194333185985,FALSE,61,61
3915,1.0036584716744,FALSE,915,915
3916,-0.851991888128706,FALSE,240,240
3917,-1.71937580296318,FALSE,332,332
3918,-0.494699035304771,FALSE,67,67
3919,1.06648977745833,TRUE,284,824
3920,-1.36184763274346,FALSE,454,454
3921,-0.24830383060076,FALSE,399,399
3922,0.961930078148629,TRUE,492,32
3923,0.0469274542718289,FALSE,430,430
3924,0.566919054335015,FALSE,33,33
3925,1.62398016004902,TRUE,803,258
3926,0.900771211455154,FALSE,443,443
3927,0.591190651472621,TRUE,782,795
3928,0.490986408183824,FALSE,260,260
3929,-1.15841660363659,TRUE,680,952
3930,0.839196893439883,TRUE,699,431
3931,0.542106621872022,FALSE,583,583
3932,0.403620734272322,FALSE,217,217
3933,0.0572003437749521,TRUE,582,858
3934,-1.27104788310115,FALSE,327,327
3935,0.153593751976728,FALSE,638,638
3936,1.25495609521765,FALSE,849,849
3937,-0.611712959847967,FALSE,928,928
3938,-1.80084924747675,FALSE,559,559
3939,1.83802787018593,FALSE,238,238
3940,-0.564277936786275,FALSE,669,669
3941,1.14035660065238,FALSE,884,884
3942,0.624053470472814,FALSE,847,847
3943,1.65773610024556,TRUE,836,558
3944,-0.0420905845473089,TRUE,139,318
3945,-0.300444528172987,TRUE,282,640
3946,1.7322579791517,FALSE,863,863
3947,2.15652982339948,FALSE,381,381
3948,0.318518880351254,FALSE,744,744
3949,0.16984704552344,TRUE,503,365
3950,0.742349498291056,FALSE,810,810
3951,-0.672536690409532,FALSE,480,480
3952,0.49782615238744,FALSE,148,148
3953,-0.989612002140715,FALSE,142,142
3954,-0.297479614412297,FALSE,805,805
3955,0.794883533831671,FALSE,586,586
3956,-0.762953410175363,FALSE,255,255
3957,0.850860623631441,FALSE,797,797
3958,0.502179059686094,FALSE,101,101
3959,1.43374253551606,FALSE,795,795
3960,2.16566298935473,FALSE,904,904
3961,-0.575375757570541,FALSE,604,604
3962,0.390638832603374,TRUE,402,529
3963,1.55866378109588,TRUE,201,734
3964,0.199045427726552,FALSE,192,192
3965,-0.653813001319679,FALSE,95,95
3966,-0.997570805415241,TRUE,942,669
3967,1.4004443032093,FALSE,637,637
3968,2.59949170568404,FALSE,379,379
3969,-1.04730028301091,FALSE,946,946
3970,0.1105373040221,FALSE,92,92
3971,-1.56806914561435,FALSE,512,512
3972,0.0696712063141521,TRUE,304,93
3973,-0.307179864752321,FALSE,780,780
3974,-0.0120532862537221,FALSE,438,438
3975,2.89485439080467,TRUE,287,801
3976,-1.39868047845967,FALSE,942,942
3977,0.432113401706453,FALSE,530,530
3978,1.83265771671135,TRUE,803,735
3979,-0.611022543415865,FALSE,590,590
3980,-0.819342713160187,FALSE,134,134
3981,0.04830946044581,TRUE,448,890
3982,1.30055136995643,FALSE,561,561
3983,-0.343124840404993,FALSE,60,60
3984,-1.02579127077834,FALSE,358,358
3985,0.0705485417925557,FALSE,270,270
3986,-2.01781926811074,FALSE,132,132
3987,-1.4754551209871,FALSE,997,997
3988,1.08646279809096,FALSE,924,924
3989,0.458815574442382,FALSE,618,618
3990,-2.17399642996397,FALSE,901,901
3991,0.617616257222932,TRUE,12,505
3992,-2.30479535244892,FALSE,313,313
3993,-0.446968711845108,FALSE,375,375
3994,0.29949067695872,FALSE,517,517
3995,-1.42847458672458,FALSE,498,498
3996,1.26749748403291,FALSE,205,205
3997,1.21450578994531,FALSE,895,895
3998,-0.67485593104277,TRUE,585,841
3999,1.12102190988245,FALSE,848,848
4000,0.19654977656002,FALSE,100,100
4001,0.650113188667264,TRUE,550,929
4002,0.671004187901994,TRUE,524,942
4003,-1.28415776513223,FALSE,232,232
4004,-2.02610958278953,FALSE,490,490
4005,2.20532606437083,FALSE,995,995
4006,0.231389929911167,FALSE,38,38
4007,0.375642260184807,FALSE,853,853
4008,-1.1929685182981,FALSE,116,116
4009,1.13254984181008,TRUE,156,725
4010,1.83947679495165,FALSE,678,678
4011,1.5278701045484,FALSE,107,107
4012,-2.02362702275776,FALSE,967,967
4013,-1.04050799863329,FALSE,189,189
4014,0.09779160179052,TRUE,125,73
4015,0.696840799385693,FALSE,735,735
4016,-0.5438885166101,FALSE,418,418
4017,-0.858549301944023,TRUE,326,767
4018,0.229785936335843,FALSE,8,8
4019,-0.942643151607528,FALSE,323,323
4020,2.04350430210435,TRUE,417,896
4021,-1.82549539989984,TRUE,169,313
4022,0.508792207400114,FALSE,316,316
4023,-1.99632720673017,FALSE,665,665
4024,-0.494322917187916,FALSE,716,716
4025,1.48433728415762,FALSE,675,675
4026,1.12176857432144,FALSE,743,743
4027,-1.39986064809992,FALSE,129,129
4028,-1.47609803629455,FALSE,880,880
4029,0.0581058397407739,FALSE,684,684
4030,-0.952976638746264,FALSE,320,320
4031,0.405770114828656,FALSE,971,971
4032,-0.983938483895197,FALSE,401,401
4033,-1.61012301596989,FALSE,722,722
4034,-0.430168767896826,FALSE,452,452
4035,-1.22421063279672,FALSE,322,322
4036,1.0866419673221,FALSE,773,773
4037,-0.334805580381143,FALSE,757,757
4038,-0.0378407039000508,FALSE,117,117
4039,1.38059132989247,FALSE,11,11
4040,1.85782124241692,FALSE,206,206
4041,-0.0529502178125204,FALSE,520,520
4042,0.333336200779982,FALSE,960,960
4043,1.30909768203641,TRUE,988,722
4044,-0.17446224484665,FALSE,315,315
4045,-1.04362586510721,FALSE,372,372
4046,0.994200366161547,FALSE,264,264
4047,-1.52463453962983,FALSE,903,903
4048,-0.245253129149815,TRUE,127,268
4049,-0.402155077823464,TRUE,501,24
4050,-0.522744336367696,TRUE,232,851
4051,-2.75360875414907,FALSE,998,998
4052,-0.586900242207328,FALSE,342,342
4053,1.26631293072596,FALSE,280,280
4054,-0.468870655033282,FALSE,130,130
4055,-0.619043185207939,TRUE,540,142
4056,-0.66613948273847,FALSE,872,872
4057,-0.874739293700878,TRUE,848,89
4058,0.146021703841,TRUE,827,380
4059,0.592780708087627,FALSE,994,994
4060,1.44870575010661,FALSE,626,626
4061,-1.56609128850758,FALSE,868,868
4062,0.395353330683666,FALSE,916,916
4063,-0.153233959963218,TRUE,124,54
4064,0.285286018572319,TRUE,539,388
4065,-1.03171726842629,FALSE,123,123
4066,0.0455114176114473,FALSE,60,60
4067,-1.15361378713773,TRUE,258,867
4068,0.659703276387862,FALSE,296,296
4069,-0.946189816730988,TRUE,19,986
4070,0.0635472785679089,TRUE,211,630
4071,-2.12723267692916,FALSE,446,446
4072,0.326966861093077,FALSE,253,253
4073,1.10772289770159,FALSE,510,510
4074,0.766162876774896,FALSE,20,20
4075,1.0536729823113,FALSE,594,594
4076,-1.35594279846149,FALSE,942,942
4077,-0.169301386573387,FALSE,97,97
4078,-0.069700988018414,FALSE,905,905
4079,0.72019564869517,TRUE,173,858
4080,-0.167781876538558,TRUE,189,383
4081,-0.203278916015153,FALSE,133,133
4082,1.67812825011243,FALSE,376,376
4083,1.09093512802861,TRUE,730,297
4084,-1.75644462967178,FALSE,552,552
4085,-0.384610792994895,FALSE,899,899
4086,-0.992158187397834,TRUE,901,804
4087,2.97158503328431,FALSE,618,618
4088,-0.494334531346305,FALSE,700,700
4089,1.14803978343915,FALSE,515,515
4090,0.0962712490458892,FALSE,364,364
4091,0.108830210144798,TRUE,741,641
4092,0.495236949037723,TRUE,484,477
4093,-0.142643497669046,FALSE,648,648
4094,0.832936996059557,TRUE,385,864
4095,0.559823773483781,FALSE,852,852
4096,-1.68509594570751,FALSE,594,594
4097,-0.555612312584034,TRUE,232,936
4098,-0.523353123310595,FALSE,787,787
4099,-0.506104326333761,TRUE,719,478
4100,1.06528488521985,TRUE,125,902
4101,1.48702703437434,FALSE,926,926
4102,-0.921800949287066,FALSE,146,146
4103,0.541435465702585,FALSE,191,191
4104,-1.16976792602983,TRUE,494,857
4105,-0.557080376687621,FALSE,516,516
4106,0.298465543628126,FALSE,198,198
4107,-0.188922789114515,TRUE,98,914
4108,-0.680450203122764,FALSE,930,930
4109,-1.25744854173679,FALSE,472,472
4110,-0.31176653668682,TRUE,763,472
4111,0.0524980457691654,FALSE,104,104
4112,0.562233812465,FALSE,292,292
4113,-0.875816823362531,FALSE,539,539
4114,0.586755962790902,FALSE,546,546
4115,-1.16383957087157,TRUE,516,84
4116,-0.54611202207988,FALSE,364,364
4117,0.450377169868581,FALSE,470,470
4118,-0.692515474185169,FALSE,425,425
4119,-0.779596108965332,FALSE,638,638
4120,-0.047332659920564,FALSE,253,253
4121,0.03543456559178,FALSE,420,420
4122,0.934481958737551,FALSE,87,87
4123,-0.233386020255715,FALSE,479,479
4124,-1.70078808299975,FALSE,412,412
4125,-0.655838098813589,FALSE,63,63
4126,-0.630470468347582,FALSE,728,728
4127,-0.932327589303977,FALSE,619,619
4128,0.321903702210027,FALSE,654,654
4129,2.50176509605977,FALSE,445,445
4130,0.794167471420084,FALSE,376,376
4131,-0.154839559706279,FALSE,465,465
4132,0.503667184079687,TRUE,941,807
4133,1.44276824076692,FALSE,441,441
4134,-0.309267177170206,FALSE,945,945
4135,0.66448047052591,FALSE,529,529
4136,0.561899116459364,FALSE,837,837
4137,-0.122634825795052,FALSE,11,11
4138,0.0565460066372632,TRUE,584,312
4139,0.65189100301244,TRUE,20,575
4140,-0.0262386429965182,FALSE,839,839
4141,-0.339508996123272,TRUE,380,680
4142,-0.593989980081054,FALSE,550,550
4143,0.290962076036892,FALSE,137,137
4144,-0.0550219977069135,FALSE,568,568
4145,-0.371738277193412,FALSE,489,489
4146,0.17658846965934,FALSE,199,199
4147,-0.773066921989977,FALSE,343,343
4148,-0.802419608349066,FALSE,172,172
4149,1.37356613266313,TRUE,584,696
4150,-0.881356062680646,FALSE,199,199
4151,0.315788060527378,FALSE,803,803
4152,-0.968386578638255,FALSE,458,458
4153,-0.230609646495428,FALSE,833,833
4154,0.390362282133484,FALSE,583,583
4155,-1.00953678417864,TRUE,83,932
4156,0.595038671126996,FALSE,403,403
4157,0.218915228575553,FALSE,3,3
4158,-0.316606290644603,TRUE,85,530
4159,0.245466542402521,TRUE,887,153
4160,0.0750448352632334,FALSE,942,942
4161,-0.839650033769068,FALSE,664,664
4162,-1.39706392020774,FALSE,224,224
4163,0.106131768782063,TRUE,986,496
4164,-1.00472117009238,FALSE,752,752
4165,-0.0352199893647191,FALSE,247,247
4166,-1.64807616548373,TRUE,252,709
4167,-0.929032489887539,FALSE,400,400
4168,0.272110814193612,FALSE,759,759
4169,1.04532279459033,TRUE,575,736
4170,0.169278549215246,FALSE,15,15
4171,-0.994434982580189,FALSE,190,190
4172,-0.415337398323979,FALSE,2,2
4173,1.09363612666732,FALSE,968,968
4174,0.518684257567906,TRUE,68,148
4175,0.787040338989375,TRUE,472,31
4176,0.996700953789853,FALSE,146,146
4177,0.377467977221097,FALSE,883,883
4178,1.10937999763642,FALSE,521,521
4179,-0.973213955735574,FALSE,73,73
4180,0.299645255805759,FALSE,50,50
4181,-0.339482321326464,FALSE,26,26
4182,0.201738895091501,TRUE,57,138
4183,1.32539797092552,FALSE,134,134
4184,0.50379348202283,FALSE,825,825
4185,-0.629636693792144,FALSE,959,959
4186,-0.350154112917245,FALSE,325,325
4187,-0.951338626808144,TRUE,724,15
4188,-0.0898142512489909,TRUE,472,201
4189,-0.499596898078723,FALSE,83,83
4190,0.791572694963362,FALSE,28,28
4191,-0.492727604293671,FALSE,80,80
4192,0.710314711011948,FALSE,139,139
4193,0.720730133867399,FALSE,989,989
4194,-0.435330216064654,FALSE,784,784
4195,1.42649174309633,FALSE,344,344
4196,0.0269243053279024,FALSE,822,822
4197,-0.652818422046043,FALSE,775,775
4198,0.0743993511918555,FALSE,269,269
4199,-0.990962518471982,TRUE,303,312
4200,0.650993279569504,TRUE,572,853
4201,-0.89516798811002,FALSE,930,930
4202,1.29299293500947,FALSE,805,805
4203,-2.0742065856962,TRUE,16,822
4204,-1.11246012229362,FALSE,537,537
4205,-0.338345892460005,FALSE,379,379
4206,-0.700697519970714,FALSE,215,215
4207,1.34694517132456,TRUE,557,914
4208,-0.0604259719260048,FALSE,853,853
4209,0.354804415624792,TRUE,915,697
4210,0.707369557331156,FALSE,807,807
4211,0.152877951357064,FALSE,677,677
4212,0.961010037635776,FALSE,552,552
4213,0.439716226872132,FALSE,651,651
4214,0.698213804189321,FALSE,731,731
4215,-1.48600746435487,FALSE,249,249
4216,-1.12632173407088,FALSE,244,244
4217,-2.2264074859866,FALSE,140,140
4218,-0.253272863743924,TRUE,447,673
4219,1.4317564961981,FALSE,675,675
4220,-0.978402832216023,FALSE,361,361
4221,0.315063222248321,TRUE,991,596
4222,0.440956164186974,FALSE,712,712
4223,0.23852639929048,FALSE,750,750
4224,-0.284222614442247,FALSE,500,500
4225,-0.618144042623548,FALSE,766,766
4226,-0.636767960604578,TRUE,41,320
4227,0.0174532471596551,FALSE,420,420
4228,1.29963841108782,FALSE,368,368
4229,-0.793507485143925,FALSE,76,76
4230,-0.122534387113049,TRUE,500,429
4231,0.0992681566007817,FALSE,645,645
4232,0.791413490106773,FALSE,698,698
4233,-0.231328117024349,TRUE,838,472
4234,0.637717307425324,FALSE,341,341
4235,-1.49673280807476,FALSE,617,617
4236,0.718399655443105,FALSE,424,424
4237,0.0963710077701884,FALSE,71,71
4238,-1.09564527432851,TRUE,808,869
4239,-2.33035863632177,FALSE,97,97
4240,-0.365336634931301,FALSE,243,243
4241,0.668860732126122,FALSE,629,629
4242,0.319055295918316,FALSE,966,966
4243,-0.364166389785408,FALSE,509,509
4244,0.0500653563275891,FALSE,587,587
4245,0.155990601900036,FALSE,380,380
4246,-0.752410526194919,TRUE,858,601
4247,0.0545550789313691,FALSE,706,706
4248,0.112268546968159,TRUE,158,568
4249,-0.72283146044824,FALSE,464,464
4250,0.198195563814535,FALSE,727,727
4251,0.310560313837699,TRUE,324,628
4252,0.52632360170575,TRUE,961,691
4253,0.711046522019671,FALSE,710,710
4254,0.410310613259374,FALSE,666,666
4255,0.301398927192011,FALSE,182,182
4256,-0.0954300964622639,TRUE,829,460
4257,0.448760305225703,FALSE,123,123
4258,-1.26924504211123,FALSE,27,27
4259,0.654270193041473,FALSE,650,650
4260,-0.534909374630435,FALSE,909,909
4261,2.33752882268268,FALSE,931,931
4262,-0.596338058924886,FALSE,140,140
4263,-2.88762982904888,TRUE,58,776
4264,1.37208530087141,FALSE,313,313
4265,-0.598652381678845,FALSE,216,216
4266,0.592950917859602,FALSE,442,442
4267,0.22574206980329,FALSE,663,663
4268,1.09631206213814,FALSE,164,164
4269,-0.903266023923327,FALSE,227,227
4270,-1.18906159124793,FALSE,467,467
4271,1.06496900017888,FALSE,549,549
4272,-0.958567467505941,FALSE,769,769
4273,-1.53369411787315,FALSE,55,55
4274,0.777969495009857,FALSE,286,286
4275,-0.0652582755903693,FALSE,185,185
4276,2.27820422438891,FALSE,563,563
4277,0.343609622634679,TRUE,445,715
4278,-0.353092740361297,FALSE,479,479
4279,-0.627184549894849,FALSE,912,912
4280,1.68460867330367,FALSE,748,748
4281,-1.21492788423149,TRUE,419,379
4282,0.616962045310911,TRUE,958,168
4283,0.561680015246336,FALSE,565,565
4284,-0.572805931639577,TRUE,784,46
4285,1.53571787982434,FALSE,113,113
4286,-0.747655464468441,FALSE,168,168
4287,-0.019471857856035,FALSE,803,803
4288,0.387628403916459,FALSE,216,216
4289,2.32312597346536,FALSE,512,512
4290,0.615152238314757,FALSE,495,495
4291,1.73154802913209,FALSE,430,430
4292,-0.728562623202175,TRUE,363,684
4293,-1.74544030678352,FALSE,610,610
4294,0.889356785182597,FALSE,782,782
4295,-1.62846899968612,FALSE,16,16
4296,-1.34221036389457,FALSE,337,337
4297,0.610770202238328,FALSE,718,718
4298,-0.0557766266686415,FALSE,74,74
4299,0.84701928165966,FALSE,646,646
4300,1.43317474126775,FALSE,522,522
4301,0.912744882660601,FALSE,688,688
4302,0.382329981106898,TRUE,229,3
4303,0.552018613628635,FALSE,490,490
4304,0.144826651838118,TRUE,491,100
4305,1.70839228572527,FALSE,548,548
4306,0.0523893824520919,TRUE,466,46
4307,0.807143831935644,TRUE,534,341
4308,-0.940116280192513,FALSE,855,855
4309,0.0392422368472649,TRUE,264,863
4310,-1.99762732818409,FALSE,534,534
4311,0.138729601683047,FALSE,120,120
4312,-1.48827676613971,TRUE,57,897
4313,-0.132874384428308,TRUE,215,799
4314,-0.240116874283649,TRUE,495,857
4315,0.972019277591751,FALSE,62,62
4316,-0.642231450884744,TRUE,248,202
4317,-0.664178443147495,FALSE,387,387
4318,-1.97301371082498,TRUE,338,757
4319,0.62038170075029,FALSE,33,33
4320,1.08867161825065,FALSE,403,403
4321,-0.226077238947635,FALSE,141,141
4322,1.48023793951334,TRUE,236,476
4323,-0.409756055441592,TRUE,40,420
4324,-1.00232204198398,FALSE,321,321
4325,0.229145399273747,FALSE,455,455
4326,0.686284539494493,FALSE,390,390
4327,-1.49352037264224,FALSE,613,613
4328,-1.6356334016827,TRUE,330,109
4329,0.0464198809005516,FALSE,893,893
4330,0.480435287129279,FALSE,939,939
4331,-2.34448637435628,FALSE,123,123
4332,-1.70618749954248,FALSE,172,172
4333,0.307769939615024,TRUE,636,772
4334,0.888734457216717,FALSE,182,182
4335,-0.380935589430475,FALSE,596,596
4336,1.20042237058618,TRUE,291,226
4337,-0.613786417628227,FALSE,9,9
4338,-0.166695812608068,FALSE,754,754
4339,1.3497427411458,FALSE,467,467
4340,-0.08155736257615,FALSE,983,983
4341,0.0258731020851069,FALSE,32,32
4342,-0.899870707064619,FALSE,746,746
4343,0.0670106043901452,FALSE,664,664
4344,-0.644265584699205,FALSE,352,352
4345,-1.79943951694229,TRUE,35,331
4346,-0.970491872039209,FALSE,494,494
4347,-0.23864909058919,FALSE,76,76
4348,0.163631745977142,TRUE,792,341
4349,1.06803589634442,FALSE,80,80
4350,0.0385342268220356,FALSE,931,931
4351,-0.127406724329176,TRUE,646,869
4352,1.10613338969307,FALSE,996,996
4353,2.41505639305858,FALSE,138,138
4354,-0.0854377496312043,FALSE,249,249
4355,1.17798559053759,FALSE,57,57
4356,0.486182864879867,FALSE,578,578
4357,-0.0760459783736424,FALSE,169,169
4358,-1.92088504995097,FALSE,342,342
4359,-0.967552745503026,FALSE,277,277
4360,-0.556743932301024,FALSE,685,685
4361,-1.11020718374346,FALSE,383,383
4362,-1.16124993960642,TRUE,904,635
4363,-0.412925484950059,TRUE,855,30
4364,0.951889434480402,FALSE,683,683
4365,-0.920180526501519,FALSE,279,279
4366,0.118175117960979,FALSE,559,559
4367,-0.202992795359762,FALSE,677,677
4368,0.79309979915499,FALSE,751,751
4369,0.0384368414759949,TRUE,775,526
4370,-0.16816299181802,FALSE,634,634
4371,-0.584189408985592,TRUE,271,314
4372,0.891898666517829,FALSE,118,118
4373,1.13933307604848,FALSE,129,129
4374,0.0194424834681,FALSE,543,543
4375,3.27178275094146,FALSE,712,712
4376,-0.00299321217346231,FALSE,972,972
4377,2.9238239501318,FALSE,992,992
4378,-0.133879522065291,FALSE,362,362
4379,-1.57070706216679,FALSE,46,46
4380,-1.42476658017077,TRUE,287,48
4381,-0.871469943087801,TRUE,536,974
4382,1.47840798244259,FALSE,407,407
4383,1.70332330212618,FALSE,360,360
4384,0.397608592961342,FALSE,833,833
4385,0.308495292568104,FALSE,278,278
4386,-0.536955292638044,TRUE,358,895
4387,-0.676675596367901,FALSE,895,895
4388,-0.717903102159638,TRUE,709,280
4389,-0.870549994900966,FALSE,174,174
4390,-0.539922449848325,FALSE,712,712
4391,-0.622689767958637,FALSE,631,631
4392,0.52853744956257,FALSE,810,810
4393,0.77081867169404,TRUE,684,534
4394,1.60318075443505,FALSE,53,53
4395,-2.44862135362922,TRUE,476,465
4396,0.495119681899253,FALSE,498,498
4397,-0.318468478289267,TRUE,837,718
4398,-0.266390602550299,FALSE,212,212
4399,-1.64170410993825,FALSE,469,469
4400,-0.0328780548058861,FALSE,419,419
4401,-0.776007105490692,FALSE,882,882
4402,0.355759428247929,TRUE,54,66
4403,-1.11280918419286,TRUE,479,617
4404,3.44599197819979,FALSE,899,899
4405,-0.78209886700799,FALSE,137,137
4406,-0.282203311332044,FALSE,664,664
4407,-1.22876619131156,FALSE,397,397
4408,-0.325172996563801,FALSE,730,730
4409,2.13425460540829,FALSE,875,875
4410,-0.386892082931343,FALSE,117,117
4411,0.610203857819049,FALSE,556,556
4412,-0.939779775135914,FALSE,753,753
4413,1.53836358801599,FALSE,193,193
4414,0.468351598166099,TRUE,598,99
4415,-0.71663302769885,FALSE,474,474
4416,0.230438944862016,FALSE,434,434
4417,-0.38686369131377,TRUE,725,70
4418,0.50870846650783,FALSE,233,233
4419,-0.809396597344662,FALSE,278,278
4420,0.463215859683372,FALSE,566,566
4421,1.58317836100403,FALSE,322,322
4422,1.26276162796841,TRUE,272,931
4423,0.304992512785019,FALSE,129,129
4424,0.333676634814215,FALSE,621,621
4425,0.421503008938672,FALSE,174,174
4426,0.898379755642647,FALSE,649,649
4427,0.385927146861621,FALSE,219,219
4428,0.606090117308301,FALSE,332,332
4429,0.637811527522779,FALSE,693,693
4430,0.227793843711254,FALSE,61,61
4431,0.720449424080687,FALSE,459,459
4432,0.0578393567246293,TRUE,376,96
4433,1.01128638626024,FALSE,735,735
4434,-0.428251372732744,FALSE,376,376
4435,0.193770942237221,FALSE,839,839
4436,0.0324641118561838,TRUE,401,39
4437,-1.07415455414373,FALSE,38,38
4438,1.19882598973803,FALSE,640,640
4439,-1.16243321340069,FALSE,964,964
4440,1.30512922116238,FALSE,492,492
4441,-1.06846647571752,FALSE,865,865
4442,-0.982083465583142,TRUE,266,707
4443,0.860888491074712,FALSE,210,210
4444,-0.081744927167929,FALSE,447,447
4445,-1.8451908393036,FALSE,533,533
4446,1.50342038213375,FALSE,842,842
4447,-2.48852743080384,FALSE,567,567
4448,-0.692526021320325,FALSE,376,376
4449,-1.52033934327632,FALSE,98,98
4450,-0.56796750211396,FALSE,708,708
4451,0.0886811291310934,FALSE,882,882
4452,-0.333540775490231,FALSE,91,91
4453,-0.578854149910313,FALSE,802,802
4454,-0.163795855729233,FALSE,179,179
4455,0.269165410758008,FALSE,903,903
4456,-0.855759582087002,FALSE,567,567
4457,-2.07485622665075,TRUE,954,936
4458,-0.925845864287955,FALSE,767,767
4459,-1.90435779127418,TRUE,121,359
4460,0.635338733866089,FALSE,57,57
4461,1.87015838792933,FALSE,141,141
4462,-1.14546193848128,FALSE,944,944
4463,-0.885435444170508,TRUE,202,182
4464,-0.875533900687168,FALSE,809,809
4465,0.788390456341582,FALSE,224,224
4466,0.0313446839741886,FALSE,576,576
4467,0.488947815943938,FALSE,69,69
4468,0.771469878691198,FALSE,399,399
4469,0.247834608669137,FALSE,579,579
4470,0.447831638138293,TRUE,381,993
4471,-1.16256526522146,FALSE,236,236
4472,-0.0617882821038358,FALSE,608,608
4473,-0.616103464566919,TRUE,129,975
4474,-1.30482930362763,TRUE,892,433
4475,-1.16898434302642,TRUE,692,172
4476,0.937609547717227,FALSE,560,560
4477,-1.3005469870359,FALSE,589,589
4478,-0.404328026761701,TRUE,353,229
4479,0.982565049225279,FALSE,42,42
4480,0.329259493151393,FALSE,182,182
4481,0.652347233454389,FALSE,812,812
4482,0.33137935811481,FALSE,223,223
4483,-0.148875337173038,FALSE,193,193
4484,-2.19971757795955,FALSE,59,59
4485,-0.608838514896523,TRUE,26,786
4486,-1.37830797006746,FALSE,776,776
4487,-0.37808428586824,FALSE,340,340
4488,2.05410707311695,FALSE,704,704
4489,0.138225403263889,FALSE,999,999
4490,-0.719146277753351,FALSE,191,191
4491,0.888692440655481,FALSE,167,167
4492,0.491372928474695,FALSE,763,763
4493,-0.0803500691057764,FALSE,907,907
4494,-0.227631250524715,FALSE,558,558
4495,-0.145485583230482,FALSE,516,516
4496,-0.0714200255752952,FALSE,701,701
4497,0.619530244648907,TRUE,226,415
4498,0.127656676246875,FALSE,314,314
4499,-0.627376645697984,FALSE,587,587
4500,0.834371493937897,FALSE,139,139
4501,-0.698403948311629,FALSE,257,257
4502,1.30924048218871,FALSE,320,320
4503,-0.980177626888364,FALSE,996,996
4504,0.747985102745544,FALSE,210,210
4505,1.25779662068081,FALSE,919,919
4506,1.2221833523778,FALSE,880,880
4507,-0.112160842700522,FALSE,877,877
4508,0.692200142934224,FALSE,445,445
4509,-2.13764149985513,FALSE,156,156
4510,0.444235984040234,FALSE,36,36
4511,-0.109286874357898,FALSE,516,516
4512,0.599824655782442,FALSE,985,985
4513,0.108759073688381,FALSE,519,519
4514,1.29479689861678,FALSE,13,13
4515,-0.170650755658055,FALSE,939,939
4516,0.733739518696074,FALSE,713,713
4517,-0.105956081619216,FALSE,53,53
4518,0.655762571951209,FALSE,257,257
4519,-1.23126609336929,FALSE,327,327
4520,0.606569514039166,FALSE,454,454
4521,-0.389590456231888,FALSE,860,860
4522,0.394815020131042,FALSE,389,389
4523,-0.875318548777549,TRUE,892,503
4524,0.54164091212584,FALSE,603,603
4525,2.99152532733133,FALSE,707,707
4526,1.54052050648587,FALSE,513,513
4527,0.980378794904776,FALSE,956,956
4528,-0.619014968381663,TRUE,975,553
4529,0.324860466266969,FALSE,158,158
4530,-0.158338330946089,TRUE,870,338
4531,-1.98512889480691,FALSE,414,414
4532,-0.240167897097374,FALSE,234,234
4533,-0.316538046267265,FALSE,34,34
4534,-0.0896303158722854,TRUE,410,835
4535,-0.532006993707045,FALSE,871,871
4536,0.651828959763116,TRUE,960,457
4537,1.91858057970287,FALSE,667,667
4538,1.15565715134385,TRUE,780,800
4539,0.660185179168459,TRUE,276,328
4540,0.0550690875835368,FALSE,598,598
4541,0.0757323802746318,FALSE,645,645
4542,1.15752258181319,FALSE,575,575
4543,1.28164889939765,FALSE,910,910
4544,-0.591946857097672,FALSE,258,258
4545,0.949803349503218,FALSE,483,483
4546,-1.18310978507429,TRUE,802,785
4547,-1.19265860477875,FALSE,908,908
4548,1.59578333479431,FALSE,177,177
4549,0.0369392685017888,FALSE,629,629
4550,0.0337820994332734,FALSE,759,759
4551,0.979023019683957,TRUE,516,151
4552,-0.19665658614585,FALSE,980,980
4553,-0.84666438748252,FALSE,731,731
4554,0.138357324986206,FALSE,367,367
4555,-1.70863333602975,FALSE,423,423
4556,-0.472466103539983,FALSE,727,727
4557,-0.156740160934217,FALSE,59,59
4558,-1.44256268479559,FALSE,572,572
4559,0.184764335937665,FALSE,963,963
4560,-0.732733102643875,TRUE,175,96
4561,1.11407753323473,TRUE,860,690
4562,-0.281042036472996,FALSE,278,278
4563,-1.09100027664817,FALSE,223,223
4564,0.239222737737268,FALSE,494,494
4565,-0.0532176840575105,TRUE,279,2
4566,0.0403178822322321,FALSE,102,102
4567,0.215454744346174,FALSE,640,640
4568,-0.394021000135934,TRUE,218,981
4569,-0.326590873793965,FALSE,324,324
4570,0.648003818354912,FALSE,455,455
4571,1.62673701629703,FALSE,241,241
4572,-1.92569377349633,FALSE,714,714
4573,-0.135680412514509,FALSE,77,77
4574,0.979682304928802,FALSE,697,697
4575,-1.17921193210068,TRUE,731,134
4576,1.16681337455667,FALSE,412,412
4577,-0.379227415297271,FALSE,720,720
4578,0.70775212141734,FALSE,498,498
4579,1.47376577810174,TRUE,119,824
4580,0.898576833356327,FALSE,179,179
4581,1.21431502306541,FALSE,471,471
4582,-2.2078270583898,FALSE,731,731
4583,-1.2733628036548,FALSE,306,306
4584,0.581466657889296,FALSE,741,741
4585,-0.910780798192153,TRUE,223,880
4586,-0.551874495500953,FALSE,401,401
4587,1.38422224664466,FALSE,4,4
4588,0.116494123723035,FALSE,167,167
4589,0.0453178784831703,FALSE,613,613
4590,-0.245585632015596,FALSE,529,529
4591,-1.59789551871642,FALSE,617,617
4592,-1.88057396502837,FALSE,171,171
4593,-0.217766243830373,TRUE,110,884
4594,0.354738794936102,FALSE,7,7
4595,-1.31894478115298,FALSE,66,66
4596,-1.80778009715662,FALSE,635,635
4597,1.2755091369191,FALSE,751,751
4598,0.50699835111917,FALSE,823,823
4599,0.482094871689672,FALSE,152,152
4600,0.917096497774865,FALSE,84,84
4601,0.554743570423318,TRUE,887,601
4602,-1.05550268160105,FALSE,781,781
4603,1.25015505558455,FALSE,425,425
4604,-1.27736005340688,FALSE,991,991
4605,-0.478588320720279,FALSE,358,358
4606,0.333595621234046,FALSE,64,64
4607,0.280998469151164,FALSE,917,917
4608,0.589335500714839,FALSE,564,564
4609,0.876592079389192,FALSE,645,645
4610,-0.809672330735992,FALSE,253,253
4611,-1.28742628778282,TRUE,647,867
4612,-1.16773308895199,FALSE,149,149
4613,0.574483137039139,FALSE,903,903
4614,-0.462754276400969,FALSE,562,562
4615,0.412912128628035,FALSE,859,859
4616,1.18298161074152,FALSE,161,161
4617,-0.671733976875938,FALSE,122,122
4618,0.924698947331539,FALSE,863,863
4619,-0.64489251592825,TRUE,534,463
4620,0.616813884899903,TRUE,246,92
4621,0.0340745981039207,FALSE,798,798
4622,-0.850439447987543,TRUE,450,265
4623,0.947850371730136,FALSE,475,475
4624,0.722604398667226,FALSE,355,355
4625,-0.868606252322955,FALSE,424,424
4626,0.0377018047450394,TRUE,20,210
4627,2.52239807042822,FALSE,149,149
4628,-0.751862790605904,FALSE,409,409
4629,-0.166712862493818,FALSE,599,599
4630,1.4028930698445,FALSE,920,920
4631,-1.11369772678606,FALSE,437,437
4632,2.380413636511,FALSE,636,636
4633,-0.667302144757731,FALSE,404,404
4634,-0.521432196322171,TRUE,371,528
4635,-0.0385537561204246,FALSE,895,895
4636,1.07467642177463,FALSE,694,694
4637,3.23554281654337,FALSE,355,355
4638,0.483314635182074,FALSE,40,40
4639,0.619616219204552,FALSE,82,82
4640,-1.37352867429314,FALSE,203,203
4641,0.141241738837254,FALSE,577,577
4642,-2.35978263907092,FALSE,240,240
4643,-0.258273243330735,TRUE,778,694
4644,1.46142509399092,FALSE,411,411
4645,-0.198070049692169,FALSE,728,728
4646,-0.0576426334267687,FALSE,466,466
4647,0.0390446413634702,FALSE,217,217
4648,-0.123729489633514,FALSE,135,135
4649,0.100049582245978,FALSE,731,731
4650,-1.51123341901236,FALSE,607,607
4651,-0.480871431890273,FALSE,951,951
4652,-0.341587648007823,TRUE,678,516
4653,0.569773368026909,TRUE,456,427
4654,0.207376636370952,FALSE,477,477
4655,-0.75859247225466,TRUE,435,101
4656,0.849013844908703,FALSE,85,85
4657,1.22658542110533,FALSE,32,32
4658,-1.27941767070771,FALSE,669,669
4659,0.184011110654948,FALSE,846,846
4660,-0.7490257660595,TRUE,983,618
4661,-0.608148531230079,FALSE,192,192
4662,0.419863624728317,TRUE,944,728
4663,0.841849795634128,FALSE,873,873
4664,0.380156936736672,TRUE,985,227
4665,-0.534844330403008,TRUE,704,245
4666,1.12971200930182,TRUE,212,322
4667,1.03188963184648,TRUE,780,763
4668,-0.989382575570002,FALSE,873,873
4669,0.31316852556151,FALSE,830,830
4670,-1.15966477035314,FALSE,522,522
4671,1.46673353907052,FALSE,887,887
4672,0.270059578028115,FALSE,731,731
4673,1.06713532118701,TRUE,573,834
4674,0.388143801506102,FALSE,694,694
4675,-0.108270386698755,TRUE,379,255
4676,0.750488542155902,FALSE,405,405
4677,-1.10331774675753,TRUE,288,525
4678,-1.43268242639769,FALSE,742,742
4679,-0.631153638334791,FALSE,954,954
4680,0.263617951041476,FALSE,589,589
4681,-0.413688070505232,FALSE,952,952
4682,-0.465118741895463,FALSE,721,721
4683,0.920851504045787,FALSE,287,287
4684,-0.502192713878502,FALSE,473,473
4685,0.974456871806679,FALSE,183,183
4686,-0.772935917727367,FALSE,611,611
4687,-0.256483362676748,FALSE,124,124
4688,-0.826313344778546,FALSE,374,374
4689,-0.426199321602835,FALSE,40,40
4690,-1.16169686834141,TRUE,275,249
4691,0.446986972332676,FALSE,415,415
4692,1.18231429883526,FALSE,442,442
4693,0.283358694174729,TRUE,215,651
4694,1.71226784466114,TRUE,768,228
4695,-1.64010000474981,FALSE,340,340
4696,-0.751552073945755,FALSE,209,209
4697,0.524644402691181,FALSE,668,668
4698,0.633379288392583,TRUE,439,590
4699,0.32699671904924,FALSE,71,71
4700,1.74568499211517,FALSE,811,811
4701,1.67538956644338,TRUE,248,516
4702,-1.4593043614019,FALSE,526,526
4703,-0.417404252867921,FALSE,771,771
4704,-1.43403337067262,FALSE,573,573
4705,-1.03077397230637,FALSE,89,89
4706,0.248256394147199,FALSE,170,170
4707,0.351407773967145,TRUE,749,420
4708,-0.780451694935575,TRUE,274,758
4709,0.301600444867741,FALSE,135,135
4710,-0.727835428176207,TRUE,278,556
4711,0.249413868883769,FALSE,540,540
4712,0.113145255522151,TRUE,163,298
4713,-0.284012580696411,FALSE,93,93
4714,-0.960092462975384,FALSE,763,763
4715,-0.465325060092531,FALSE,759,759
4716,0.491146204122848,FALSE,793,793
4717,-0.494181843877065,TRUE,872,461
4718,-0.325507791607574,FALSE,408,408
4719,-1.06976068195843,TRUE,453,405
4720,-0.434114796822793,FALSE,262,262
4721,-0.0248566438012168,FALSE,936,936
4722,-0.729108845461425,FALSE,875,875
4723,-0.38271233932852,FALSE,794,794
4724,-1.10069412034449,FALSE,556,556
4725,0.749164757240454,FALSE,462,462
4726,2.20977517791002,FALSE,541,541
4727,-0.425230228920035,FALSE,789,789
4728,0.4666662872896,FALSE,456,456
4729,1.58196744706869,FALSE,972,972
4730,-0.384444162472612,FALSE,904,904
4731,-0.389164984085092,TRUE,509,207
4732,0.647275142770483,TRUE,875,33
4733,-0.952345799282998,FALSE,916,916
4734,-0.173136503089637,FALSE,980,980
4735,-0.55316507526113,FALSE,710,710
4736,-0.967837023816664,FALSE,310,310
4737,0.420695958687057,FALSE,234,234
4738,-0.13881389317545,FALSE,579,579
4739,2.1695257924131,TRUE,281,337
4740,-2.84301789503408,FALSE,717,717
4741,0.645281929502748,FALSE,907,907
4742,-0.821321707080598,FALSE,432,432
4743,-0.286229169578084,FALSE,12,12
4744,-1.08880098387599,FALSE,401,401
4745,0.578400488855279,TRUE,332,878
4746,1.35541776928185,FALSE,530,530
4747,0.489112200603266,FALSE,942,942
4748,-0.911856524356647,TRUE,582,39
4749,1.61447746884251,FALSE,921,921
4750,-0.163726665585519,FALSE,825,825
4751,0.178738701781817,TRUE,124,77
4752,-0.0492386288291378,FALSE,597,597
4753,-0.215800723580408,TRUE,851,744
4754,0.0809770830406314,TRUE,798,403
4755,-1.03055273658386,FALSE,383,383
4756,1.15321130232285,FALSE,77,77
4757,0.646328884938565,FALSE,535,535
4758,0.0788285553783438,FALSE,455,455
4759,0.945405729852455,FALSE,999,999
4760,-1.22214879072262,FALSE,556,556
4761,1.08512896360543,TRUE,780,816
4762,0.212001873527642,FALSE,227,227
4763,0.503221026911538,TRUE,138,194
4764,-0.455711994077975,FALSE,814,814
4765,-0.782293586541174,TRUE,162,603
4766,-0.54620305037046,FALSE,940,940
4767,1.03625304627522,TRUE,806,672
4768,1.09077665503263,FALSE,792,792
4769,1.55487239810675,FALSE,841,841
4770,-0.0619972054953878,FALSE,289,289
4771,-0.756056442753469,FALSE,37,37
4772,1.47246617375261,TRUE,119,878
4773,-1.55194489509854,FALSE,746,746
4774,-0.15888537828916,TRUE,638,109
4775,0.603257019789009,TRUE,951,169
4776,-1.16228473907955,TRUE,906,445
4777,-1.56009578379087,FALSE,307,307
4778,0.489185585613409,TRUE,220,485
4779,1.62105050747679,TRUE,111,349
4780,-0.714736528438557,FALSE,843,843
4781,-0.686687437166656,TRUE,179,647
4782,-0.941603766118093,FALSE,245,245
4783,1.48472599900393,FALSE,786,786
4784,-0.707935194370652,FALSE,542,542
4785,-0.837443806426317,FALSE,753,753
4786,-0.804029989369464,FALSE,5,5
4787,-0.58790398966908,FALSE,561,561
4788,-0.597717941949531,FALSE,504,504
4789,0.606447474560152,FALSE,78,78
4790,0.301728112720811,FALSE,940,940
4791,0.474748254024927,FALSE,136,136
4792,-0.63020028988294,FALSE,330,330
4793,0.724514310071569,TRUE,652,159
4794,-3.04313484257759,FALSE,999,999
4795,1.12770217136719,FALSE,709,709
4796,0.199846383343375,FALSE,255,255
4797,-0.405102186288378,TRUE,63,841
4798,0.475527499245612,FALSE,310,310
4799,-1.22312208393652,FALSE,210,210
4800,-0.632713554588276,TRUE,951,696
4801,0.109171617679726,TRUE,651,200
4802,-1.5625565841361,TRUE,242,836
4803,-0.040245432814847,FALSE,758,758
4804,-0.0363299297187298,TRUE,596,25
4805,-0.278925581491909,FALSE,466,466
4806,-1.29312944937939,TRUE,175,854
4807,1.16680080614526,FALSE,832,832
4808,-1.48537404711266,FALSE,462,462
4809,-1.47712041031981,FALSE,574,574
4810,-0.58264035626689,FALSE,397,397
4811,1.54930379091226,FALSE,84,84
4812,0.10688293076497,TRUE,526,214
4813,0.259566728752779,FALSE,884,884
4814,-0.215988701887296,FALSE,528,528
4815,0.270847411651089,FALSE,355,355
4816,0.633189247403892,FALSE,418,418
4817,0.707469331514634,FALSE,13,13
4818,1.37068146839201,FALSE,605,605
4819,-0.778056134077629,FALSE,504,504
4820,-0.158113544897406,FALSE,164,164
4821,0.413538663207615,TRUE,137,598
4822,0.825075725328577,FALSE,18,18
4823,-0.333022248776666,TRUE,33,233
4824,0.650773965410399,FALSE,309,309
4825,-0.548452682937463,TRUE,813,414
4826,-0.341476452668467,FALSE,626,626
4827,1.01214376625149,FALSE,260,260
4828,-1.88275450185253,TRUE,954,831
4829,0.221546740723215,FALSE,438,438
4830,0.925939991622145,FALSE,645,645
4831,-0.344776981722618,TRUE,805,466
4832,0.624855729729621,TRUE,546,648
4833,-0.706496293740966,FALSE,445,445
4834,0.171207414363386,FALSE,704,704
4835,0.00977875691569576,FALSE,352,352
4836,-0.0285917181661211,FALSE,113,113
4837,-1.27578726414557,FALSE,675,675
4838,-0.162588041070684,FALSE,727,727
4839,-0.813952668017409,FALSE,568,568
4840,-0.35960728144336,FALSE,956,956
4841,1.02424399526782,FALSE,394,394
4842,-0.5665925820569,FALSE,602,602
4843,-0.0327291610703558,FALSE,395,395
4844,0.103023621831118,FALSE,907,907
4845,-0.189466034412415,FALSE,852,852
4846,0.806090490556974,FALSE,951,951
4847,-0.0424478238394652,FALSE,99,99
4848,0.154898225663518,FALSE,976,976
4849,-0.890281200482892,FALSE,685,685
4850,-0.382259076212963,TRUE,170,841
4851,-0.647004432024831,FALSE,938,938
4852,0.474278292025528,FALSE,46,46
4853,1.15152892329233,TRUE,572,466
4854,-0.460631493696267,FALSE,251,251
4855,-2.21526238484571,TRUE,494,418
4856,-0.845512772514131,TRUE,9,934
4857,-0.934275894673734,TRUE,214,801
4858,1.18075478725766,FALSE,838,838
4859,0.142993683957656,FALSE,460,460
4860,1.56473745939815,FALSE,377,377
4861,0.400904127545379,FALSE,675,675
4862,-1.54755722071225,FALSE,215,215
4863,0.494910618258433,FALSE,998,998
4864,-0.74785389485066,FALSE,204,204
4865,0.000603359390358705,FALSE,315,315
4866,-0.101653371124766,TRUE,6,359
4867,-0.144058142629655,FALSE,40,40
4868,-0.331369056733852,FALSE,644,644
4869,1.92120815461321,TRUE,96,924
4870,1.5098548579768,FALSE,17,17
4871,-0.889284398071151,FALSE,884,884
4872,0.198680207047596,TRUE,388,82
4873,1.15136467995391,FALSE,432,432
4874,1.10252557067069,FALSE,27,27
4875,-0.895383046063281,FALSE,831,831
4876,1.4098008988475,FALSE,656,656
4877,-0.70459579703588,FALSE,559,559
4878,0.126642533268377,FALSE,417,417
4879,0.168755803793434,FALSE,519,519
4880,-1.9199911245538,FALSE,724,724
4881,-0.133307420233706,TRUE,184,954
4882,-2.10038657301994,FALSE,136,136
4883,-1.96633850418178,FALSE,535,535
4884,0.320515432417219,TRUE,875,439
4885,0.341243420633991,TRUE,527,938
4886,0.974334700699356,FALSE,503,503
4887,0.379546198219388,FALSE,52,52
4888,-0.673769295614138,FALSE,692,692
4889,-0.800727074103756,FALSE,28,28
4890,0.804554506792211,FALSE,124,124
4891,1.45103564875772,TRUE,716,732
4892,0.798793711024647,FALSE,225,225
4893,0.21692478937968,FALSE,420,420
4894,-0.0689971962824077,TRUE,676,257
4895,1.6284169621075,FALSE,994,994
4896,-2.49168698142231,TRUE,903,794
4897,0.99290910096881,FALSE,764,764
4898,-0.167695281953007,FALSE,967,967
4899,-1.12710117964319,TRUE,879,929
4900,0.836662040400748,TRUE,386,802
4901,-0.980278646483449,TRUE,60,435
4902,0.344005988229784,FALSE,674,674
4903,0.185534561177573,FALSE,294,294
4904,0.141199612995274,TRUE,989,767
4905,-1.85209740277942,TRUE,838,165
4906,0.162420018098686,FALSE,876,876
4907,-0.493178962831244,FALSE,810,810
4908,-0.70378506653743,FALSE,944,944
4909,-1.18362070634854,FALSE,93,93
4910,-1.1386981820339,FALSE,45,45
4911,-0.84560346853087,FALSE,713,713
4912,1.24699040807504,FALSE,120,120
4913,0.695165011889778,TRUE,951,668
4914,0.27483248030804,FALSE,439,439
4915,1.71648527264982,FALSE,344,344
4916,1.61208119736512,FALSE,847,847
4917,0.902960768100829,FALSE,870,870
4918,-1.18344198624181,FALSE,130,130
4919,1.43308002390937,FALSE,423,423
4920,-0.202126635484378,FALSE,696,696
4921,-0.242671297917503,FALSE,278,278
4922,0.237540119595662,TRUE,953,730
4923,0.0629377155423012,TRUE,456,281
4924,-0.493880053554895,FALSE,131,131
4925,0.684869475041558,TRUE,209,535
4926,-0.48204249043091,TRUE,871,883
4927,-0.564795167351673,FALSE,278,278
4928,-0.254293407504726,FALSE,526,526
4929,-0.759682871256907,FALSE,870,870
4930,0.153682006360345,FALSE,531,531
4931,-0.0972534984139286,FALSE,423,423
4932,-0.295900576371233,FALSE,370,370
4933,0.463791381562935,FALSE,157,157
4934,-1.82483093838315,FALSE,168,168
4935,0.252441911929357,FALSE,783,783
4936,0.901248254480784,FALSE,611,611
4937,0.880440689856259,FALSE,729,729
4938,2.23177009882985,FALSE,230,230
4939,-0.639834830368802,FALSE,207,207
4940,-0.980103654491157,TRUE,416,623
4941,0.326097975989528,TRUE,215,435
4942,-1.68526239503335,FALSE,416,416
4943,1.21069157198561,TRUE,293,755
4944,-1.04711359062743,FALSE,121,121
4945,0.438546775700866,FALSE,356,356
4946,-0.33780518841252,TRUE,352,948
4947,-2.37947638574379,FALSE,597,597
4948,0.259344892403064,FALSE,133,133
4949,-1.10300468277767,FALSE,65,65
4950,0.922301059107954,FALSE,385,385
4951,-2.45149100964402,FALSE,554,554
4952,-0.131003819224936,FALSE,141,141
4953,-1.05339701036674,FALSE,78,78
4954,1.12716590131421,FALSE,502,502
4955,-0.727834639228733,TRUE,238,243
4956,0.935340589208178,FALSE,465,465
4957,-0.468292103835751,FALSE,274,274
4958,0.12982106876817,FALSE,503,503
4959,1.46235284119442,FALSE,425,425
4960,-0.682169375643072,FALSE,697,697
4961,1.81861838674073,FALSE,428,428
4962,0.986158368247289,TRUE,166,196
4963,1.28460132176685,FALSE,742,742
4964,-2.24640056940028,FALSE,732,732
4965,-0.168516631588257,FALSE,905,905
4966,-1.46661662751573,FALSE,153,153
4967,0.759275035989203,FALSE,625,625
4968,1.22277702922995,TRUE,130,15
4969,-0.617535389141603,FALSE,878,878
4970,-0.511773942223519,FALSE,225,225
4971,-1.62158019298443,FALSE,210,210
4972,0.790937635334595,FALSE,299,299
4973,1.46152195521853,TRUE,958,161
4974,-1.69993221571343,FALSE,770,770
4975,-1.81251474524571,TRUE,81,573
4976,1.14414109742141,TRUE,681,776
4977,1.34854185723644,FALSE,488,488
4978,0.371556455073257,FALSE,697,697
4979,0.242249032302166,FALSE,825,825
4980,-0.621258548098154,FALSE,696,696
4981,0.339038070553804,FALSE,174,174
4982,-0.452140126031672,FALSE,237,237
4983,2.04323321252589,TRUE,927,635
4984,-0.449337685075739,FALSE,708,708
4985,-3.13738452799538,FALSE,943,943
4986,0.499962209076086,FALSE,727,727
4987,-1.25714158968218,FALSE,264,264
4988,0.822761428159943,TRUE,394,816
4989,-1.54609608135241,FALSE,67,67
4990,-0.258780758988273,FALSE,803,803
4991,0.390407377124082,TRUE,667,710
4992,-0.197270203079809,FALSE,733,733
4993,-1.94694947947191,TRUE,543,246
4994,-1.42763817341705,FALSE,527,527
4995,-0.850418042257596,FALSE,295,295
4996,1.62446909297786,FALSE,612,612
4997,-0.126638161398654,FALSE,723,723
4998,1.27560202747805,TRUE,124,398
4999,0.179496176715821,FALSE,217,217
5000,-0.494173879373619,FALSE,117,117
5001,1.12759346616907,FALSE,153,153
5002,-1.14694954858439,FALSE,789,789
5003,1.48101859708601,FALSE,251,251
5004,0.916191212458402,TRUE,528,970
5005,0.335131017104748,FALSE,923,923
5006,0.57467532847443,FALSE,245,245
5007,0.203619661886632,FALSE,648,648
5008,-0.447041192021587,FALSE,648,648
5009,-0.34352592755542,FALSE,952,952
5010,-0.60383579647081,TRUE,258,563
5011,1.23867251847222,TRUE,519,984
5012,0.599492053306319,FALSE,587,587
5013,-0.108733757596266,FALSE,869,869
5014,-1.13885696475289,FALSE,332,332
5015,0.319855338558353,FALSE,938,938
5016,-1.0065481340292,FALSE,169,169
5017,-0.851612042829978,FALSE,194,194
5018,2.03878604469939,TRUE,608,817
5019,-1.39598222358437,FALSE,846,846
5020,-0.882994997402491,FALSE,363,363
5021,-0.580806129900227,FALSE,483,483
5022,-0.595755686765138,TRUE,927,835
5023,-1.12552538199284,FALSE,955,955
5024,-0.187725488793352,FALSE,102,102
5025,-1.0380420431511,TRUE,873,809
5026,1.34246054657364,FALSE,77,77
5027,0.123512925286392,FALSE,133,133
5028,0.858147790153634,FALSE,34,34
5029,-1.40542792339272,FALSE,778,778
5030,-0.0144570974007778,FALSE,700,700
5031,0.545575680865128,FALSE,167,167
5032,0.0981120890176681,FALSE,60,60
5033,0.0175966291792284,FALSE,653,653
5034,-1.03428012006976,FALSE,721,721
5035,-0.628717129629501,FALSE,375,375
5036,-0.404901407269793,FALSE,463,463
5037,-0.802371216259799,FALSE,280,280
5038,0.763807156156157,TRUE,974,82
5039,1.75961293587004,FALSE,325,325
5040,1.31518008174595,FALSE,508,508
5041,0.422840228773344,FALSE,784,784
5042,-0.118307690254848,FALSE,979,979
5043,0.576005728308136,FALSE,877,877
5044,-0.788614207390695,FALSE,262,262
5045,0.264917112495371,TRUE,523,838
5046,0.166466198021097,FALSE,685,685
5047,-2.34502321435256,FALSE,382,382
5048,1.89663701960685,FALSE,817,817
5049,-1.33156143483864,FALSE,320,320
5050,-2.62587763955897,FALSE,132,132
5051,-0.000342472147151789,FALSE,763,763
5052,0.107412294687636,FALSE,458,458
5053,-0.0080054312303214,FALSE,828,828
5054,0.140564613848128,TRUE,588,470
5055,-1.18492733798134,TRUE,576,878
5056,0.592497104156848,FALSE,67,67
5057,1.38068758134306,FALSE,801,801
5058,-0.838728583550592,TRUE,88,425
5059,0.30587423629278,TRUE,175,790
5060,-0.270900317647183,TRUE,342,178
5061,-0.060785904550875,FALSE,294,294
5062,0.975708454860259,FALSE,986,986
5063,0.277768209440347,TRUE,778,914
5064,1.93184106588039,TRUE,401,46
5065,-0.332290606474839,TRUE,407,701
5066,1.48194329316471,FALSE,650,650
5067,-0.455655564121926,FALSE,997,997
5068,-0.231322401662488,TRUE,716,427
5069,-0.32711762721469,TRUE,178,36
5070,0.287902029979113,TRUE,236,743
5071,0.466534226807171,FALSE,516,516
5072,0.145161086801629,FALSE,10,10
5073,0.599325334115896,FALSE,659,659
5074,-0.781932342398934,FALSE,360,360
5075,-0.238878516187315,TRUE,852,928
5076,0.652135347242971,FALSE,883,883
5077,1.03807857111819,TRUE,612,399
5078,0.338341102765029,FALSE,2,2
5079,0.709389825515823,TRUE,84,439
5080,0.840061158464551,FALSE,637,637
5081,0.609308995068682,FALSE,175,175
5082,-0.223717667477607,FALSE,209,209
5083,-0.164343918304594,FALSE,788,788
5084,0.621993832386204,FALSE,850,850
5085,-0.45538382362054,FALSE,769,769
5086,-0.131983757227639,TRUE,668,972
5087,-0.0918070082042202,TRUE,694,822
5088,-1.58680900679091,TRUE,555,970
5089,0.334188898006935,FALSE,563,563
5090,0.570006842576199,TRUE,754,568
5091,-0.0611033670381328,FALSE,639,639
5092,1.79406719994437,TRUE,935,789
5093,-0.175782369169236,FALSE,6,6
5094,0.578799236784286,FALSE,395,395
5095,0.53259812823823,FALSE,631,631
5096,0.784679057850198,TRUE,796,721
5097,0.4177120868164,TRUE,853,178
5098,-0.191280580464146,FALSE,373,373
5099,0.563353249160496,FALSE,802,802
5100,0.253522340813204,FALSE,423,423
5101,0.24352214016804,TRUE,449,353
5102,0.719590249915119,FALSE,963,963
5103,0.772732980235113,TRUE,808,178
5104,-0.00852286427622694,FALSE,504,504
5105,-0.389069154981751,FALSE,357,357
5106,1.32823335412769,FALSE,753,753
5107,0.0530125522622219,TRUE,651,871
5108,-0.376265157965668,FALSE,981,981
5109,-0.946238346878203,TRUE,709,675
5110,0.26998948330947,TRUE,41,199
5111,0.387150587324501,TRUE,220,915
5112,-1.1380526011713,FALSE,400,400
5113,-1.34835448953457,TRUE,257,768
5114,0.184197119538614,TRUE,405,447
5115,-0.818899655331007,FALSE,972,972
5116,1.34861529998307,TRUE,324,933
5117,-1.10719940407301,FALSE,747,747
5118,-1.54890311450311,TRUE,604,773
5119,-0.0698479401103959,FALSE,837,837
5120,0.468005090421516,FALSE,919,919
5121,0.156881145749739,FALSE,111,111
5122,-0.120859637284792,FALSE,356,356
5123,0.378800825326744,FALSE,671,671
5124,-0.768385643943707,FALSE,586,586
5125,0.226991933442807,FALSE,429,429
5126,-0.833687266772298,TRUE,840,393
5127,-0.804394854725982,FALSE,47,47
5128,0.106715468591871,FALSE,156,156
5129,0.411464908515078,FALSE,973,973
5130,-0.869121565044251,FALSE,109,109
5131,-1.5509775524795,FALSE,12,12
5132,-1.02634997767561,FALSE,318,318
5133,-2.00020298785555,FALSE,465,465
5134,0.129017185333089,TRUE,640,773
5135,0.584768770263072,FALSE,279,279
5136,1.80192914517347,FALSE,285,285
5137,-0.894728381387209,FALSE,971,971
5138,-0.47253781279156,FALSE,670,670
5139,-0.108508800819902,FALSE,929,929
5140,0.237583034706238,FALSE,566,566
5141,-0.798348314380711,FALSE,164,164
5142,0.929332179663478,FALSE,61,61
5143,-0.379689160135705,FALSE,681,681
5144,0.985170574488639,FALSE,605,605
5145,-1.62921830722764,TRUE,357,595
5146,-0.162234665329609,TRUE,471,731
5147,0.345774730922208,FALSE,542,542
5148,-0.492190924375357,FALSE,538,538
5149,-0.478686769821278,TRUE,782,374
5150,-0.637734260110071,FALSE,556,556
5151,0.103420706841276,FALSE,470,470
5152,1.26229835926168,FALSE,103,103
5153,-1.02429911136656,FALSE,108,108
5154,-0.0990034590490781,FALSE,9,9
5155,-0.482566864635336,FALSE,359,359
5156,1.41320322147466,FALSE,891,891
5157,1.9277281824019,FALSE,897,897
5158,0.500733127839078,FALSE,540,540
5159,0.0663108751126725,FALSE,143,143
5160,1.36624980298819,FALSE,132,132
5161,-0.461615131638163,FALSE,733,733
5162,-0.056820381470355,FALSE,301,301
5163,1.05022857914546,FALSE,956,956
5164,0.10571373539749,FALSE,834,834
5165,-0.475412846638052,FALSE,702,702
5166,0.184986351845422,FALSE,398,398
5167,-0.447633825506989,FALSE,748,748
5168,1.86991842288677,FALSE,535,535
5169,-0.38322360709269,FALSE,21,21
5170,0.940762582355678,TRUE,803,933
5171,0.00114037939802183,FALSE,121,121
5172,1.33035103673469,FALSE,19,19
5173,0.930724347311392,FALSE,613,613
5174,-0.648756927555097,TRUE,4,657
5175,0.282057595472141,TRUE,182,227
5176,-0.145816428129493,TRUE,462,299
5177,0.502782858153291,TRUE,761,601
5178,-0.0463609106163997,FALSE,544,544
5179,0.470334653258416,FALSE,176,176
5180,-0.116979104080516,FALSE,692,692
5181,0.955642402601893,TRUE,995,107
5182,0.313166943227935,FALSE,594,594
5183,-1.31586542685489,FALSE,888,888
5184,-0.0207296794375628,FALSE,312,312
5185,-0.336662904733371,FALSE,954,954
5186,1.11643673864278,FALSE,742,742
5187,-1.15166933686074,FALSE,206,206
5188,-2.04499496770188,TRUE,436,80
5189,0.467675329647353,FALSE,507,507
5190,0.941962064122669,FALSE,11,11
5191,0.452910356116704,FALSE,18,18
5192,1.35278265051485,FALSE,90,90
5193,0.901955687705,FALSE,739,739
5194,-0.930310131580784,FALSE,493,493
5195,0.930524994346825,FALSE,723,723
5196,-0.588776640838963,TRUE,651,366
5197,1.1050875580454,FALSE,155,155
5198,0.992881907632339,FALSE,854,854
5199,-0.0497880401457014,FALSE,578,578
5200,1.06793715834658,FALSE,386,386
5201,-0.267897522190875,FALSE,872,872
5202,1.01100559908234,TRUE,549,521
5203,-2.30643455019036,FALSE,202,202
5204,-1.05139227913831,TRUE,371,401
5205,0.14755742455189,TRUE,299,563
5206,-0.510659669728227,FALSE,280,280
5207,-2.66795823659219,FALSE,626,626
5208,-0.835230624377586,FALSE,623,623
5209,1.61395858579347,TRUE,946,456
5210,-1.20877889007238,TRUE,204,907
5211,0.166938041160069,FALSE,368,368
5212,-0.493898645223734,FALSE,925,925
5213,0.0183160017591458,FALSE,0,0
5214,-0.177364947696921,FALSE,98,98
5215,-0.135914238141756,FALSE,265,265
5216,-0.122508155169796,TRUE,916,697
5217,-2.17699358942494,FALSE,839,839
5218,0.000559584625123736,TRUE,36,383
5219,0.12835196484847,FALSE,76,76
5220,0.412336687584628,FALSE,639,639
5221,1.36723917292648,FALSE,776,776
5222,0.0367601401988459,FALSE,79,79
5223,0.270771895991867,TRUE,316,452
5224,-1.42765630977467,FALSE,420,420
5225,0.0995746809256668,FALSE,600,600
5226,-1.55545187835766,FALSE,953,953
5227,1.9984893050234,FALSE,14,14
5228,-0.357022568847804,FALSE,491,491
5229,0.352160890026348,FALSE,899,899
5230,0.441335798429958,FALSE,467,467
5231,-1.30749298175472,TRUE,143,728
5232,0.466880857399669,FALSE,412,412
5233,-1.07289994496582,TRUE,64,73
5234,0.458505667493202,FALSE,205,205
5235,-0.618805090882675,FALSE,682,682
5236,-0.679937391524609,TRUE,595,300
5237,0.414206182097416,TRUE,582,112
5238,0.366427285746921,FALSE,805,805
5239,-0.248906664495431,TRUE,189,655
5240,-0.736329424522719,FALSE,429,429
5241,0.194005755434863,TRUE,729,75
5242,-0.0487537818800853,FALSE,389,389
5243,0.95950047987295,FALSE,644,644
5244,-0.632083935907471,TRUE,727,16
5245,-0.123067474017374,FALSE,903,903
5246,2.2707832168022,FALSE,257,257
5247,-1.28391642562985,FALSE,452,452
5248,0.317251422360256,FALSE,633,633
5249,0.410650514231095,FALSE,669,669
5250,-0.448890499888346,FALSE,755,755
5251,-0.709676063028738,TRUE,275,442
5252,-1.45720406104054,FALSE,763,763
5253,-1.41759645000403,FALSE,69,69
5254,-0.264020690520718,FALSE,968,968
5255,1.2527868090458,FALSE,182,182
5256,0.0537076840986283,FALSE,51,51
5257,1.54571970712446,FALSE,305,305
5258,-0.602236288764586,FALSE,543,543
5259,0.578602600231311,FALSE,666,666
5260,0.124398605835855,TRUE,68,984
5261,0.362650090922231,FALSE,225,225
5262,0.205401537908923,FALSE,575,575
5263,0.777727573620664,FALSE,853,853
5264,-0.00773183144031521,FALSE,367,367
5265,0.968502349122963,FALSE,817,817
5266,0.490184917432232,FALSE,980,980
5267,-0.00953732033365802,FALSE,55,55
5268,-0.112809987537774,FALSE,348,348
5269,-1.27667121119404,FALSE,522,522
5270,-0.648600599019153,FALSE,956,956
5271,-0.263307562979625,FALSE,483,483
5272,0.935634309069237,FALSE,16,16
5273,0.791319019046477,FALSE,12,12
5274,-0.806275012776523,FALSE,73,73
5275,-0.476322723291209,TRUE,10,970
5276,1.73713939902695,TRUE,28,636
5277,-1.41251709469622,FALSE,423,423
5278,0.179352063176733,FALSE,693,693
5279,0.277655959574592,FALSE,672,672
5280,-0.501703223407696,FALSE,645,645
5281,-1.37249045907921,FALSE,242,242
5282,-0.393517451126126,FALSE,866,866
5283,2.68852433056933,TRUE,727,234
5284,-0.10976677752305,FALSE,520,520
5285,-0.223120966205164,FALSE,482,482
5286,0.179366928287778,FALSE,739,739
5287,-1.1688159402078,TRUE,127,270
5288,0.751196527199891,FALSE,744,744
5289,0.719396102982843,FALSE,452,452
5290,-0.348145175404448,FALSE,651,651
5291,0.0593338459343979,TRUE,714,812
5292,-0.50503847808422,FALSE,234,234
5293,0.689891731427373,FALSE,671,671
5294,-1.6587787733223,TRUE,172,188
5295,-0.22225099823374,FALSE,102,102
5296,0.623421655165673,FALSE,439,439
5297,1.6873364383445,FALSE,499,499
5298,-0.908501501508117,FALSE,96,96
5299,-1.11862209635986,FALSE,806,806
5300,-0.108211010065327,FALSE,632,632
5301,-0.0575192355285753,FALSE,690,690
5302,0.758042251915415,FALSE,544,544
5303,-0.114388107013693,FALSE,746,746
5304,-0.574018283429559,FALSE,377,377
5305,1.88993924526386,FALSE,390,390
5306,-0.329153039991464,FALSE,321,321
5307,0.880877843181363,TRUE,750,180
5308,0.744416337659274,FALSE,681,681
5309,-0.439742707587809,FALSE,348,348
5310,1.66243635837573,FALSE,968,968
5311,-1.15579864674893,FALSE,279,279
5312,-0.937738738780248,FALSE,466,466
5313,1.16712179904481,TRUE,976,417
5314,-1.55745823944199,FALSE,774,774
5315,0.637357198884172,FALSE,913,913
5316,0.197449515466589,FALSE,882,882
5317,0.739473320762706,FALSE,701,701
5318,0.781435892320192,TRUE,480,563
5319,-0.665550918985606,FALSE,405,405
5320,-0.684422309402987,TRUE,93,66
5321,0.814295613579638,TRUE,790,681
5322,0.888384026333753,FALSE,790,790
5323,-1.11367173348657,TRUE,776,820
5324,-1.23189169431553,FALSE,459,459
5325,-1.07465982098932,FALSE,366,366
5326,-0.0147790602894336,TRUE,869,900
5327,-0.0210603638865698,FALSE,631,631
5328,2.32759188427814,TRUE,949,910
5329,0.537578617769642,FALSE,667,667
5330,-0.150933762659666,FALSE,480,480
5331,-0.52794019949943,FALSE,169,169
5332,-0.535056473700789,FALSE,42,42
5333,-0.619871253094749,FALSE,974,974
5334,-1.09414715458447,FALSE,258,258
5335,0.174764410984371,FALSE,949,949
5336,-3.18918610643503,FALSE,399,399
5337,-1.16944424186678,FALSE,417,417
5338,0.991563499846736,FALSE,672,672
5339,0.149196928334611,FALSE,865,865
5340,0.554631070423332,FALSE,708,708
5341,-0.589690702483591,TRUE,239,525
5342,1.40956455320645,TRUE,96,799
5343,-0.297443677420138,FALSE,287,287
5344,0.587354813049546,FALSE,852,852
5345,0.0136732767186403,TRUE,986,175
5346,0.479094516876518,TRUE,542,203
5347,-0.441453852528097,FALSE,647,647
5348,1.24400780549596,TRUE,390,651
5349,-0.517633734430542,FALSE,801,801
5350,2.85993663383948,FALSE,129,129
5351,-0.161728735063498,FALSE,380,380
5352,0.126126493805749,TRUE,11,20
5353,-0.620143602752065,FALSE,817,817
5354,0.733028625007077,TRUE,530,919
5355,0.188879480095157,FALSE,115,115
5356,0.635331325238311,FALSE,303,303
5357,0.713170709295136,FALSE,798,798
5358,-0.768887741449215,FALSE,755,755
5359,0.825866376973109,FALSE,790,790
5360,-1.18988737780151,FALSE,175,175
5361,0.153363028470634,FALSE,467,467
5362,0.91262216735709,FALSE,278,278
5363,-1.59146442510994,FALSE,192,192
5364,-0.441399608592731,FALSE,428,428
5365,-0.402960952747705,TRUE,689,758
5366,-2.06230271816286,FALSE,262,262
5367,-0.20256487619833,FALSE,459,459
5368,1.40758868957049,FALSE,814,814
5369,-1.40739406899524,FALSE,997,997
5370,-1.09945170416749,TRUE,218,968
5371,-0.393075493057358,FALSE,506,506
5372,-0.059463044387427,FALSE,236,236
5373,0.104925407257234,FALSE,404,404
5374,0.1889952180983,FALSE,100,100
5375,-0.278202451547745,FALSE,218,218
5376,2.35919691735473,TRUE,486,343
5377,-0.447634538850182,TRUE,272,397
5378,-1.33535669978886,TRUE,698,84
5379,-1.56478148601421,TRUE,880,679
5380,-0.199479557107137,FALSE,767,767
5381,-0.539683716567268,FALSE,580,580
5382,1.04956872035465,TRUE,64,723
5383,-0.187191431582002,TRUE,822,938
5384,0.0792020596796242,TRUE,555,59
5385,-1.6176529989762,FALSE,914,914
5386,-0.239937983315595,FALSE,886,886
5387,-0.271886923602991,FALSE,416,416
5388,-1.40303650902349,FALSE,607,607
5389,-0.912951650028496,FALSE,875,875
5390,-0.873191554689282,FALSE,628,628
5391,0.827193177842784,FALSE,325,325
5392,0.558026882514199,FALSE,588,588
5393,0.694424949975105,FALSE,504,504
5394,1.40582153073401,FALSE,226,226
5395,-0.321394590505842,TRUE,801,397
5396,1.18305691015126,FALSE,579,579
5397,-0.2657346736016,TRUE,174,443
5398,1.15617986844195,FALSE,890,890
5399,-1.25304602409505,FALSE,963,963
5400,-0.604202960843697,FALSE,892,892
5401,0.913415960766171,FALSE,337,337
5402,1.65745634787285,TRUE,963,613
5403,-0.038877583834506,FALSE,849,849
5404,-0.331291452184084,FALSE,741,741
5405,0.626066840821814,FALSE,72,72
5406,-0.120643584601851,FALSE,717,717
5407,0.0136256983844964,FALSE,558,558
5408,0.25221348444686,TRUE,656,508
5409,1.0895061399478,FALSE,195,195
5410,-1.06556590016621,FALSE,544,544
5411,-0.441254808830028,TRUE,482,268
5412,0.600319646411984,FALSE,452,452
5413,-2.14375790027801,FALSE,267,267
5414,1.29544315368299,TRUE,945,904
5415,-0.648599701013159,FALSE,817,817
5416,-1.04436247308976,FALSE,286,286
5417,0.167576337238251,TRUE,874,514
5418,2.23377741359153,FALSE,443,443
5419,-0.672281932964844,FALSE,842,842
5420,-1.49461631904507,TRUE,737,226
5421,-0.133160098464251,TRUE,47,383
5422,1.17023378386562,FALSE,646,646
5423,-0.277110287899165,FALSE,658,658
5424,0.599735644669966,FALSE,360,360
5425,1.15660906509776,FALSE,146,146
5426,-1.71383683975675,TRUE,685,744
5427,0.600073975344566,FALSE,784,784
5428,-0.517072254128232,FALSE,705,705
5429,-0.0595924608676152,FALSE,223,223
5430,2.24501021264297,FALSE,535,535
5431,0.252268328862678,FALSE,568,568
5432,0.810778900487395,TRUE,802,862
5433,-0.989657753295806,FALSE,648,648
5434,0.430177724937883,FALSE,370,370
5435,-0.123568108208646,FALSE,992,992
5436,-0.231929337704031,FALSE,881,881
5437,0.557947656995286,FALSE,302,302
5438,-1.50429536972134,FALSE,897,897
5439,1.39052776902899,TRUE,387,854
5440,2.28263600626824,FALSE,370,370
5441,-0.441200580779909,FALSE,806,806
5442,0.518804573838924,FALSE,134,134
5443,2.053861151768,FALSE,182,182
5444,-0.882059097299561,FALSE,227,227
5445,0.0471264794105824,FALSE,853,853
5446,2.30863463622962,FALSE,49,49
5447,-0.925260469371071,TRUE,938,143
5448,0.955478821523788,FALSE,509,509
5449,0.473501010253413,FALSE,186,186
5450,-0.363129456938101,FALSE,963,963
5451,0.361853678481415,TRUE,802,805
5452,-0.332192091893926,FALSE,620,620
5453,0.76038465906466,FALSE,134,134
5454,-0.509569485214936,FALSE,47,47
5455,-1.7571523211675,FALSE,440,440
5456,0.813197717806123,FALSE,597,597
5457,1.13232732088381,FALSE,812,812
5458,0.11153896347961,FALSE,310,310
5459,-0.830126638963554,TRUE,861,668
5460,-0.482590012721979,TRUE,52,719
5461,-1.31718431349308,FALSE,173,173
5462,-1.38737601474183,FALSE,338,338
5463,1.13239345345274,TRUE,873,920
5464,-2.05851452686204,FALSE,227,227
5465,0.558693499080777,FALSE,876,876
5466,-0.384175028057493,TRUE,969,710
5467,-1.32565555519199,FALSE,324,324
5468,-0.232507509578728,FALSE,458,458
5469,-0.189051299337589,TRUE,142,927
5470,1.2023016768504,FALSE,963,963
5471,2.39883323295012,TRUE,823,123
5472,1.82290899159925,FALSE,88,88
5473,1.6269914642286,TRUE,70,162
5474,1.61588635938788,TRUE,39,409
5475,0.92873539670628,FALSE,522,522
5476,-0.454516417334737,FALSE,721,721
5477,0.171172924613639,FALSE,321,321
5478,-1.53059525910518,FALSE,878,878
5479,-0.777832675853036,TRUE,953,203
5480,-0.873034514793412,TRUE,33,608
5481,-1.09017130238436,FALSE,646,646
5482,1.41265589165171,FALSE,639,639
5483,0.500047962609191,TRUE,586,783
5484,0.264507054731177,FALSE,378,378
5485,-0.0113266279824093,FALSE,902,902
5486,0.985935291656511,FALSE,915,915
5487,0.884637768598395,FALSE,682,682
5488,-0.904861863579162,FALSE,768,768
5489,-2.00382435143443,FALSE,126,126
5490,-1.17847443705294,FALSE,34,34
5491,-0.494871119028844,FALSE,547,547
5492,-0.00324293186600495,FALSE,75,75
5493,1.50340582686359,TRUE,615,814
5494,0.634769334875039,FALSE,304,304
5495,0.685444668607467,FALSE,454,454
5496,0.810478299570455,FALSE,710,710
5497,-0.130425767010414,TRUE,164,676
5498,-1.0740831668591,FALSE,451,451
5499,-0.897543254705905,FALSE,723,723
5500,-1.35723063236369,FALSE,253,253
5501,-1.29269780618488,FALSE,576,576
5502,-1.5172073063295,FALSE,395,395
5503,0.859176030743799,TRUE,213,929
5504,-1.21461753377647,TRUE,794,368
5505,0.619055380663752,FALSE,953,953
5506,2.34537993067925,FALSE,607,607
5507,-0.198027912485171,FALSE,608,608
5508,-0.184007671076338,TRUE,354,933
5509,0.838737527755983,FALSE,919,919
5510,-0.0145075459885022,FALSE,230,230
5511,-0.763833231605356,TRUE,423,874
5512,-1.41953834235091,FALSE,883,883
5513,0.0933118694913042,TRUE,785,273
5514,-0.427150503032877,TRUE,471,818
5515,0.392367468010024,TRUE,638,427
5516,0.282013838236583,FALSE,474,474
5517,1.29802839581992,TRUE,366,475
5518,0.600218839205042,FALSE,493,493
5519,1.13641129245042,TRUE,183,825
5520,0.0696744125654669,FALSE,960,960
5521,0.815918700985696,TRUE,296,290
5522,-0.247314784417699,TRUE,488,513
5523,-0.153636906688639,FALSE,887,887
5524,0.0746809416916121,TRUE,532,837
5525,-1.11026361719629,FALSE,977,977
5526,-1.20558448472509,TRUE,307,665
5527,-0.290661224565377,FALSE,126,126
5528,-1.40164554337845,FALSE,526,526
5529,0.095682588507896,FALSE,270,270
5530,0.798316598496388,FALSE,38,38
5531,-0.882446125897466,FALSE,204,204
5532,0.0519890587224565,FALSE,171,171
5533,-1.54098229380283,TRUE,41,114
5534,0.934875725666292,FALSE,715,715
5535,-0.357174502316491,TRUE,581,758
5536,1.53051861226007,TRUE,85,621
5537,0.0418094360662308,FALSE,762,762
5538,1.85985974779731,FALSE,832,832
5539,0.334886687130995,TRUE,187,889
5540,-0.18966487420983,FALSE,797,797
5541,1.01206499539579,FALSE,829,829
5542,0.529949314004044,TRUE,495,157
5543,-0.555519973414701,FALSE,433,433
5544,0.702250024275935,TRUE,888,341
5545,0.630873707780011,FALSE,273,273
5546,0.372917673711702,FALSE,724,724
5547,-0.356463580925087,TRUE,390,558
5548,-0.0502266005733623,FALSE,555,555
5549,0.878862808907991,FALSE,446,446
5550,1.12468748523873,FALSE,534,534
5551,0.297891244345568,FALSE,281,281
5552,-0.806874855635072,TRUE,159,424
5553,0.753812887631443,FALSE,587,587
5554,0.149893353102687,FALSE,670,670
5555,1.13737163177908,FALSE,273,273
5556,-1.60142605000689,FALSE,182,182
5557,-0.744160153516132,TRUE,589,127
5558,0.532656441337799,FALSE,499,499
5559,-1.35293498302923,TRUE,554,261
5560,2.74869116959292,FALSE,231,231
5561,-0.851797058411363,FALSE,489,489
5562,0.447210710627482,FALSE,50,50
5563,-1.72797425500649,FALSE,190,190
5564,2.20505144512363,FALSE,944,944
5565,0.725815431282296,FALSE,714,714
5566,-0.51390709879415,FALSE,585,585
5567,0.261131714601403,FALSE,456,456
5568,-0.710477164451562,FALSE,6,6
5569,-1.71944851395274,FALSE,326,326
5570,-1.08945880275189,FALSE,390,390
5571,-0.91141928834144,TRUE,870,248
5572,1.14134489632312,FALSE,949,949
5573,0.46620878824698,FALSE,585,585
5574,-0.370388308034412,FALSE,734,734
5575,-0.256257861475329,FALSE,755,755
5576,1.07226546534951,TRUE,14,558
5577,-1.00420325447998,FALSE,666,666
5578,0.599403302695779,TRUE,846,457
5579,-0.93436541172637,FALSE,283,283
5580,0.716653796030982,FALSE,386,386
5581,1.25694026298972,TRUE,41,204
5582,-0.437376196501637,TRUE,352,513
5583,0.456829687646366,FALSE,360,360
5584,-2.20555688955753,TRUE,293,692
5585,0.32384533359146,TRUE,258,228
5586,0.314399515561469,FALSE,594,594
5587,0.425633379045308,TRUE,693,323
5588,1.21633413359474,FALSE,71,71
5589,-0.953562424466381,FALSE,701,701
5590,1.39937560676313,FALSE,252,252
5591,-0.960676911927524,FALSE,667,667
5592,-1.63496455951146,FALSE,10,10
5593,2.20591227135873,FALSE,404,404
5594,0.816438255703914,FALSE,32,32
5595,0.763474905445859,FALSE,357,357
5596,0.631216956640548,TRUE,291,898
5597,-0.208711655187107,FALSE,260,260
5598,1.0086778109008,TRUE,470,647
5599,1.43596770416362,FALSE,871,871
5600,-1.56168905216946,FALSE,511,511
5601,-1.14302636105406,FALSE,1,1
5602,-0.722596593260511,FALSE,679,679
5603,0.525831634256913,TRUE,984,986
5604,-2.34414358896845,FALSE,275,275
5605,-0.157429480539448,FALSE,663,663
5606,-1.45085080828598,FALSE,8,8
5607,-0.345191700473056,TRUE,105,603
5608,-1.60699047340335,FALSE,974,974
5609,1.17045205316643,FALSE,299,299
5610,-0.276035101610547,FALSE,490,490
5611,-0.194705861996096,FALSE,304,304
5612,1.49209519404243,FALSE,646,646
5613,-0.864814897070758,TRUE,113,251
5614,-1.54656060462082,FALSE,753,753
5615,-0.619364751207047,FALSE,955,955
5616,-0.65272192246535,FALSE,45,45
5617,0.350356614408586,FALSE,288,288
5618,-0.315781872662742,FALSE,787,787
5619,-1.41119312519735,FALSE,964,964
5620,-0.183980050914444,FALSE,109,109
5621,0.596546581983446,FALSE,830,830
5622,-1.3434200966493,FALSE,657,657
5623,1.00097515418795,FALSE,469,469
5624,0.707530081680361,FALSE,714,714
5625,1.50048061976527,FALSE,976,976
5626,-0.327858920450055,FALSE,134,134
5627,0.422608450965959,FALSE,822,822
5628,-0.873192571887215,FALSE,69,69
5629,-0.25660425262195,FALSE,410,410
5630,-1.05387207492976,FALSE,936,936
5631,1.07547944244412,FALSE,949,949
5632,-1.44825998440898,FALSE,774,774
5633,0.614687715561384,FALSE,725,725
5634,-0.683645666438561,FALSE,243,243
5635,-1.04794090296014,FALSE,896,896
5636,1.46091767161603,FALSE,275,275
5637,0.106958230099858,FALSE,218,218
5638,0.333310370005277,FALSE,120,120
5639,0.194509270110642,TRUE,388,582
5640,0.6525788149475,TRUE,585,950
5641,1.47491837971606,TRUE,486,528
5642,0.0620263861899982,TRUE,13,746
5643,1.22091119465961,FALSE,65,65
5644,-2.34738248877123,FALSE,579,579
5645,0.630115626366462,FALSE,926,926
5646,0.422848197763899,TRUE,567,681
5647,0.180887564900774,FALSE,504,504
5648,0.127099437362762,FALSE,632,632
5649,-0.457625390723158,FALSE,409,409
5650,-0.623076067904706,FALSE,424,424
5651,1.0956475467052,FALSE,495,495
5652,-0.186656775348593,TRUE,957,130
5653,1.1814808095237,FALSE,381,381
5654,-0.386938795071383,FALSE,34,34
5655,-1.01348118369913,FALSE,76,76
5656,1.44656213577428,TRUE,468,139
5657,-0.0984901260055401,FALSE,500,500
5658,1.21728073293652,FALSE,192,192
5659,-1.23200347970807,TRUE,903,651
5660,0.357918034047249,FALSE,900,900
5661,-0.315700054170456,FALSE,532,532
5662,1.95405205583343,FALSE,30,30
5663,1.30768999356293,FALSE,43,43
5664,0.56028484440506,FALSE,38,38
5665,-0.506910722681421,FALSE,589,589
5666,0.983500789726302,TRUE,326,576
5667,0.721696856710964,TRUE,544,569
5668,-1.44674605812155,FALSE,959,959
5669,1.18797120323758,FALSE,383,383
5670,0.857005905130621,FALSE,905,905
5671,-0.187570257333689,TRUE,952,796
5672,2.3119814587379,TRUE,958,906
5673,0.952848473501362,TRUE,588,702
5674,-0.51392984207348,FALSE,22,22
5675,0.931140803824297,FALSE,670,670
5676,0.409298429359221,TRUE,768,847
5677,-0.174945594445712,FALSE,322,322
5678,-3.26214933439141,FALSE,148,148
5679,-0.431592781758358,FALSE,528,528
5680,0.0242896913459327,TRUE,163,437
5681,0.723395005549954,FALSE,180,180
5682,0.352631950240035,FALSE,906,906
5683,0.226745773671931,FALSE,370,370
5684,1.51321051827006,FALSE,184,184
5685,-0.0528913738717466,FALSE,705,705
5686,-1.05568097477355,FALSE,174,174
5687,-0.503527347822246,TRUE,223,87
5688,-0.184268914374016,FALSE,141,141
5689,-0.574685024548392,FALSE,843,843
5690,-1.86461704676392,TRUE,873,221
5691,0.595457863443718,FALSE,492,492
5692,0.79153174818635,TRUE,637,692
5693,-0.73615741607846,FALSE,980,980
5694,0.436223801710213,FALSE,228,228
5695,-0.315671972568024,FALSE,421,421
5696,-0.29538676478111,FALSE,403,403
5697,0.604118740562369,FALSE,886,886
5698,0.418114905071665,FALSE,622,622
5699,-0.583640669137996,FALSE,322,322
5700,-0.731893832404773,TRUE,86,117
5701,0.5433130211432,FALSE,173,173
5702,-0.999070001677223,FALSE,134,134
5703,-0.704287225146179,FALSE,317,317
5704,1.3831119600583,FALSE,308,308
5705,0.160304203231936,TRUE,414,375
5706,-0.443788859098143,TRUE,407,411
5707,-1.17789136221902,FALSE,822,822
5708,0.717310412342599,TRUE,354,634
5709,-0.553795211581469,FALSE,152,152
5710,0.0968815812460447,FALSE,299,299
5711,1.19012428295469,FALSE,205,205
5712,-0.219515587913003,FALSE,585,585
5713,1.03114925471145,FALSE,188,188
5714,-1.14609504368999,FALSE,734,734
5715,-1.7629072985395,TRUE,104,765
5716,0.327249969745338,FALSE,141,141
5717,1.19037838497796,TRUE,476,997
5718,-0.526348401440748,TRUE,881,101
5719,-0.255133994076784,FALSE,277,277
5720,0.92610990072109,FALSE,474,474
5721,-0.454611040789359,FALSE,63,63
5722,-1.12022151802517,FALSE,454,454
5723,-0.825764854661655,TRUE,120,186
5724,-0.172993634200965,FALSE,781,781
5725,-1.54881651115628,FALSE,734,734
5726,0.808753043765921,FALSE,204,204
5727,0.573994104339189,FALSE,35,35
5728,0.842630663866924,FALSE,345,345
5729,1.54553917409677,FALSE,585,585
5730,0.987465824766583,FALSE,320,320
5731,1.44799889338711,TRUE,417,736
5732,-0.350253492754211,FALSE,850,850
5733,1.16046817067689,FALSE,629,629
5734,-1.35011322691241,FALSE,614,614
5735,0.613491242490141,TRUE,438,633
5736,1.65794005899899,TRUE,206,32
5737,2.05741997137662,TRUE,719,185
5738,0.290955961767677,TRUE,328,925
5739,0.76451131462061,FALSE,935,935
5740,-1.07861899600018,FALSE,258,258
5741,-1.53376001755048,FALSE,284,284
5742,-0.0123408555423865,TRUE,771,390
5743,0.292900802591757,FALSE,32,32
5744,-0.13245101256043,FALSE,955,955
5745,-0.802389842175159,TRUE,839,714
5746,-1.22221536911531,TRUE,588,417
5747,0.941244193037909,FALSE,415,415
5748,1.0059799101164,TRUE,9,774
5749,-0.159137939752504,TRUE,983,641
5750,1.68109469214617,TRUE,773,233
5751,0.0153230091325226,FALSE,407,407
5752,0.977118793831966,TRUE,290,874
5753,-0.671403558254217,FALSE,951,951
5754,0.605766130429276,FALSE,822,822
5755,0.660152576360034,TRUE,991,470
5756,0.289679285846421,FALSE,519,519
5757,1.09095134492324,FALSE,892,892
5758,-0.133401966236383,TRUE,811,591
5759,-2.00607830967004,FALSE,436,436
5760,-0.336735245188683,FALSE,181,181
5761,0.75926864129989,FALSE,575,575
5762,-1.87410461064231,FALSE,734,734
5763,-1.71511380432561,TRUE,212,666
5764,0.0227944231451889,FALSE,245,245
5765,0.120618840406489,TRUE,209,26
5766,1.21905112735143,FALSE,502,502
5767,-0.0614644550457881,FALSE,209,209
5768,0.507967691166116,FALSE,165,165
5769,0.27328335419751,TRUE,399,261
5770,0.744498787583579,TRUE,798,904
5771,0.916152839032716,FALSE,633,633
5772,-1.33370301395789,TRUE,254,135
5773,-0.683495473248539,FALSE,992,992
5774,0.918670629996041,TRUE,490,819
5775,-2.1669918070516,FALSE,716,716
5776,-2.56886469517867,FALSE,876,876
5777,0.136214512891788,TRUE,407,623
5778,0.033536995485771,TRUE,384,436
5779,-0.347424126184933,FALSE,221,221
5780,0.848284366708695,FALSE,669,669
5781,1.19226331534088,TRUE,485,534
5782,0.993538815372369,FALSE,692,692
5783,-0.176608452534943,TRUE,389,370
5784,-0.0271168017233772,TRUE,966,98
5785,0.30496337447464,TRUE,834,136
5786,-2.12620877503193,FALSE,53,53
5787,-1.00418088565794,FALSE,481,481
5788,0.796863123179804,FALSE,956,956
5789,0.247119563177412,TRUE,971,169
5790,-1.30267428394953,FALSE,58,58
5791,1.28897849816186,FALSE,8,8
5792,0.489780626058942,FALSE,202,202
5793,-0.602353454176854,FALSE,728,728
5794,0.0112920285614735,FALSE,382,382
5795,0.0668317356055791,FALSE,313,313
5796,-0.297869271266027,FALSE,453,453
5797,-0.182833232300774,FALSE,467,467
5798,-0.148290173533129,FALSE,450,450
5799,0.660093459318623,FALSE,109,109
5800,0.999654436310686,FALSE,471,471
5801,0.552109462476015,FALSE,199,199
5802,1.74588497893553,TRUE,370,470
5803,0.620484014298819,FALSE,427,427
5804,0.322623762157625,FALSE,427,427
5805,0.840445369361455,FALSE,747,747
5806,-0.135711564020889,TRUE,954,229
5807,0.732306087714431,FALSE,906,906
5808,2.00517207805254,FALSE,981,981
5809,-0.208088612873713,FALSE,734,734
5810,1.03446706476585,TRUE,491,90
5811,0.0248371823468652,FALSE,477,477
5812,-0.747893378760637,FALSE,835,835
5813,1.1336902950402,FALSE,562,562
5814,0.459163784267842,FALSE,100,100
5815,-0.31681036850153,FALSE,630,630
5816,1.76159185432767,FALSE,99,99
5817,-1.85658185826634,FALSE,738,738
5818,-0.0628553659762234,FALSE,725,725
5819,-0.20842510763321,FALSE,394,394
5820,-0.130834635112921,TRUE,2,719
5821,0.121222119189233,FALSE,388,388
5822,1.86173634509438,TRUE,97,715
5823,-2.07549704612431,TRUE,521,255
5824,1.03720074533958,FALSE,313,313
5825,-0.76034070044251,FALSE,447,447
5826,0.942171680937316,TRUE,737,487
5827,-0.447408819138214,TRUE,727,200
5828,0.861708157698352,TRUE,469,883
5829,-0.22192460273239,TRUE,215,981
5830,-0.610451747721243,FALSE,308,308
5831,-1.22822780912991,TRUE,355,176
5832,-0.997604371919908,TRUE,786,959
5833,-0.362884622916376,TRUE,404,383
5834,-0.0403492698725768,FALSE,348,348
5835,0.514331649330583,FALSE,424,424
5836,-0.0762502507946753,FALSE,947,947
5837,1.23242097768883,FALSE,191,191
5838,-1.23986666460124,FALSE,623,623
5839,0.55487533609341,FALSE,362,362
5840,0.916666822054779,TRUE,565,69
5841,0.510265148781819,FALSE,876,876
5842,-0.129037134705162,TRUE,161,404
5843,-0.505369887750267,TRUE,179,950
5844,-1.40961092548223,FALSE,354,354
5845,-1.54365870306588,TRUE,677,145
5846,0.698620225191373,FALSE,763,763
5847,-0.31812607113017,FALSE,681,681
5848,-1.51429472782324,FALSE,713,713
5849,0.515379385755986,FALSE,495,495
5850,0.78960679651976,FALSE,867,867
5851,-2.15100317530383,FALSE,221,221
5852,1.83821878632785,FALSE,873,873
5853,1.23508549762175,FALSE,634,634
5854,-1.26625963195404,FALSE,217,217
5855,-0.804221018049235,FALSE,647,647
5856,0.208349483346783,FALSE,910,910
5857,0.364411956681045,FALSE,922,922
5858,-1.19053321330863,FALSE,905,905
5859,-0.637104980710363,FALSE,72,72
5860,3.08373953891157,FALSE,274,274
5861,0.937498171832295,TRUE,430,640
5862,1.39053798682574,FALSE,909,909
5863,-0.793424833520022,TRUE,425,213
5864,-0.3076327232952,FALSE,25,25
5865,-1.35137784214305,FALSE,572,572
5866,0.362437281539337,TRUE,889,917
5867,-0.0502489767645623,FALSE,499,499
5868,2.31181944593844,FALSE,14,14
5869,-0.318163330993801,FALSE,899,899
5870,0.010704375169905,TRUE,336,521
5871,-0.94118578917588,FALSE,15,15
5872,0.230341910610583,TRUE,791,942
5873,-0.783850951122933,FALSE,865,865
5874,-1.03844932160862,TRUE,168,898
5875,-0.104194748610789,FALSE,935,935
5876,-0.903302610637793,FALSE,253,253
5877,-0.862489179774381,FALSE,414,414
5878,0.509764084775349,FALSE,214,214
5879,1.08887996710566,FALSE,508,508
5880,0.868983501540315,FALSE,668,668
5881,-0.00517325229364259,FALSE,79,79
5882,0.0910405396538839,FALSE,324,324
5883,-0.757545673204134,FALSE,510,510
5884,0.295147004062264,FALSE,585,585
5885,0.998704583836859,FALSE,33,33
5886,-0.971891257622327,FALSE,454,454
5887,0.999246299474132,FALSE,930,930
5888,-0.64969678235561,TRUE,803,267
5889,0.430202610728404,FALSE,476,476
5890,-1.38844193950875,TRUE,703,497
5891,0.171146054168896,FALSE,131,131
5892,1.31070146790882,TRUE,865,654
5893,-0.0782464873219648,TRUE,968,648
5894,-1.5827634676954,FALSE,473,473
5895,1.63136643986826,TRUE,941,68
5896,-0.821920819330948,FALSE,724,724
5897,-0.980503349151853,FALSE,86,86
5898,-0.615504417156263,TRUE,818,285
5899,-0.995564403263049,FALSE,545,545
5900,0.197233803889115,TRUE,651,364
5901,0.333169281179697,FALSE,685,685
5902,-0.361104383878549,FALSE,338,338
5903,0.822325056303155,FALSE,69,69
5904,0.44579358311539,FALSE,933,933
5905,-1.27914094552602,TRUE,633,688
5906,0.659617730648756,FALSE,718,718
5907,-1.29899642539878,TRUE,581,919
5908,-0.0837793318336734,TRUE,955,529
5909,-0.273474476684454,FALSE,465,465
5910,-0.798863278169122,FALSE,970,970
5911,1.12619804153917,FALSE,569,569
5912,0.0258032078374534,FALSE,254,254
5913,0.518567097096957,TRUE,971,364
5914,-0.045195276933462,FALSE,401,401
5915,-0.884305432351103,FALSE,235,235
5916,0.581194816879208,FALSE,933,933
5917,-0.79685342332708,FALSE,467,467
5918,0.849550949134466,FALSE,544,544
5919,2.41707061116309,FALSE,695,695
5920,0.343170309743907,FALSE,901,901
5921,0.674747490285039,FALSE,464,464
5922,0.437213652427763,FALSE,177,177
5923,1.25095003389709,TRUE,448,635
5924,-1.24918244905993,FALSE,860,860
5925,-0.956586822541286,FALSE,347,347
5926,0.0739198338164977,FALSE,777,777
5927,-0.0597345451908579,FALSE,25,25
5928,-1.15086770637756,FALSE,339,339
5929,-1.75379726475207,FALSE,107,107
5930,-0.471632491670319,TRUE,6,98
5931,1.64517537794029,FALSE,323,323
5932,2.24416363039108,TRUE,942,586
5933,0.835205346303624,FALSE,439,439
5934,-1.62032723364213,FALSE,240,240
5935,0.749614934060325,FALSE,153,153
5936,-0.540183615684979,TRUE,515,853
5937,0.128002504049283,FALSE,467,467
5938,0.677509852574167,FALSE,337,337
5939,1.6599327828159,TRUE,871,839
5940,0.134384603027272,TRUE,936,644
5941,-0.703421268235952,FALSE,333,333
5942,0.764942458548994,FALSE,505,505
5943,0.819763821351807,FALSE,313,313
5944,0.903843672415332,FALSE,531,531
5945,1.14379108489799,FALSE,994,994
5946,0.288753601819581,FALSE,323,323
5947,-0.943263842642371,FALSE,73,73
5948,0.133218261122488,FALSE,789,789
5949,-1.76213695861846,FALSE,442,442
5950,1.15080463938605,FALSE,438,438
5951,0.505667226698908,FALSE,569,569
5952,0.702695839014471,FALSE,27,27
5953,0.161088256522705,FALSE,387,387
5954,-2.39122398897229,FALSE,793,793
5955,-0.60968661305008,FALSE,13,13
5956,0.944323571486978,TRUE,551,831
5957,-0.273694360157122,TRUE,695,988
5958,0.837035825524317,FALSE,516,516
5959,-0.937623989119962,TRUE,647,287
5960,0.258120818631158,FALSE,686,686
5961,-0.548026711622978,FALSE,162,162
5962,-0.64915536254515,FALSE,730,730
5963,-0.185835544381645,FALSE,23,23
5964,1.71476121837628,TRUE,32,799
5965,0.172215159503044,FALSE,109,109
5966,0.222438460532846,FALSE,371,371
5967,1.59184109049033,FALSE,702,702
5968,-0.287694905922889,FALSE,481,481
5969,0.517725254590259,FALSE,484,484
5970,-0.723090852254389,FALSE,927,927
5971,0.848355575369828,FALSE,645,645
5972,-1.34698120837174,FALSE,340,340
5973,-0.0558260657035301,FALSE,304,304
5974,1.12771797949832,FALSE,491,491
5975,1.33843952252584,FALSE,960,960
5976,-0.0864712721110291,FALSE,702,702
5977,-2.38974363661862,FALSE,182,182
5978,1.64524887359789,TRUE,142,848
5979,-0.622541704479099,FALSE,261,261
5980,0.718177150412894,FALSE,923,923
5981,-1.69664284190624,FALSE,286,286
5982,-0.446153975855575,TRUE,653,662
5983,1.63106073240292,TRUE,6,395
5984,0.342936198870449,TRUE,808,421
5985,0.34355431554872,FALSE,629,629
5986,0.897984249772551,FALSE,522,522
5987,-1.36473363304489,TRUE,903,141
5988,0.0317768733169308,FALSE,529,529
5989,0.474874628893389,FALSE,33,33
5990,1.13283957772548,FALSE,605,605
5991,-0.809398778237112,TRUE,216,775
5992,0.234239931509358,FALSE,708,708
5993,0.666254011057847,FALSE,127,127
5994,3.71572072587951,FALSE,288,288
5995,1.58986783807543,FALSE,932,932
5996,-2.37058663432074,TRUE,278,556
5997,0.0172274128643755,FALSE,474,474
5998,0.191082073762916,TRUE,113,978
5999,0.818162217902652,TRUE,725,676
6000,-0.699228106144098,FALSE,65,65
6001,0.996451529666396,FALSE,331,331
6002,-0.69274535356833,FALSE,409,409
6003,-0.103483046838697,FALSE,972,972
6004,0.603866064318714,FALSE,937,937
6005,-0.608044983359464,FALSE,528,528
6006,0.0848661205199916,FALSE,451,451
6007,1.57799019874749,FALSE,782,782
6008,-0.463653743705612,FALSE,356,356
6009,-1.15852700589699,FALSE,678,678
6010,0.723685640977932,TRUE,132,573
6011,-0.784540661183284,FALSE,226,226
6012,-0.268400025520266,FALSE,977,977
6013,0.507799265824037,FALSE,551,551
6014,0.461331003901638,FALSE,206,206
6015,1.17944958556405,FALSE,382,382
6016,-0.679396333414171,FALSE,174,174
6017,-0.318611569966249,TRUE,575,277
6018,-0.658019293864502,FALSE,109,109
6019,-0.162615980275628,TRUE,386,346
6020,1.98934911973313,FALSE,879,879
6021,-0.0610519410969586,FALSE,816,816
6022,-0.0278099839182587,FALSE,270,270
6023,0.511525893301122,FALSE,618,618
6024,-1.21675338327355,TRUE,263,470
6025,0.953601027080163,TRUE,264,178
6026,-0.0583640451901847,FALSE,778,778
6027,-0.704946172078452,FALSE,510,510
6028,0.37431582186532,FALSE,304,304
6029,-0.183167317158162,FALSE,672,672
6030,-0.151614769827921,FALSE,998,998
6031,-0.114874638716652,FALSE,708,708
6032,1.54720521421964,TRUE,334,849
6033,-0.552909864931753,FALSE,906,906
6034,0.954259677245468,FALSE,29,29
6035,0.164420107478753,TRUE,801,322
6036,-0.277725410828986,FALSE,908,908
6037,-0.644419619223862,TRUE,449,580
6038,-0.367106009737265,FALSE,918,918
6039,-0.275913323896434,FALSE,463,463
6040,1.0906215035097,FALSE,879,879
6041,-0.781372921136104,FALSE,429,429
6042,1.64332373376438,FALSE,708,708
6043,-0.170785226051006,TRUE,100,491
6044,-0.653641910106926,FALSE,918,918
6045,-0.707909530538924,TRUE,325,868
6046,0.188105486356753,TRUE,692,602
6047,1.74803479722261,FALSE,648,648
6048,-0.224260839154788,FALSE,794,794
6049,-0.095715548183244,TRUE,935,535
6050,0.205072404879131,FALSE,809,809
6051,0.0634116980727395,FALSE,960,960
6052,-0.741664430606325,TRUE,659,251
6053,0.988291199131346,FALSE,403,403
6054,-1.23052423256499,TRUE,4,695
6055,-0.980080361865213,FALSE,223,223
6056,-0.415431332879817,FALSE,782,782
6057,-0.27844094049977,FALSE,111,111
6058,1.05409934754309,FALSE,279,279
6059,-0.62305895188382,FALSE,8,8
6060,-0.178191822257626,TRUE,690,395
6061,-0.332385705278369,TRUE,886,315
6062,1.60388383078126,FALSE,310,310
6063,1.44882146078712,TRUE,852,332
6064,-1.05839965003638,FALSE,818,818
6065,0.436514338345504,TRUE,316,564
6066,-1.29720147388242,FALSE,381,381
6067,-0.829073430273456,FALSE,437,437
6068,-0.581611242371406,TRUE,524,437
6069,-0.847301808931937,FALSE,784,784
6070,0.228593291980103,FALSE,157,157
6071,-0.313185666444505,FALSE,134,134
6072,0.306202128122618,TRUE,412,128
6073,1.22963755720089,FALSE,840,840
6074,1.17110292471268,TRUE,753,54
6075,-2.0712886450964,FALSE,628,628
6076,-0.254411710301793,FALSE,302,302
6077,0.476396540102075,FALSE,930,930
6078,1.1648359123802,FALSE,954,954
6079,-0.570515444184434,TRUE,66,712
6080,0.127827928639979,FALSE,735,735
6081,1.63205862988908,FALSE,561,561
6082,0.198993869675984,FALSE,798,798
6083,1.87590306780823,FALSE,466,466
6084,-2.21675513493914,FALSE,338,338
6085,2.03387780206071,FALSE,931,931
6086,-2.37498614160957,FALSE,611,611
6087,1.13308270961088,FALSE,309,309
6088,1.06322316087704,FALSE,954,954
6089,-0.379907282555215,TRUE,590,387
6090,-0.331000594076846,FALSE,846,846
6091,0.355548081917882,FALSE,715,715
6092,0.169888599035472,TRUE,569,756
6093,0.239238593824761,FALSE,570,570
6094,1.31400656157686,FALSE,554,554
6095,0.229274976791376,FALSE,19,19
6096,-2.0642553710307,FALSE,183,183
6097,0.41627418952243,FALSE,259,259
6098,-0.32273060276783,TRUE,228,645
6099,0.842913529277499,TRUE,486,819
6100,-0.874938548515266,FALSE,581,581
6101,-0.250570213789226,TRUE,665,586
6102,-1.53788372174715,FALSE,664,664
6103,-1.48353381221735,FALSE,449,449
6104,-1.7447381269927,FALSE,20,20
6105,0.0242356783728676,FALSE,648,648
6106,-2.74161388015182,FALSE,686,686
6107,1.25450869273938,TRUE,738,932
6108,-0.650621197553096,TRUE,949,579
6109,0.0146697562119895,FALSE,962,962
6110,1.19810154911883,TRUE,974,593
6111,0.30121905668371,FALSE,161,161
6112,0.421688779118986,FALSE,325,325
6113,-0.636610202834169,FALSE,582,582
6114,-1.29425839270764,FALSE,481,481
6115,0.641573251982327,FALSE,12,12
6116,-0.20300577965444,TRUE,429,680
6117,-3.84840269995274e-05,FALSE,576,576
6118,-0.824594641794736,TRUE,370,537
6119,-0.556709400434332,FALSE,882,882
6120,-2.29142750276276,TRUE,366,791
6121,-1.65236977680908,FALSE,250,250
6122,-1.57125070163983,FALSE,162,162
6123,-0.180305124601422,TRUE,314,938
6124,-1.06639966452267,FALSE,547,547
6125,0.389090532297012,FALSE,853,853
6126,0.0352335986748661,FALSE,668,668
6127,-0.498454515445811,TRUE,574,508
6128,-1.6054317144697,TRUE,184,557
6129,-0.67093240335342,FALSE,173,173
6130,0.892725899985323,FALSE,250,250
6131,0.476799443153048,TRUE,358,403
6132,-0.311867437303258,FALSE,630,630
6133,-2.24435886762858,FALSE,400,400
6134,-0.486200731941719,FALSE,964,964
6135,-2.92429113218381,FALSE,596,596
6136,1.77384268160864,FALSE,385,385
6137,0.0337124389773445,TRUE,410,231
6138,1.26106595229873,TRUE,42,673
6139,-0.173960891087615,TRUE,333,45
6140,2.07554917645169,FALSE,575,575
6141,-0.898641835997367,TRUE,311,90
6142,0.837990321501562,FALSE,4,4
6143,-0.0109436319889317,FALSE,230,230
6144,0.727129908185823,FALSE,625,625
6145,-1.32523126613269,TRUE,688,908
6146,2.23816322683861,FALSE,860,860
6147,0.302436273877211,FALSE,202,202
6148,-0.496712975638095,FALSE,135,135
6149,-1.18622500956318,TRUE,173,820
6150,-1.52534163542218,FALSE,206,206
6151,-1.8163370958066,FALSE,719,719
6152,-1.71753992490193,FALSE,551,551
6153,0.039712049725824,TRUE,70,251
6154,1.12155646937291,FALSE,964,964
6155,0.353915660950126,FALSE,250,250
6156,-1.93209497227857,FALSE,534,534
6157,0.0857532249551007,FALSE,579,579
6158,1.50006794941982,FALSE,169,169
6159,1.01468792813211,FALSE,507,507
6160,1.84390932942692,FALSE,421,421
6161,0.41958246226038,FALSE,934,934
6162,-3.28937584855757,TRUE,497,960
6163,0.642383067114167,FALSE,806,806
6164,0.213093639533192,FALSE,181,181
6165,-1.7182887639908,FALSE,862,862
6166,-0.131452234665525,FALSE,405,405
6167,-0.671879471327625,FALSE,244,244
6168,-0.443464894242919,FALSE,362,362
6169,0.471270768091317,TRUE,891,515
6170,-0.59186388659965,FALSE,110,110
6171,-0.651915887319594,FALSE,208,208
6172,-1.45676385275197,FALSE,759,759
6173,0.172284600439745,FALSE,788,788
6174,0.550965515977292,FALSE,931,931
6175,0.571722040589605,TRUE,281,66
6176,1.18917934773041,FALSE,210,210
6177,-2.36533381504662,FALSE,192,192
6178,0.0332240411790732,FALSE,535,535
6179,-1.33429768089279,FALSE,676,676
6180,0.608785792743954,FALSE,373,373
6181,0.0800248847271412,FALSE,962,962
6182,-1.06872802248799,FALSE,556,556
6183,-0.377553664195196,FALSE,757,757
6184,1.40288067524327,TRUE,560,97
6185,-0.541441946412946,FALSE,897,897
6186,-1.72492124772187,FALSE,120,120
6187,1.08919483753396,TRUE,526,414
6188,1.16976360508389,TRUE,951,37
6189,-0.607156730101415,FALSE,888,888
6190,1.65412285522879,FALSE,691,691
6191,-0.166080566390793,FALSE,703,703
6192,-1.27401899139188,TRUE,616,682
6193,-0.306040857753799,TRUE,10,667
6194,0.254340425178138,TRUE,198,284
6195,0.562471102501748,FALSE,141,141
6196,0.385138526730681,FALSE,877,877
6197,1.23617915452482,FALSE,343,343
6198,0.230932004729973,FALSE,891,891
6199,0.516775157949178,TRUE,250,187
6200,1.0255791375194,FALSE,777,777
6201,-0.166313578850091,TRUE,0,796
6202,-0.791567079440403,FALSE,480,480
6203,-0.282152279625528,FALSE,433,433
6204,-1.33336590569982,FALSE,66,66
6205,0.0496970129853213,FALSE,123,123
6206,0.503797531825137,FALSE,160,160
6207,-1.04712783477107,FALSE,50,50
6208,-0.869470504201632,FALSE,765,765
6209,-1.10841870084243,FALSE,205,205
6210,-0.0404459582548468,FALSE,182,182
6211,1.41657477550723,TRUE,344,400
6212,-0.632693871451233,TRUE,463,870
6213,-0.628558194189149,TRUE,473,657
6214,-0.025326160634408,FALSE,763,763
6215,-0.975476335713031,TRUE,905,762
6216,1.01497226020659,FALSE,144,144
6217,-0.301907306658092,TRUE,894,893
6218,1.1310543674245,FALSE,405,405
6219,0.639451578125384,TRUE,923,175
6220,0.794958784716343,FALSE,88,88
6221,-1.47913745549668,FALSE,212,212
6222,-1.68068071887634,TRUE,690,411
6223,0.0589754749151921,FALSE,762,762
6224,-0.358304019532621,TRUE,265,202
6225,-0.339249854254092,TRUE,768,681
6226,-0.102197913003283,FALSE,438,438
6227,1.60058413931274,FALSE,624,624
6228,-0.461803035391538,FALSE,276,276
6229,-0.617623540241725,TRUE,789,729
6230,1.62733903509555,TRUE,135,546
6231,0.223655476773407,FALSE,850,850
6232,0.242420207917438,FALSE,78,78
6233,-1.29503270099671,FALSE,365,365
6234,0.749241651724491,FALSE,576,576
6235,1.1686553865313,FALSE,450,450
6236,0.71429342693586,FALSE,348,348
6237,-1.14956738950403,FALSE,644,644
6238,1.45037475149102,TRUE,792,892
6239,-0.297783274696659,FALSE,451,451
6240,1.83661114423941,FALSE,537,537
6241,0.464740429947891,FALSE,882,882
6242,0.416279250424194,TRUE,870,820
6243,2.00767401732439,FALSE,930,930
6244,1.20833433161434,FALSE,890,890
6245,0.460690015413864,FALSE,765,765
6246,-0.786063559931139,TRUE,88,409
6247,0.901634040871823,FALSE,799,799
6248,0.768715581950775,FALSE,784,784
6249,-0.513157982499119,FALSE,669,669
6250,-0.219160653899728,FALSE,976,976
6251,-0.275143450971411,TRUE,455,900
6252,-1.64377150706938,FALSE,485,485
6253,0.678266250489179,FALSE,566,566
6254,-1.48860949103117,FALSE,840,840
6255,0.345458004978349,TRUE,156,254
6256,-1.54654749553771,FALSE,502,502
6257,0.956413629126857,TRUE,87,264
6258,0.822378750667808,FALSE,121,121
6259,1.87245817496444,FALSE,979,979
6260,-1.18582888580127,FALSE,117,117
6261,0.954899796988468,FALSE,282,282
6262,-0.215424857788577,FALSE,667,667
6263,0.215958394156016,FALSE,715,715
6264,-0.414164333478325,FALSE,139,139
6265,0.415046268850245,TRUE,94,739
6266,-1.11134482368691,FALSE,232,232
6267,-0.902131112277193,FALSE,844,844
6268,0.820606953567625,FALSE,417,417
6269,-2.88614912498486,TRUE,468,596
6270,-0.272773064564488,FALSE,514,514
6271,-0.444030506514711,FALSE,942,942
6272,0.746511110155203,FALSE,624,624
6273,0.430621324669046,FALSE,860,860
6274,-1.35425784600741,FALSE,343,343
6275,1.48288035944086,FALSE,282,282
6276,1.0557282438841,FALSE,28,28
6277,1.43773515097209,TRUE,180,611
6278,-0.972899813011442,FALSE,333,333
6279,1.90461769269349,FALSE,712,712
6280,1.20562199631678,FALSE,609,609
6281,1.15679760377934,FALSE,199,199
6282,-1.21017318376228,FALSE,119,119
6283,-0.0680292317480523,FALSE,992,992
6284,0.188278619044299,FALSE,951,951
6285,-1.36850796956361,FALSE,72,72
6286,-0.201470462297899,FALSE,132,132
6287,0.77750124734932,TRUE,83,610
6288,0.314903238411214,FALSE,778,778
6289,0.241264776406274,FALSE,684,684
6290,1.44680593483769,FALSE,62,62
6291,-0.754624453299219,FALSE,621,621
6292,0.793090377704377,TRUE,515,352
6293,1.06762924035012,FALSE,245,245
6294,-1.30712067167412,FALSE,732,732
6295,-1.99068784495532,FALSE,446,446
6296,0.960574805077155,FALSE,494,494
6297,-0.250715913133474,FALSE,482,482
6298,2.39520132525321,FALSE,368,368
6299,0.318634363552171,TRUE,237,907
6300,-0.0275350334105611,FALSE,195,195
6301,-1.73091803863743,FALSE,394,394
6302,-0.80939744578196,FALSE,285,285
6303,-1.37869986563734,TRUE,808,992
6304,2.84874403329634,FALSE,17,17
6305,-1.279630280305,FALSE,875,875
6306,0.621393095227546,FALSE,373,373
6307,1.34149424244086,TRUE,443,475
6308,-0.323811722111334,FALSE,690,690
6309,0.144383470867056,FALSE,341,341
6310,-1.08185278393076,TRUE,358,469
6311,-0.00597734207346084,FALSE,790,790
6312,-0.361005684089181,FALSE,211,211
6313,-0.753344538203377,FALSE,243,243
6314,0.596977086486986,FALSE,34,34
6315,-0.832739370686009,FALSE,543,543
6316,-1.54502467571834,FALSE,211,211
6317,0.822990237351172,TRUE,830,179
6318,0.201997905093491,FALSE,609,609
6319,-1.62284828656789,FALSE,362,362
6320,-0.703822877630497,FALSE,121,121
6321,0.851246099895573,FALSE,557,557
6322,-0.997512301769354,FALSE,309,309
6323,0.774894794932878,FALSE,586,586
6324,-0.327474597347236,TRUE,431,77
6325,-1.41795704082351,FALSE,406,406
6326,0.470800362199456,FALSE,477,477
6327,-2.48890361390587,FALSE,286,286
6328,-0.64683985155166,FALSE,649,649
6329,-0.0859842009139841,FALSE,323,323
6330,0.250921910489007,FALSE,915,915
6331,0.257003679755467,TRUE,785,855
6332,0.114574862295207,FALSE,28,28
6333,1.38496025874941,FALSE,795,795
6334,1.71463081572181,TRUE,454,875
6335,1.83194492131541,FALSE,967,967
6336,-1.3113128640567,FALSE,202,202
6337,-0.806461300793105,FALSE,195,195
6338,-1.25868184521442,FALSE,712,712
6339,-0.418445671108985,FALSE,320,320
6340,0.305340581221212,FALSE,506,506
6341,0.18706179676923,FALSE,787,787
6342,-0.231192409164056,FALSE,970,970
6343,-0.155301426683517,FALSE,635,635
6344,-0.41808374042322,TRUE,367,694
6345,-0.860649608648606,FALSE,623,623
6346,-0.733647067905097,TRUE,589,758
6347,-0.829051291306179,FALSE,437,437
6348,-0.507211077954383,FALSE,641,641
6349,-1.39454099422648,FALSE,172,172
6350,1.23287586812319,TRUE,178,362
6351,1.95111699049286,FALSE,32,32
6352,-1.30888435684359,FALSE,421,421
6353,1.25552093487775,TRUE,317,52
6354,0.113244143951999,TRUE,262,289
6355,0.0267545458181078,FALSE,721,721
6356,0.0584569654178772,FALSE,227,227
6357,0.457153650450167,FALSE,234,234
6358,0.102713655364391,FALSE,126,126
6359,-0.86091686566605,FALSE,604,604
6360,0.138099933242379,FALSE,107,107
6361,0.874539627062147,TRUE,112,567
6362,-0.235909539606058,TRUE,555,55
6363,-1.22442065535727,FALSE,471,471
6364,-1.65130268614561,FALSE,615,615
6365,0.622705635129701,TRUE,328,274
6366,-0.0639213043292653,FALSE,439,439
6367,-0.593243113086633,FALSE,557,557
6368,0.225603363522552,FALSE,252,252
6369,-0.695993002502861,FALSE,637,637
6370,-0.0823685875750121,FALSE,142,142
6371,0.285876083075394,TRUE,560,783
6372,-2.03889297449334,FALSE,47,47
6373,-0.984320528114096,FALSE,604,604
6374,-1.32163677757622,FALSE,225,225
6375,-1.23730985692169,TRUE,187,353
6376,1.55250207170482,FALSE,901,901
6377,1.18360405030045,FALSE,471,471
6378,0.76433552342133,TRUE,950,125
6379,-0.370783344262779,FALSE,750,750
6380,1.18452861310422,TRUE,543,667
6381,-1.22114388139346,TRUE,571,634
6382,-1.99597404699554,TRUE,830,302
6383,-3.02704571876399,FALSE,569,569
6384,0.227313544381063,TRUE,788,401
6385,0.0364706090665567,TRUE,680,631
6386,-0.790091466643966,FALSE,378,378
6387,0.48915850008,FALSE,480,480
6388,0.0423672998562453,TRUE,219,239
6389,-0.302558551826962,FALSE,780,780
6390,1.2742216233878,FALSE,837,837
6391,1.43994877106216,FALSE,116,116
6392,1.04242536770994,FALSE,299,299
6393,0.596590680865512,FALSE,569,569
6394,-1.00146535212659,TRUE,103,701
6395,-0.248326516397447,TRUE,716,544
6396,-0.0444055732894623,FALSE,889,889
6397,0.14958578345488,FALSE,17,17
6398,1.11791338203872,FALSE,705,705
6399,-1.4194705124407,FALSE,761,761
6400,-1.35561906468423,FALSE,80,80
6401,-0.0600459600045728,FALSE,332,332
6402,-1.47090759206017,FALSE,923,923
6403,1.11670596384515,FALSE,150,150
6404,-0.168146609754469,FALSE,437,437
6405,-2.69280124922705,TRUE,394,572
6406,-0.238479090814592,FALSE,675,675
6407,0.211411132514887,FALSE,985,985
6408,-0.77125059809312,FALSE,549,549
6409,-1.2658096567921,FALSE,952,952
6410,0.0130261887470164,FALSE,555,555
6411,1.223885485643,FALSE,953,953
6412,-0.479462222356082,FALSE,758,758
6413,1.11030898866863,FALSE,645,645
6414,1.40120355190492,FALSE,865,865
6415,-1.26406262745094,FALSE,736,736
6416,0.86561315233749,FALSE,441,441
6417,-0.107980564945206,FALSE,623,623
6418,0.24576190325574,TRUE,207,736
6419,1.75519625666133,FALSE,197,197
6420,0.980495074810237,FALSE,493,493
6421,-0.482457124875391,TRUE,522,749
6422,-1.50083173493229,FALSE,57,57
6423,0.363113909999487,FALSE,36,36
6424,0.527572661503673,FALSE,41,41
6425,1.21357441265338,FALSE,347,347
6426,1.42939833345956,FALSE,735,735
6427,0.215458852795724,TRUE,619,639
6428,0.167552997982991,FALSE,990,990
6429,0.440723940671676,FALSE,870,870
6430,1.08344626295578,FALSE,582,582
6431,0.167405046590996,FALSE,899,899
6432,-0.389052596533895,FALSE,509,509
6433,-1.05418173111399,TRUE,681,688
6434,0.0136392328017951,FALSE,413,413
6435,-0.0152770016331879,FALSE,326,326
6436,0.00041872417518068,FALSE,889,889
6437,-0.394162971603446,FALSE,49,49
6438,-0.591002484435829,FALSE,527,527
6439,0.925972690696732,FALSE,261,261
6440,-0.143470359568202,FALSE,978,978
6441,1.55853740384044,FALSE,376,376
6442,-0.78294431746214,TRUE,659,195
6443,-1.84394727346894,FALSE,261,261
6444,-0.15997257338173,FALSE,777,777
6445,0.911943974043973,FALSE,418,418
6446,-0.153480072072986,FALSE,55,55
6447,-1.57886169108309,FALSE,935,935
6448,-0.582670401367888,FALSE,631,631
6449,-0.0390386053295887,FALSE,751,751
6450,1.3043064867744,FALSE,305,305
6451,1.12330243797358,TRUE,926,769
6452,0.811116122781701,FALSE,131,131
6453,0.471382117682474,FALSE,437,437
6454,-0.813600361014787,TRUE,446,842
6455,0.81115221155127,TRUE,200,941
6456,1.21840108562617,FALSE,528,528
6457,0.742200100646031,FALSE,360,360
6458,1.17654312205179,FALSE,494,494
6459,0.30410729998282,FALSE,814,814
6460,1.01855144503343,FALSE,472,472
6461,1.40356857776285,FALSE,967,967
6462,-0.96828360146562,FALSE,937,937
6463,1.51913192071641,FALSE,899,899
6464,0.76486829955584,FALSE,146,146
6465,0.705371760342561,FALSE,233,233
6466,0.0735477699279826,FALSE,224,224
6467,-0.955012525982316,FALSE,918,918
6468,-1.25008980491088,FALSE,890,890
6469,0.302697041617515,FALSE,866,866
6470,-0.144335636573246,TRUE,222,64
6471,1.06502977207387,FALSE,369,369
6472,-0.0163205357692386,TRUE,544,670
6473,-0.371086502233272,TRUE,209,970
6474,1.5113711153913,FALSE,561,561
6475,-0.265342733295722,TRUE,589,327
6476,-0.674460111123347,FALSE,392,392
6477,0.671559277515228,FALSE,519,519
6478,1.50322016392463,FALSE,937,937
6479,-0.976873614932792,FALSE,134,134
6480,-0.273216955429388,FALSE,416,416
6481,-0.345333580288122,TRUE,591,58
6482,0.0327947685765251,TRUE,847,751
6483,0.331178339211541,FALSE,717,717
6484,0.7300686247158,FALSE,429,429
6485,1.04706493489168,FALSE,341,341
6486,-0.729642170281023,FALSE,544,544
6487,-0.013960339227483,FALSE,677,677
6488,0.787606043660786,FALSE,931,931
6489,-0.594477483010278,FALSE,580,580
6490,0.456318829076642,FALSE,699,699
6491,1.74418409412504,FALSE,449,449
6492,-1.34251068086662,FALSE,41,41
6493,0.72420916681353,FALSE,211,211
6494,-0.0722267927390164,FALSE,923,923
6495,-1.00118337619407,TRUE,954,258
6496,0.263312888069558,FALSE,424,424
6497,-0.0494673636566712,FALSE,826,826
6498,-1.02376315514016,FALSE,537,537
6499,0.0198757838998294,FALSE,219,219
6500,0.584447830871561,FALSE,448,448
6501,-0.197527824058765,FALSE,150,150
6502,1.79749354722426,FALSE,309,309
6503,1.56281342990307,FALSE,983,983
6504,-0.751262465191356,FALSE,225,225
6505,1.37841082692889,FALSE,403,403
6506,1.26146847671117,FALSE,653,653
6507,-0.647407029764523,FALSE,367,367
6508,1.56889017974812,FALSE,855,855
6509,1.66575790352885,TRUE,150,204
6510,0.626183108316496,TRUE,605,512
6511,0.892124362277247,FALSE,597,597
6512,-1.01261509627113,FALSE,467,467
6513,1.86411813793255,TRUE,974,404
6514,-0.5936631914962,FALSE,993,993
6515,-0.360558619329931,TRUE,177,545
6516,0.511570775289022,FALSE,483,483
6517,0.103141817684016,FALSE,334,334
6518,1.68308408170103,FALSE,284,284
6519,-0.734866705641252,FALSE,741,741
6520,-0.5377569880887,TRUE,138,558
6521,0.263265192295681,FALSE,361,361
6522,0.56358707830839,FALSE,427,427
6523,2.92890073765466,FALSE,750,750
6524,-1.30002668088558,FALSE,212,212
6525,1.11674868817054,FALSE,506,506
6526,0.889579274958517,FALSE,606,606
6527,1.10273386310226,TRUE,476,471
6528,-1.26904616094272,FALSE,691,691
6529,0.363893209127911,FALSE,414,414
6530,-0.495790294461392,FALSE,916,916
6531,-1.75314656659443,FALSE,761,761
6532,-0.902215452563371,FALSE,606,606
6533,-1.04398276513521,FALSE,656,656
6534,1.63771480212514,FALSE,546,546
6535,-0.707736848552588,FALSE,818,818
6536,0.897975810526054,FALSE,915,915
6537,0.60592517751456,FALSE,676,676
6538,-0.794716347946563,FALSE,566,566
6539,0.538171974115534,FALSE,313,313
6540,0.556373474234109,FALSE,421,421
6541,-1.15252941902685,FALSE,912,912
6542,0.725120654689117,TRUE,903,842
6543,-0.00543950784984736,FALSE,184,184
6544,-0.239429939410603,FALSE,412,412
6545,-0.885321526657093,FALSE,297,297
6546,-0.174061043295515,TRUE,113,753
6547,-1.08485155565336,TRUE,976,582
6548,-0.0239894760659167,FALSE,535,535
6549,-0.132753368038248,TRUE,709,471
6550,-0.245289947053769,FALSE,328,328
6551,1.11370060543598,FALSE,309,309
6552,-0.619107782374149,FALSE,678,678
6553,-0.132324803001531,FALSE,532,532
6554,0.863847975957668,TRUE,144,20
6555,1.32097499885475,FALSE,684,684
6556,-0.104238754894299,FALSE,933,933
6557,0.0652536747367251,FALSE,513,513
6558,1.099134416359,FALSE,800,800
6559,0.319835560866633,TRUE,411,946
6560,0.331826954305442,FALSE,286,286
6561,-0.260038290356082,FALSE,556,556
6562,0.0998192539386361,FALSE,232,232
6563,0.00724071688079461,TRUE,513,815
6564,0.576012131181961,FALSE,771,771
6565,-0.145321250629295,FALSE,59,59
6566,-0.307188837918487,TRUE,614,651
6567,-0.0749796735619426,FALSE,271,271
6568,-0.459219901074889,FALSE,770,770
6569,1.54810614854915,FALSE,166,166
6570,-1.05980397324969,FALSE,693,693
6571,1.2126046821893,FALSE,699,699
6572,-0.0104457896309208,FALSE,76,76
6573,-2.02055705772414,FALSE,498,498
6574,-0.544876099049932,FALSE,872,872
6575,1.15598167474767,TRUE,217,778
6576,-1.2929197757468,FALSE,701,701
6577,0.132514461575596,FALSE,762,762
6578,-1.22797222051084,FALSE,919,919
6579,0.0810471058153915,FALSE,42,42
6580,1.02372136134139,FALSE,244,244
6581,-0.205238018545711,TRUE,967,563
6582,0.956998418875964,FALSE,745,745
6583,0.728954795421616,FALSE,264,264
6584,1.20944426976428,FALSE,118,118
6585,1.33268462976444,FALSE,480,480
6586,1.00041045730859,FALSE,503,503
6587,0.390476535369779,FALSE,468,468
6588,0.0622881857961604,TRUE,87,780
6589,0.137638812385161,FALSE,454,454
6590,0.363314588085867,TRUE,395,174
6591,-0.900476186439797,FALSE,815,815
6592,-0.59429765043511,TRUE,673,721
6593,-0.498031819112054,FALSE,352,352
6594,-0.524178797619665,FALSE,322,322
6595,-0.281529782162656,FALSE,312,312
6596,-0.055502568633025,TRUE,822,765
6597,-0.794798686051251,TRUE,50,287
6598,-2.23432499818708,FALSE,863,863
6599,2.01752322047439,FALSE,442,442
6600,-0.816473402087086,TRUE,869,91
6601,1.02206117151421,FALSE,1,1
6602,-0.617647674785591,FALSE,235,235
6603,0.499715646239051,FALSE,515,515
6604,-0.136847479122566,TRUE,890,307
6605,0.601374805102868,FALSE,147,147
6606,-1.84896237409649,FALSE,745,745
6607,0.237677214798051,FALSE,500,500
6608,-0.149309396415536,FALSE,597,597
6609,1.38733458917175,TRUE,144,7
6610,-0.331321204454683,FALSE,448,448
6611,-0.388060670047731,TRUE,303,229
6612,-1.83895292448986,FALSE,621,621
6613,0.164234131281735,FALSE,629,629
6614,0.618905974167327,TRUE,923,118
6615,-0.234593704396421,FALSE,367,367
6616,-0.583311910599749,FALSE,24,24
6617,0.360332077010547,FALSE,672,672
6618,-1.1963427433009,TRUE,973,434
6619,0.314724390171351,TRUE,985,166
6620,1.0123873950144,FALSE,365,365
6621,-0.164407004838077,FALSE,987,987
6622,-0.388291523709448,TRUE,647,784
6623,-0.349146939138152,TRUE,155,921
6624,0.485923668062809,TRUE,298,509
6625,-1.27294850421318,FALSE,888,888
6626,-0.842351247454087,FALSE,891,891
6627,-1.49321763791648,FALSE,778,778
6628,-0.266922908129746,TRUE,932,783
6629,-0.0378021283944908,FALSE,869,869
6630,0.08609396739403,FALSE,922,922
6631,-0.167913783865368,FALSE,763,763
6632,-1.82927089117215,FALSE,375,375
6633,-1.27704373641475,FALSE,853,853
6634,-0.295919836775165,FALSE,219,219
6635,0.27580604991679,FALSE,457,457
6636,0.187964744297138,TRUE,460,333
6637,-1.04871482146234,FALSE,367,367
6638,1.02167750131776,TRUE,378,932
6639,0.0453630999514925,TRUE,655,573
6640,-0.34922956089912,FALSE,883,883
6641,0.268663524214536,FALSE,23,23
6642,0.852789539234794,TRUE,126,173
6643,0.602054964782769,FALSE,391,391
6644,-0.395955361635215,FALSE,212,212
6645,-1.18106902313072,TRUE,401,725
6646,0.862933971331269,FALSE,961,961
6647,-1.04514527242289,FALSE,721,721
6648,-0.686447850288122,FALSE,141,141
6649,1.14541061392117,FALSE,881,881
6650,-0.527161039368723,TRUE,356,322
6651,-0.25578454152161,FALSE,545,545
6652,0.473075498900474,TRUE,433,767
6653,1.33516981321616,FALSE,120,120
6654,-0.984144075044672,FALSE,119,119
6655,0.743183126429956,FALSE,189,189
6656,-0.0286450610862932,FALSE,484,484
6657,1.42108869022006,FALSE,523,523
6658,0.960598919602869,FALSE,935,935
6659,-0.0464116058438771,FALSE,379,379
6660,-0.754740241638123,FALSE,819,819
6661,-1.29828942974782,FALSE,189,189
6662,-1.00994800667889,FALSE,872,872
6663,-0.442255356623107,TRUE,815,55
6664,-1.20756606000662,FALSE,137,137
6665,-0.143448325440646,TRUE,320,387
6666,-0.535742096095451,TRUE,502,973
6667,1.97806561213558,FALSE,514,514
6668,1.09974633988314,FALSE,832,832
6669,0.508279506349271,FALSE,868,868
6670,-0.558492355752965,FALSE,145,145
6671,2.01685395284189,FALSE,106,106
6672,-0.278674836619455,FALSE,339,339
6673,-0.0368637196963349,TRUE,877,143
6674,-1.93022537849204,FALSE,578,578
6675,1.09456625573888,FALSE,868,868
6676,-0.0547718066992241,FALSE,75,75
6677,-1.01552629949096,FALSE,690,690
6678,-0.00772866548853936,FALSE,600,600
6679,1.07727289261698,FALSE,963,963
6680,0.0816606719445841,FALSE,430,430
6681,0.303400263453468,TRUE,157,179
6682,1.05979348073025,FALSE,933,933
6683,-0.916927645815254,FALSE,979,979
6684,-0.249282077814207,FALSE,535,535
6685,0.690309080939519,FALSE,752,752
6686,-1.39513134972696,FALSE,906,906
6687,1.19726096557234,FALSE,244,244
6688,-1.0778681835499,TRUE,729,980
6689,0.26872572369192,FALSE,140,140
6690,0.177304050453375,FALSE,596,596
6691,-0.5942962699999,FALSE,61,61
6692,0.21636127581201,TRUE,350,905
6693,-0.192239361431668,TRUE,239,630
6694,0.893944506694481,FALSE,797,797
6695,-1.34524456676964,TRUE,25,832
6696,1.29769183878719,FALSE,963,963
6697,-0.252828866522159,FALSE,289,289
6698,-0.741781006315799,FALSE,29,29
6699,-1.06294924266973,FALSE,308,308
6700,1.07991563923797,FALSE,930,930
6701,-1.53857567162438,FALSE,840,840
6702,0.137965177633148,FALSE,639,639
6703,-0.596169684860121,TRUE,974,349
6704,-0.768513198226343,FALSE,921,921
6705,-0.16074859865845,TRUE,107,754
6706,0.0587806858326671,TRUE,814,382
6707,-0.369025392459956,TRUE,846,768
6708,-0.747674757079359,TRUE,702,423
6709,0.729049301052678,FALSE,166,166
6710,0.661118609918134,TRUE,890,758
6711,1.64881936081943,FALSE,445,445
6712,-0.988746409880949,FALSE,126,126
6713,-1.00812452022021,FALSE,544,544
6714,-0.815205748637506,FALSE,615,615
6715,-1.14736472262916,FALSE,15,15
6716,1.98413193716878,FALSE,910,910
6717,-2.50954289457859,FALSE,883,883
6718,-1.41180434505841,FALSE,150,150
6719,-0.759333968608841,FALSE,760,760
6720,-0.239634163130694,FALSE,826,826
6721,-0.14794501066047,FALSE,1,1
6722,1.01481148496636,TRUE,836,746
6723,1.28079269441467,FALSE,194,194
6724,-1.04154107009828,FALSE,149,149
6725,0.225096459642073,FALSE,809,809
6726,-1.68800401031677,FALSE,507,507
6727,0.891520581179141,FALSE,177,177
6728,-0.874287165770076,TRUE,3,676
6729,0.444844019071968,FALSE,750,750
6730,-0.994963863286208,FALSE,668,668
6731,0.016892882113848,FALSE,526,526
6732,-0.00742458068206362,TRUE,643,280
6733,-1.07276863866058,FALSE,873,873
6734,0.379612705422413,FALSE,615,615
6735,3.27590829896888,TRUE,433,531
6736,0.0203573007436711,TRUE,391,228
6737,-0.41621940371551,FALSE,317,317
6738,-0.515186827732658,FALSE,641,641
6739,-0.360501471386532,FALSE,388,388
6740,0.168806737963375,TRUE,240,999
6741,-0.871752081481623,FALSE,354,354
6742,1.52163774372306,TRUE,889,260
6743,0.602384353454137,FALSE,286,286
6744,0.923412639155038,FALSE,227,227
6745,1.38365760106013,FALSE,311,311
6746,-1.08934616679036,FALSE,81,81
6747,-0.936922309126624,FALSE,271,271
6748,0.328528060071521,FALSE,770,770
6749,-0.479894028302119,TRUE,721,240
6750,0.511160572434252,TRUE,161,476
6751,-0.0697608087205683,FALSE,436,436
6752,0.705940084746793,FALSE,307,307
6753,-1.60707158045143,FALSE,272,272
6754,0.702752335304327,FALSE,307,307
6755,-1.84553238616542,FALSE,558,558
6756,-0.0183323638780197,FALSE,2,2
6757,0.470499873769073,FALSE,287,287
6758,-0.794856573566363,FALSE,232,232
6759,1.50069989990355,FALSE,789,789
6760,0.218127441659153,FALSE,318,318
6761,-1.60975859972385,FALSE,523,523
6762,1.56194118142925,FALSE,639,639
6763,0.310591488256536,FALSE,602,602
6764,-0.27616570209019,FALSE,147,147
6765,0.724999708576307,FALSE,516,516
6766,-1.25021542760217,FALSE,839,839
6767,0.00167062410266024,FALSE,181,181
6768,0.283132471325672,FALSE,451,451
6769,-2.92129601548532,FALSE,881,881
6770,-0.410088785933338,FALSE,97,97
6771,-0.690619496498588,TRUE,3,290
6772,0.355527267647867,FALSE,873,873
6773,1.11319335478242,FALSE,608,608
6774,0.147656116917149,FALSE,501,501
6775,-0.802166501068598,FALSE,433,433
6776,-0.0767884500373738,TRUE,844,368
6777,-1.01022823332762,TRUE,901,124
6778,-1.00850275646813,FALSE,829,829
6779,-2.50340650921739,FALSE,466,466
6780,-0.260967108399529,FALSE,373,373
6781,0.587795064199159,FALSE,345,345
6782,0.271445584725597,FALSE,412,412
6783,-1.04858148838335,FALSE,172,172
6784,-0.468447377427223,FALSE,222,222
6785,1.13069225005373,TRUE,47,530
6786,0.739336966168512,FALSE,416,416
6787,0.539497982344097,FALSE,29,29
6788,-0.321164122841576,FALSE,908,908
6789,-0.0527015529236533,FALSE,666,666
6790,-1.11424805110528,FALSE,699,699
6791,0.0389199961692448,FALSE,95,95
6792,0.404575344064249,FALSE,839,839
6793,0.0548111938749371,FALSE,192,192
6794,0.214650211509929,TRUE,138,932
6795,-2.4046488464872,TRUE,559,803
6796,0.286457004628382,FALSE,719,719
6797,-0.327269178646847,TRUE,457,254
6798,-1.26152113328153,TRUE,882,618
6799,-0.301435860098489,FALSE,511,511
6800,0.189950552175206,FALSE,805,805
6801,-0.955436016833875,FALSE,42,42
6802,0.0213242036088949,FALSE,806,806
6803,-1.17883417284646,FALSE,621,621
6804,-1.08167529695,FALSE,796,796
6805,1.81414609935703,FALSE,318,318
6806,0.774055477159116,TRUE,970,629
6807,-1.57932497544814,FALSE,868,868
6808,-0.237648907554613,TRUE,609,917
6809,0.131156276311986,FALSE,390,390
6810,-0.307466456765344,FALSE,119,119
6811,1.0952089417745,TRUE,685,530
6812,2.25879155614992,FALSE,266,266
6813,-0.579015605930199,FALSE,28,28
6814,0.844733113514993,TRUE,241,97
6815,1.11829159511152,FALSE,940,940
6816,0.406152075937239,FALSE,231,231
6817,0.470348995601502,FALSE,162,162
6818,1.22618045720956,FALSE,21,21
6819,0.120933745538538,FALSE,473,473
6820,-1.97826432925518,FALSE,428,428
6821,0.447248575383745,FALSE,881,881
6822,-1.28776572578927,FALSE,863,863
6823,-0.61217174670739,FALSE,77,77
6824,-0.239518273513102,FALSE,655,655
6825,-2.12211210045675,TRUE,800,323
6826,-0.183595039050664,FALSE,989,989
6827,0.887106977157379,FALSE,976,976
6828,-0.622807288511613,FALSE,180,180
6829,-1.4864914283609,TRUE,623,430
6830,-0.301931767961413,FALSE,803,803
6831,-0.57346530372923,FALSE,877,877
6832,0.310873621923446,FALSE,111,111
6833,-0.621560704330828,TRUE,860,771
6834,-0.701263342394065,TRUE,913,553
6835,0.357690960412707,FALSE,85,85
6836,0.495845057791496,FALSE,355,355
6837,1.14500500709272,TRUE,424,96
6838,1.06539199491243,FALSE,240,240
6839,-0.655573374851947,TRUE,357,386
6840,0.905595902184362,FALSE,140,140
6841,-1.32473847060709,FALSE,920,920
6842,0.160043407644027,FALSE,164,164
6843,-1.98726197290655,FALSE,901,901
6844,0.404704323369995,FALSE,662,662
6845,-1.07342867377695,TRUE,93,824
6846,-0.0738147669924104,FALSE,155,155
6847,0.27403305731802,TRUE,387,829
6848,-1.49987005889833,TRUE,46,735
6849,0.897805220742601,FALSE,635,635
6850,1.09648738242962,FALSE,279,279
6851,0.277361276663907,TRUE,338,944
6852,-1.2351754910404,TRUE,701,606
6853,-1.48467683482398,FALSE,854,854
6854,-1.50352648318506,TRUE,62,996
6855,-0.446322503252161,FALSE,419,419
6856,-0.106741582463604,FALSE,867,867
6857,0.353123764853313,FALSE,560,560
6858,0.79571099126796,TRUE,342,303
6859,-0.518481877194195,FALSE,204,204
6860,1.10109146783194,TRUE,739,766
6861,-0.369768085870648,FALSE,782,782
6862,-1.50075678799885,FALSE,178,178
6863,0.713489787805379,FALSE,520,520
6864,0.556979381175099,TRUE,350,489
6865,0.117951165076868,FALSE,30,30
6866,0.49119909789118,FALSE,793,793
6867,1.43010331389261,FALSE,748,748
6868,-0.330111226268629,FALSE,572,572
6869,1.01000141216471,FALSE,42,42
6870,-0.550857321607034,TRUE,628,231
6871,1.38481651121209,FALSE,516,516
6872,-0.165597496145851,TRUE,390,753
6873,-0.232804343394382,TRUE,668,59
6874,0.620238400325893,FALSE,59,59
6875,0.607284523395547,TRUE,269,164
6876,1.44106491661778,FALSE,125,125
6877,0.46998291716766,FALSE,593,593
6878,1.0078264999656,TRUE,609,682
6879,0.684011801529936,TRUE,540,577
6880,-0.479974314822132,FALSE,984,984
6881,1.26728853859005,FALSE,467,467
6882,-0.96822851072663,FALSE,334,334
6883,1.02136477352952,TRUE,359,605
6884,-0.895166995835912,FALSE,269,269
6885,0.978938635250335,FALSE,992,992
6886,-0.111996250957537,FALSE,260,260
6887,0.0350952708732367,TRUE,885,540
6888,1.9314386274796,TRUE,551,269
6889,-0.76021714261813,FALSE,738,738
6890,1.04745059333788,FALSE,718,718
6891,-0.679157178802154,FALSE,113,113
6892,0.0249343251746742,FALSE,973,973
6893,-0.123363719075361,FALSE,934,934
6894,1.94140225980242,FALSE,109,109
6895,1.27219462839002,FALSE,210,210
6896,0.075376901038177,FALSE,203,203
6897,0.134274228321053,FALSE,68,68
6898,0.081714883783497,TRUE,742,259
6899,-1.37831533813473,FALSE,708,708
6900,-1.6840708820469,TRUE,768,501
6901,-0.187146328247514,FALSE,261,261
6902,-0.205278035438213,FALSE,909,909
6903,-0.726485406832744,FALSE,946,946
6904,-0.892317444171541,FALSE,243,243
6905,-0.0526610312211097,TRUE,218,759
6906,1.78378200048199,FALSE,13,13
6907,-0.351007069840009,FALSE,111,111
6908,1.1273350100928,TRUE,304,297
6909,-0.246389111883029,FALSE,591,591
6910,0.309517411997844,FALSE,849,849
6911,2.17387836696255,FALSE,610,610
6912,0.294941664948672,FALSE,828,828
6913,-0.648398617928522,FALSE,174,174
6914,-1.70652962208432,FALSE,797,797
6915,-0.513088192302024,FALSE,365,365
6916,0.997867271421822,TRUE,426,233
6917,-0.465406094777788,FALSE,608,608
6918,0.815356544971344,FALSE,484,484
6919,-0.240403654831488,FALSE,493,493
6920,-1.40245132361352,FALSE,475,475
6921,-1.89609645076539,TRUE,586,135
6922,-1.01023553002781,FALSE,756,756
6923,0.00741535359866215,FALSE,629,629
6924,-0.496765687212136,TRUE,768,44
6925,-0.787263734815161,FALSE,947,947
6926,0.0896406270484181,FALSE,737,737
6927,-1.09280444405995,FALSE,121,121
6928,0.968542779160611,FALSE,861,861
6929,-0.597874523412628,FALSE,236,236
6930,-0.174148350015402,FALSE,501,501
6931,-0.903621292380002,FALSE,391,391
6932,0.547558010896929,FALSE,212,212
6933,0.374791848931808,FALSE,646,646
6934,-0.444936363904856,FALSE,364,364
6935,-1.96934798429767,FALSE,453,453
6936,0.159958657524181,FALSE,856,856
6937,0.425828084013383,FALSE,856,856
6938,0.490956025670218,FALSE,155,155
6939,1.0494802263222,FALSE,762,762
6940,-0.819797433180351,TRUE,486,796
6941,-0.738381470699821,TRUE,269,370
6942,-1.27915068350192,FALSE,97,97
6943,0.857547675178483,FALSE,629,629
6944,-0.459581093044728,TRUE,239,825
6945,-0.797742789296458,FALSE,804,804
6946,-0.0461542338124262,TRUE,725,705
6947,-0.19097574869508,TRUE,332,680
6948,-0.635335873067094,FALSE,811,811
6949,1.96644490090347,FALSE,44,44
6950,-0.740508206117234,FALSE,352,352
6951,1.14140004741598,FALSE,875,875
6952,0.600030538978784,FALSE,899,899
6953,1.81636425818632,FALSE,85,85
6954,0.109872279131023,FALSE,160,160
6955,0.00902806668842954,FALSE,958,958
6956,-0.616188357010355,FALSE,965,965
6957,-1.20180700028455,TRUE,805,36
6958,-0.301643044859894,FALSE,464,464
6959,-0.593128760821164,FALSE,675,675
6960,-0.515993291573146,FALSE,76,76
6961,0.372835782644859,FALSE,612,612
6962,-0.447169999700267,FALSE,404,404
6963,-3.41378800539887,TRUE,866,307
6964,-0.20899787818783,FALSE,981,981
6965,0.188237618848249,FALSE,554,554
6966,-0.0706717227085059,TRUE,510,635
6967,0.201011150367191,FALSE,556,556
6968,-0.450345071082317,TRUE,721,204
6969,0.952372185422378,TRUE,78,388
6970,-0.338939735460729,FALSE,503,503
6971,-0.458743467606728,FALSE,762,762
6972,0.924742515541944,FALSE,223,223
6973,1.19278655796072,FALSE,806,806
6974,-0.418907825100109,FALSE,301,301
6975,-0.126638880751514,FALSE,868,868
6976,-0.710161355016415,FALSE,870,870
6977,0.129867723949724,FALSE,786,786
6978,1.74349207373836,TRUE,237,729
6979,0.876237101646282,FALSE,645,645
6980,0.645640766250999,TRUE,175,980
6981,0.466623055006779,FALSE,804,804
6982,-0.211607446282987,FALSE,746,746
6983,-1.66597788151423,FALSE,527,527
6984,0.749030435261853,FALSE,897,897
6985,0.14488526106311,FALSE,184,184
6986,-0.518783170964857,TRUE,247,915
6987,1.31128160759596,FALSE,598,598
6988,0.845613579477121,FALSE,928,928
6989,1.20996051140149,FALSE,588,588
6990,0.747428021411866,FALSE,295,295
6991,-0.762132555077574,FALSE,411,411
6992,-0.25495445083938,TRUE,818,659
6993,-1.91044562155148,FALSE,904,904
6994,-0.201208146412902,FALSE,517,517
6995,-1.77795578375836,FALSE,285,285
6996,0.112229381584818,TRUE,820,916
6997,0.15435442317656,FALSE,939,939
6998,-0.61828724139115,TRUE,100,17
6999,-0.0232465159936248,TRUE,933,863
7000,-1.61803670297698,FALSE,342,342
7001,0.379181152233395,FALSE,489,489
7002,1.90225048050644,FALSE,523,523
7003,0.601874266947382,FALSE,623,623
7004,1.73234970040474,TRUE,260,761
7005,-0.14686955337995,FALSE,265,265
7006,-0.272868241427588,FALSE,879,879
7007,1.14748961195064,FALSE,999,999
7008,0.505399670062373,TRUE,661,503
7009,0.801037474987433,FALSE,699,699
7010,-0.135261291562419,FALSE,462,462
7011,-0.047630325325921,TRUE,17,428
7012,0.250102680449516,FALSE,45,45
7013,0.0435543649321396,FALSE,750,750
7014,0.79144564883068,FALSE,44,44
7015,-0.367948182290832,FALSE,956,956
7016,-0.920185436988979,FALSE,573,573
7017,1.4795855372078,FALSE,21,21
7018,-0.7378562051922,TRUE,851,706
7019,0.288344272967324,FALSE,97,97
7020,-1.86080985001404,FALSE,239,239
7021,-0.643701923640257,FALSE,121,121
7022,2.42138011444996,TRUE,135,906
7023,0.0914724162507986,TRUE,442,49
7024,0.81644111260158,FALSE,83,83
7025,0.543143182334588,FALSE,543,543
7026,-1.41970718079724,FALSE,116,116
7027,0.859360465377011,TRUE,502,893
7028,-1.0216920662398,FALSE,644,644
7029,0.712890392058031,TRUE,522,929
7030,-1.20561425006548,FALSE,900,900
7031,-0.0315592041167918,TRUE,328,521
7032,0.530265025244781,FALSE,635,635
7033,-0.326084831299733,FALSE,440,440
7034,-0.144725349116328,FALSE,128,128
7035,0.572953053492816,FALSE,826,826
7036,0.720223826137904,FALSE,643,643
7037,1.51788812497892,FALSE,883,883
7038,2.82471876434655,FALSE,295,295
7039,-0.11273842983908,FALSE,179,179
7040,1.32946118013757,TRUE,16,489
7041,0.692659114556169,FALSE,950,950
7042,0.0699438598690893,FALSE,834,834
7043,-0.0528378442452677,FALSE,348,348
7044,-0.996601590144277,FALSE,731,731
7045,0.991033942202365,FALSE,67,67
7046,1.03704135567893,TRUE,300,795
7047,-0.501953588063572,TRUE,575,393
7048,-1.20125122199509,FALSE,443,443
7049,0.0302883523965746,TRUE,235,208
7050,1.11706337928647,FALSE,136,136
7051,1.74067850954298,FALSE,966,966
7052,-0.556531541211859,FALSE,441,441
7053,-0.12018183029352,FALSE,706,706
7054,1.71323257961571,TRUE,312,102
7055,-0.402961246699624,FALSE,270,270
7056,-1.0102780365949,TRUE,99,812
7057,0.348797683174704,FALSE,741,741
7058,2.37772781695755,TRUE,881,981
7059,-0.752163309864745,FALSE,694,694
7060,-0.473085651209426,TRUE,246,550
7061,-0.103887511234988,FALSE,363,363
7062,0.0590779960324681,FALSE,393,393
7063,-0.388849858802789,FALSE,972,972
7064,0.478360104866217,TRUE,117,682
7065,-0.656089810469421,FALSE,16,16
7066,-0.134651472082506,FALSE,850,850
7067,0.675957695557538,FALSE,187,187
7068,0.131910036877225,TRUE,619,688
7069,0.689808756238025,FALSE,131,131
7070,-1.39064409398918,FALSE,313,313
7071,-0.830233284077037,FALSE,134,134
7072,-0.154801930774448,FALSE,733,733
7073,-1.57446266611955,FALSE,447,447
7074,0.190549121736647,FALSE,272,272
7075,0.921528665264763,TRUE,601,230
7076,-0.131259521885002,FALSE,847,847
7077,-1.64039657688756,FALSE,787,787
7078,-0.247917301381174,FALSE,37,37
7079,-1.30009160756557,FALSE,341,341
7080,-0.265335756960754,FALSE,570,570
7081,-1.40079202951579,FALSE,70,70
7082,-2.04270308488149,FALSE,544,544
7083,0.851778688270516,FALSE,492,492
7084,0.259731150608054,FALSE,995,995
7085,-1.16420771092819,FALSE,448,448
7086,-1.41205936785437,FALSE,135,135
7087,-1.22830319843021,FALSE,648,648
7088,-0.536864238027104,FALSE,136,136
7089,1.2014053155918,TRUE,78,969
7090,0.37954174704255,FALSE,824,824
7091,-0.957402357649547,FALSE,61,61
7092,0.97779141646181,TRUE,176,602
7093,-1.39128503779909,FALSE,635,635
7094,1.67740605287812,TRUE,564,503
7095,-0.250482018600349,FALSE,348,348
7096,1.43238382539799,TRUE,792,323
7097,-1.01678362381117,FALSE,855,855
7098,-0.0304302819621278,TRUE,127,687
7099,-0.51039563761724,FALSE,217,217
7100,0.340871956054676,FALSE,151,151
7101,-0.970334665270286,FALSE,942,942
7102,-1.22479236693125,TRUE,160,843
7103,-0.949700113905872,FALSE,921,921
7104,1.76588815502968,TRUE,577,21
7105,0.240160911305288,FALSE,506,506
7106,1.0285767102378,FALSE,369,369
7107,-0.762261487874152,TRUE,53,980
7108,-0.11136038635232,FALSE,461,461
7109,-0.0920825726280635,FALSE,206,206
7110,-0.275673844522837,FALSE,828,828
7111,-0.138688592191735,TRUE,829,614
7112,0.295846382533286,FALSE,550,550
7113,-0.792410017758057,FALSE,539,539
7114,0.770283963799983,FALSE,847,847
7115,1.7952032108663,FALSE,369,369
7116,-0.0604490891555284,FALSE,511,511
7117,0.519887436771034,FALSE,345,345
7118,0.210473331204397,FALSE,738,738
7119,-0.0368396637641501,FALSE,330,330
7120,0.447906057854475,FALSE,579,579
7121,-0.0573442273899277,FALSE,228,228
7122,-0.86943461115035,FALSE,965,965
7123,-0.0889101522186457,FALSE,951,951
7124,1.21696744889735,FALSE,38,38
7125,0.569933206854661,TRUE,1,208
7126,0.395379891222626,FALSE,410,410
7127,-0.113843453185286,TRUE,817,122
7128,0.552905906109517,TRUE,612,482
7129,-2.02956006594939,FALSE,176,176
7130,-0.0686946976916937,FALSE,766,766
7131,-1.49767184123777,TRUE,973,663
7132,-0.405455694608118,FALSE,744,744
7133,-1.4002913530797,TRUE,608,432
7134,1.26750815363852,FALSE,24,24
7135,-0.688711859938011,TRUE,698,677
7136,-0.488652300491905,FALSE,479,479
7137,1.23530940701422,FALSE,827,827
7138,0.813250245338892,FALSE,394,394
7139,-0.34256835679028,FALSE,407,407
7140,-2.01983338623565,FALSE,135,135
7141,0.837010190946413,FALSE,465,465
7142,-0.373347873955579,TRUE,412,864
7143,-0.705913682965425,FALSE,830,830
7144,-0.539249664945891,FALSE,561,561
7145,-1.11948448426382,TRUE,774,981
7146,-1.4188888331771,TRUE,802,961
7147,-1.01225264903813,FALSE,42,42
7148,1.0831385336737,TRUE,54,185
7149,-1.04530027352358,TRUE,928,119
7150,-0.323864733560642,TRUE,762,99
7151,0.524438185756302,FALSE,584,584
7152,0.445657890350966,FALSE,244,244
7153,-1.9490096977888,FALSE,829,829
7154,1.46172387729718,FALSE,624,624
7155,0.177940680194105,TRUE,988,921
7156,0.999695919546675,FALSE,708,708
7157,-0.937292247176689,FALSE,987,987
7158,-0.44823004045384,FALSE,351,351
7159,-0.268933922317647,TRUE,907,443
7160,0.652135057033228,TRUE,547,25
7161,-1.22108962295101,FALSE,245,245
7162,-0.479177912848236,FALSE,204,204
7163,0.625164879333557,FALSE,551,551
7164,1.09420449561273,FALSE,80,80
7165,-0.905278662343015,TRUE,545,934
7166,1.41211395332358,FALSE,52,52
7167,-0.132608781527953,TRUE,982,820
7168,-0.192449574686267,TRUE,197,591
7169,0.67325305433309,FALSE,723,723
7170,0.876163568296054,TRUE,416,486
7171,-0.758346497140262,TRUE,476,881
7172,0.864579771902525,TRUE,213,883
7173,-0.948963399300591,FALSE,29,29
7174,0.838568411269346,TRUE,727,754
7175,-0.530415535058218,FALSE,625,625
7176,-0.786908548603669,TRUE,490,685
7177,1.05901879902439,FALSE,586,586
7178,0.470278062186915,FALSE,530,530
7179,-1.2179748564802,FALSE,956,956
7180,0.870229591425316,FALSE,7,7
7181,-0.267426358619252,FALSE,800,800
7182,0.56842903856661,FALSE,223,223
7183,0.457145819141247,TRUE,888,61
7184,-0.969959941777926,FALSE,177,177
7185,-0.114825038985959,TRUE,142,667
7186,-0.0234472743614127,TRUE,666,813
7187,-0.434144699174267,TRUE,196,407
7188,-1.9943340021324,FALSE,11,11
7189,-0.50766746962865,FALSE,147,147
7190,0.490276565726803,FALSE,570,570
7191,0.966104734909007,FALSE,266,266
7192,1.14515302024812,TRUE,983,945
7193,0.713769665749411,FALSE,522,522
7194,-0.201678825773981,FALSE,173,173
7195,-0.34575118336019,FALSE,177,177
7196,-0.580760636834414,FALSE,309,309
7197,0.938766216362923,FALSE,569,569
7198,-0.603470494839364,FALSE,984,984
7199,0.203513688368744,FALSE,497,497
7200,0.92823300523863,FALSE,596,596
7201,0.359090462240704,TRUE,824,977
7202,0.186757338051538,FALSE,303,303
7203,-0.419845439744831,FALSE,191,191
7204,-1.1659802678585,TRUE,231,100
7205,-0.276737825839425,FALSE,59,59
7206,-0.856257832698083,FALSE,57,57
7207,0.139424305372722,FALSE,330,330
7208,0.0315245529374235,FALSE,534,534
7209,-0.33652133756092,TRUE,212,248
7210,0.579936073436706,FALSE,522,522
7211,1.45462253339102,TRUE,942,653
7212,0.0555095428648723,FALSE,523,523
7213,0.541030164477047,TRUE,964,308
7214,-1.02610058234102,FALSE,157,157
7215,-0.100002827108791,FALSE,986,986
7216,0.0309730324517755,FALSE,948,948
7217,0.458411654341046,FALSE,834,834
7218,0.384593475592194,FALSE,378,378
7219,0.173952590312354,TRUE,168,366
7220,0.391491958293694,FALSE,760,760
7221,-0.886524893523497,TRUE,286,76
7222,0.190932085796146,TRUE,135,846
7223,-1.62758816223906,FALSE,178,178
7224,0.910026353420563,FALSE,193,193
7225,0.684047217263731,FALSE,684,684
7226,-0.0495199836081726,FALSE,560,560
7227,1.68793300204711,FALSE,330,330
7228,-0.548234524405783,FALSE,175,175
7229,1.27235101713631,FALSE,116,116
7230,0.701140119543595,TRUE,400,944
7231,2.18965021245322,FALSE,254,254
7232,1.26903037115332,FALSE,693,693
7233,0.761464999670919,FALSE,853,853
7234,0.582757040099696,FALSE,284,284
7235,0.533985835716627,TRUE,119,725
7236,0.863510790207517,FALSE,118,118
7237,0.763324150905144,TRUE,527,99
7238,1.20037462254049,FALSE,777,777
7239,-0.140391418142241,FALSE,673,673
7240,1.7700780657183,FALSE,913,913
7241,-0.0256507306642261,FALSE,633,633
7242,-1.30579410177537,FALSE,123,123
7243,1.27519729484828,FALSE,603,603
7244,-1.42251331058624,TRUE,994,666
7245,0.0383256998883746,TRUE,785,288
7246,-0.848389891350233,FALSE,808,808
7247,1.30756902051937,FALSE,249,249
7248,0.665223165074352,TRUE,216,593
7249,-0.682706605763559,FALSE,210,210
7250,1.06610268437664,TRUE,566,898
7251,0.21792690991231,TRUE,158,958
7252,0.697800221520556,FALSE,720,720
7253,0.911637479950543,FALSE,134,134
7254,-0.507134896840544,FALSE,924,924
7255,0.267385200686626,FALSE,203,203
7256,-2.52692025177042,FALSE,996,996
7257,-0.351222832836138,TRUE,750,31
7258,0.846335475711249,TRUE,736,208
7259,1.01884847499035,FALSE,702,702
7260,0.594545830481905,TRUE,855,864
7261,0.246856797447293,FALSE,311,311
7262,0.748586771913576,TRUE,7,713
7263,-0.927948344686552,FALSE,667,667
7264,-0.674439400656587,FALSE,674,674
7265,-0.912534514450111,FALSE,979,979
7266,0.351892765401576,FALSE,368,368
7267,0.0627806044708449,FALSE,396,396
7268,0.393917044558323,FALSE,739,739
7269,0.390901574111322,TRUE,642,636
7270,1.16127591931519,FALSE,926,926
7271,1.74197897662288,FALSE,410,410
7272,-1.30913466488664,FALSE,878,878
7273,0.434757453696401,TRUE,587,998
7274,-0.608092801083095,FALSE,396,396
7275,1.41077825366179,FALSE,777,777
7276,0.699357750880307,FALSE,258,258
7277,1.19161191262195,FALSE,706,706
7278,-1.23629565562561,FALSE,200,200
7279,0.0823008277314867,TRUE,708,19
7280,1.61284463522789,TRUE,830,811
7281,-0.865434757919647,FALSE,681,681
7282,-0.995189766402112,FALSE,71,71
7283,-0.14339993799626,FALSE,187,187
7284,-0.668272601529074,FALSE,892,892
7285,0.833227985417677,FALSE,140,140
7286,-0.422131686590925,FALSE,390,390
7287,-0.208650674476402,FALSE,278,278
7288,-1.34886543032903,TRUE,745,616
7289,0.353948999694979,FALSE,9,9
7290,0.674246073526959,TRUE,645,79
7291,-1.2836842868083,TRUE,854,232
7292,1.44958453509574,FALSE,790,790
7293,-0.928706832667332,FALSE,352,352
7294,0.455763594182798,TRUE,632,15
7295,0.173655478839017,FALSE,530,530
7296,-0.874420233037785,FALSE,407,407
7297,-0.552189300181318,TRUE,915,712
7298,0.948999857957505,FALSE,112,112
7299,-0.0658948119442488,FALSE,110,110
7300,-0.16245267962003,FALSE,187,187
7301,0.928616831247081,FALSE,997,997
7302,0.380701291636888,TRUE,662,443
7303,-0.236219453668323,FALSE,875,875
7304,0.190561242869662,FALSE,856,856
7305,-1.33193696954301,FALSE,418,418
7306,0.260900204202877,FALSE,644,644
7307,2.19067505966995,FALSE,853,853
7308,-0.22355073914797,FALSE,566,566
7309,-0.558228173337348,FALSE,847,847
7310,1.37485903096621,FALSE,592,592
7311,0.834479849708939,FALSE,775,775
7312,1.41825778478758,FALSE,791,791
7313,0.592403021321262,TRUE,811,375
7314,0.409670706675348,FALSE,825,825
7315,0.688855928032327,FALSE,553,553
7316,-0.855891535546151,FALSE,85,85
7317,0.269124301191455,FALSE,755,755
7318,0.440311891829922,FALSE,83,83
7319,1.86660152850446,FALSE,925,925
7320,0.857132090315397,FALSE,634,634
7321,1.6366827702832,TRUE,468,413
7322,0.0586833054415583,FALSE,858,858
7323,-0.841286186141907,FALSE,995,995
7324,-0.814155313856356,FALSE,391,391
7325,-1.28899268625967,FALSE,398,398
7326,-1.79623981939231,FALSE,620,620
7327,-0.37715379660842,TRUE,706,244
7328,-0.480849572450868,FALSE,261,261
7329,1.41717620939511,FALSE,638,638
7330,-1.62619427460619,FALSE,612,612
7331,0.15895716488783,FALSE,847,847
7332,-0.427968097911214,FALSE,335,335
7333,0.657259424329231,FALSE,757,757
7334,0.772936378152903,FALSE,460,460
7335,-0.839800257326232,TRUE,518,354
7336,-0.1699602174836,FALSE,886,886
7337,-0.215953934243082,TRUE,748,690
7338,-1.05217728142542,FALSE,237,237
7339,0.117762836397598,FALSE,745,745
7340,-0.364666423193601,FALSE,171,171
7341,-0.649700964025581,FALSE,199,199
7342,-1.01757868492357,TRUE,201,505
7343,0.0581763553086045,FALSE,486,486
7344,0.07883273012598,FALSE,162,162
7345,-0.644140130297111,FALSE,347,347
7346,1.59992099632912,TRUE,899,146
7347,-1.16098375180673,TRUE,545,217
7348,-0.189315697763474,TRUE,362,152
7349,-0.727277841774519,FALSE,730,730
7350,0.856030710683089,TRUE,539,767
7351,1.11576331613128,FALSE,953,953
7352,-2.46120436280051,FALSE,87,87
7353,-0.58022373327872,FALSE,580,580
7354,-1.90342670044957,TRUE,39,288
7355,1.83669092425245,TRUE,931,614
7356,0.139266047194824,FALSE,319,319
7357,0.438840687184399,FALSE,71,71
7358,0.0166670363461385,TRUE,520,382
7359,-1.55689603224039,FALSE,400,400
7360,-1.58464088388105,FALSE,687,687
7361,0.881420659715242,FALSE,118,118
7362,0.362035080919156,FALSE,417,417
7363,-0.729857281791154,FALSE,939,939
7364,-1.42869016738371,FALSE,304,304
7365,0.692404334339715,FALSE,6,6
7366,-0.905791592082889,FALSE,819,819
7367,-0.298892255828553,FALSE,682,682
7368,0.788320444546589,FALSE,587,587
7369,-0.883609685930349,FALSE,898,898
7370,-1.32420349383643,FALSE,180,180
7371,1.93266550607338,FALSE,541,541
7372,-0.522759807635191,FALSE,949,949
7373,1.79234298282381,FALSE,478,478
7374,-0.466197814954333,FALSE,434,434
7375,0.427162210957329,FALSE,44,44
7376,0.523183759821837,TRUE,312,271
7377,-1.17717025020021,FALSE,239,239
7378,-0.737138692521686,FALSE,195,195
7379,1.86640407660091,FALSE,401,401
7380,-0.0236760890253119,TRUE,450,148
7381,1.06054884200624,FALSE,744,744
7382,-1.63951326628816,TRUE,451,209
7383,0.93308721049449,FALSE,299,299
7384,-0.302932622972071,FALSE,575,575
7385,-0.175992828035779,FALSE,924,924
7386,-0.537230026443616,FALSE,337,337
7387,-0.0726547183281847,FALSE,162,162
7388,0.191757992808065,TRUE,59,646
7389,-1.73325152432565,FALSE,841,841
7390,-0.801618673004575,FALSE,518,518
7391,0.451812412176331,FALSE,900,900
7392,-0.12193214611296,FALSE,270,270
7393,0.104269351971405,FALSE,743,743
7394,-0.29891338930648,FALSE,203,203
7395,1.21824475185159,FALSE,425,425
7396,0.00198088559704609,FALSE,728,728
7397,-0.0793336611752511,FALSE,875,875
7398,0.69011247269733,FALSE,341,341
7399,2.29623097778563,TRUE,509,855
7400,0.54465183257037,TRUE,475,374
7401,1.15962044556114,FALSE,304,304
7402,-0.825720230699537,TRUE,219,986
7403,0.0737480248594511,TRUE,420,578
7404,-0.493216045058824,FALSE,441,441
7405,0.894698323521811,FALSE,50,50
7406,0.144196262966656,FALSE,879,879
7407,0.641986692206216,FALSE,93,93
7408,2.68177484987751,FALSE,213,213
7409,-0.657919205370567,FALSE,82,82
7410,0.553268655008738,FALSE,995,995
7411,-1.02891451104272,FALSE,904,904
7412,-0.73079070516968,FALSE,683,683
7413,1.10692029336161,FALSE,873,873
7414,-0.0832283687795578,TRUE,216,318
7415,0.352993616845014,FALSE,819,819
7416,-0.716333972116772,FALSE,955,955
7417,-0.130086492461006,TRUE,333,580
7418,-0.987757040660953,FALSE,626,626
7419,0.593445686826744,FALSE,320,320
7420,-0.915272823520527,FALSE,578,578
7421,-0.31928401625837,FALSE,499,499
7422,-0.43134785692501,FALSE,930,930
7423,0.155201186793394,TRUE,15,305
7424,-0.40294480146142,FALSE,20,20
7425,-1.29513325339756,FALSE,226,226
7426,0.28009914866019,FALSE,950,950
7427,0.762910501226987,FALSE,27,27
7428,1.67049800540912,FALSE,996,996
7429,-1.45280516329579,TRUE,287,975
7430,1.42507694536972,TRUE,717,308
7431,-1.02409117303114,FALSE,41,41
7432,-0.186805476866261,FALSE,317,317
7433,-1.2110648741674,FALSE,282,282
7434,1.52855868136876,FALSE,218,218
7435,0.13964252633843,FALSE,656,656
7436,-0.0427132349614843,TRUE,745,861
7437,0.436839943393309,FALSE,705,705
7438,2.85613088783249,FALSE,92,92
7439,-0.656474025297409,TRUE,631,429
7440,0.447833087822636,FALSE,378,378
7441,0.0970799341271092,FALSE,444,444
7442,0.17098212263026,FALSE,321,321
7443,1.11503425388666,FALSE,557,557
7444,0.20285431550106,FALSE,618,618
7445,-0.0787893747449257,TRUE,969,515
7446,0.315623451363177,FALSE,514,514
7447,-0.713746556369175,FALSE,342,342
7448,1.87501507016515,FALSE,288,288
7449,1.8597519888007,FALSE,979,979
7450,-0.796525173985439,TRUE,155,565
7451,-1.88827924579304,TRUE,35,522
7452,1.95169632479286,FALSE,963,963
7453,0.492345014924342,TRUE,936,453
7454,-1.40656942486375,FALSE,719,719
7455,-0.810864474610165,TRUE,412,192
7456,-1.02953732673204,TRUE,186,44
7457,0.131430796048041,FALSE,807,807
7458,-0.275341374300189,FALSE,916,916
7459,1.37479500350296,FALSE,689,689
7460,1.86164249953022,FALSE,76,76
7461,0.909581324222176,FALSE,297,297
7462,-0.0212244551339766,FALSE,656,656
7463,1.11766911663723,TRUE,678,457
7464,-0.747612474183573,TRUE,308,116
7465,-0.649698500999308,FALSE,317,317
7466,0.0244210991546445,FALSE,441,441
7467,-0.185507451338307,FALSE,861,861
7468,-0.775319743901906,FALSE,318,318
7469,0.371213747781675,FALSE,766,766
7470,-0.624943399041277,FALSE,605,605
7471,1.13423841676414,FALSE,105,105
7472,-0.351299467301722,FALSE,745,745
7473,-0.360930048877003,FALSE,285,285
7474,-0.0639032150351381,FALSE,872,872
7475,1.36192184066441,FALSE,251,251
7476,0.611074872202311,TRUE,807,300
7477,0.364213066363244,FALSE,925,925
7478,1.02507875746981,FALSE,998,998
7479,-1.08426494447674,TRUE,306,102
7480,1.14673193627733,FALSE,997,997
7481,0.00875398014453548,FALSE,825,825
7482,-1.44350387550395,TRUE,237,996
7483,-0.588157877094182,FALSE,945,945
7484,-0.365650302204967,TRUE,845,396
7485,1.51963782370557,FALSE,608,608
7486,-1.99743908517994,FALSE,541,541
7487,-0.346913360454757,FALSE,672,672
7488,-0.964888832576543,TRUE,233,358
7489,0.269592443334572,FALSE,239,239
7490,0.0181888905579539,FALSE,651,651
7491,1.05559186416827,TRUE,385,46
7492,0.991049481939802,TRUE,954,569
7493,0.712670060379597,TRUE,845,586
7494,1.79564472276236,TRUE,880,276
7495,-1.08168674572358,FALSE,452,452
7496,-0.492533775468942,TRUE,177,489
7497,0.964597393005184,FALSE,675,675
7498,-0.583063862376813,FALSE,62,62
7499,-1.2492405101132,FALSE,629,629
7500,0.350002521064218,TRUE,395,606
7501,0.8144417092895,FALSE,899,899
7502,-0.516666126824208,FALSE,240,240
7503,-2.69226440296034,FALSE,815,815
7504,-1.09695464068111,FALSE,21,21
7505,-1.25547507523776,TRUE,731,341
7506,-0.637210777689725,TRUE,294,374
7507,-0.390916151927342,FALSE,940,940
7508,0.994421972046409,FALSE,43,43
7509,-1.4230196632892,FALSE,338,338
7510,-0.611009337657888,FALSE,587,587
7511,-0.738816743966458,FALSE,777,777
7512,1.42907164060281,TRUE,480,877
7513,-1.49158469592002,FALSE,227,227
7514,-1.54572840941,FALSE,667,667
7515,1.03955625118711,FALSE,194,194
7516,0.0341473607128104,TRUE,125,615
7517,-0.582492452949291,FALSE,852,852
7518,-0.721367743914244,FALSE,645,645
7519,-2.58489551443653,TRUE,961,543
7520,0.271229173255662,TRUE,695,575
7521,-0.141992951307933,TRUE,420,331
7522,1.10391731154999,FALSE,862,862
7523,-0.476095658518777,FALSE,182,182
7524,1.00904950741942,TRUE,328,166
7525,0.252455785120805,FALSE,390,390
7526,0.741050015880075,TRUE,64,415
7527,-1.79597414743215,TRUE,375,515
7528,0.991712732321556,FALSE,221,221
7529,0.782987738818558,FALSE,153,153
7530,1.31355186271327,FALSE,392,392
7531,-0.0557615967622083,FALSE,548,548
7532,-1.08483671576444,TRUE,835,330
7533,-0.141974685433015,FALSE,867,867
7534,0.754743335139541,FALSE,209,209
7535,0.881568481851896,FALSE,514,514
7536,1.32965790105899,FALSE,324,324
7537,-0.0663639011771357,FALSE,198,198
7538,1.57859807129761,FALSE,636,636
7539,-0.788413331284242,TRUE,970,660
7540,-2.67943701237694,FALSE,461,461
7541,0.228813525819039,FALSE,199,199
7542,-0.0354772091216562,FALSE,741,741
7543,-1.30403252015722,FALSE,610,610
7544,0.137886340389489,FALSE,431,431
7545,-1.23609678483334,FALSE,983,983
7546,-0.8354309531182,FALSE,977,977
7547,1.39926477342309,TRUE,799,141
7548,-3.05812274638343,FALSE,406,406
7549,0.319838091373581,FALSE,800,800
7550,-0.456855638009079,TRUE,742,713
7551,-0.622156929067873,FALSE,407,407
7552,0.130613555640024,FALSE,725,725
7553,-0.482700177567511,TRUE,674,972
7554,-0.533934670266231,FALSE,600,600
7555,-1.38737201285738,FALSE,922,922
7556,1.59922391528695,TRUE,310,43
7557,0.905379741940317,FALSE,370,370
7558,-1.26858131323938,FALSE,867,867
7559,-0.313621099490744,FALSE,57,57
7560,0.659389492006261,FALSE,449,449
7561,-0.563385903834706,TRUE,515,527
7562,0.0448672654869373,FALSE,733,733
7563,0.117080936615634,FALSE,118,118
7564,1.63056369553001,TRUE,223,532
7565,-0.784991866770306,TRUE,49,762
7566,0.766974274773346,FALSE,525,525
7567,-0.593421250324588,FALSE,207,207
7568,-0.276484609889604,TRUE,668,22
7569,-0.0497915302407789,FALSE,314,314
7570,0.312162856591727,FALSE,240,240
7571,0.106990675093955,FALSE,241,241
7572,-0.481422182887622,FALSE,458,458
7573,-0.0127098688594458,FALSE,159,159
7574,0.253134521816688,FALSE,25,25
7575,0.418049833386118,FALSE,495,495
7576,-1.34161739445306,FALSE,448,448
7577,-0.220873079467586,FALSE,617,617
7578,1.80159335709421,TRUE,987,734
7579,-0.568218360145234,FALSE,554,554
7580,0.0520012348941632,FALSE,665,665
7581,0.99572628701801,FALSE,419,419
7582,-1.21992060687378,TRUE,899,943
7583,-1.31922847182848,FALSE,5,5
7584,1.17018752212763,FALSE,713,713
7585,0.628303269633446,FALSE,866,866
7586,-1.10488914382778,FALSE,542,542
7587,1.47772473882889,FALSE,780,780
7588,1.00795474851833,TRUE,72,855
7589,1.7495283281769,FALSE,79,79
7590,-1.20961677478583,FALSE,640,640
7591,1.04171040108788,FALSE,925,925
7592,0.0981616161180647,FALSE,674,674
7593,-1.91261664637189,FALSE,741,741
7594,-0.845393596769094,FALSE,261,261
7595,0.738740740600385,FALSE,918,918
7596,0.767169444173513,TRUE,558,910
7597,-1.47455554188735,FALSE,794,794
7598,0.0126818245993348,TRUE,296,81
7599,-1.86405223996209,FALSE,262,262
7600,0.885298128972816,FALSE,187,187
7601,0.4924302648451,FALSE,508,508
7602,1.74707400868082,FALSE,475,475
7603,-0.261999285583627,FALSE,614,614
7604,0.499754578712941,TRUE,569,120
7605,-0.688898768700806,FALSE,822,822
7606,-0.982579968472713,FALSE,31,31
7607,0.98070049604661,TRUE,633,191
7608,0.923316479662903,TRUE,686,47
7609,0.330687285267199,FALSE,602,602
7610,0.456662527558143,TRUE,188,550
7611,0.31694184017936,FALSE,873,873
7612,0.409146926530313,TRUE,117,483
7613,0.189341797037582,FALSE,620,620
7614,-1.3194093871981,FALSE,47,47
7615,-2.00121000954031,FALSE,499,499
7616,-1.31815204971512,FALSE,256,256
7617,1.2465489558355,TRUE,495,625
7618,-1.11978291354669,TRUE,769,378
7619,0.600113097156557,FALSE,261,261
7620,0.798221759096071,TRUE,730,436
7621,0.18388078766323,TRUE,573,313
7622,0.323802972576936,FALSE,106,106
7623,0.650494424541274,FALSE,886,886
7624,1.58297954237461,TRUE,238,383
7625,-0.00195312365451891,FALSE,811,811
7626,-0.308821787027478,FALSE,617,617
7627,-0.623122684555897,FALSE,603,603
7628,0.938155892129959,FALSE,271,271
7629,0.10267905941179,FALSE,750,750
7630,1.08798007516672,TRUE,484,713
7631,-1.35119999550856,TRUE,3,883
7632,-0.455781033610067,FALSE,300,300
7633,-0.25083562434288,FALSE,384,384
7634,0.50534710397092,FALSE,388,388
7635,0.654022286791513,FALSE,275,275
7636,-0.215362310370286,FALSE,767,767
7637,0.226742328134084,FALSE,723,723
7638,-1.15733910758091,FALSE,686,686
7639,2.03280027895722,FALSE,60,60
7640,-0.258620547953787,FALSE,482,482
7641,-0.0981801231087492,FALSE,823,823
7642,-0.353161254132741,FALSE,224,224
7643,-0.99310543451176,TRUE,720,67
7644,0.868923149602917,FALSE,833,833
7645,-1.81638425913929,TRUE,973,130
7646,-0.318847782177853,FALSE,679,679
7647,0.124840803991352,TRUE,29,566
7648,-1.46899195618022,FALSE,578,578
7649,1.06850860216333,FALSE,984,984
7650,-0.482179828056362,FALSE,919,919
7651,0.659615451932949,TRUE,298,8
7652,-1.81763578783656,FALSE,235,235
7653,-0.278583121537628,TRUE,207,663
7654,0.0677352549954399,FALSE,223,223
7655,-1.35069077014841,FALSE,231,231
7656,0.919474362433358,TRUE,214,697
7657,0.272527744349669,FALSE,321,321
7658,-0.0946161945420185,TRUE,357,180
7659,0.178303766569885,FALSE,783,783
7660,-0.0539104481702267,FALSE,926,926
7661,0.670286243176668,TRUE,303,597
7662,0.182138332351512,FALSE,811,811
7663,1.53861131958462,FALSE,411,411
7664,-0.416552562330711,FALSE,22,22
7665,0.874317166067321,FALSE,790,790
7666,0.14098363985602,FALSE,62,62
7667,2.16178726647596,FALSE,43,43
7668,0.0276192348576938,FALSE,222,222
7669,0.128342863330021,FALSE,657,657
7670,-0.352602254408073,FALSE,50,50
7671,-2.08687798940646,TRUE,56,505
7672,-1.9738655117554,FALSE,477,477
7673,-0.136036680349748,TRUE,832,491
7674,0.0921926590068851,FALSE,608,608
7675,-0.690263563046815,TRUE,633,290
7676,0.615681632550622,FALSE,24,24
7677,1.36182595284359,TRUE,998,519
7678,1.71313622188412,TRUE,672,748
7679,-2.17955076857945,FALSE,592,592
7680,0.80984780121057,TRUE,865,727
7681,0.946646649354902,TRUE,216,664
7682,0.692901377495949,FALSE,803,803
7683,1.12785688257666,FALSE,224,224
7684,-0.147397246952429,FALSE,237,237
7685,-0.287952706118326,FALSE,272,272
7686,1.01932786168678,FALSE,966,966
7687,-0.67661713377551,TRUE,919,423
7688,0.892826207619909,TRUE,641,762
7689,-0.80168592969356,FALSE,239,239
7690,-0.58717806957032,TRUE,738,130
7691,-0.699415252662933,TRUE,674,987
7692,0.882787586876002,FALSE,902,902
7693,-0.0598882866643978,FALSE,597,597
7694,0.538141731252646,FALSE,876,876
7695,2.37604385319617,TRUE,96,284
7696,-0.99410790143334,FALSE,168,168
7697,1.32718964729678,FALSE,550,550
7698,0.623759647909966,TRUE,773,608
7699,0.0154155914310925,FALSE,232,232
7700,-1.18122099027744,FALSE,811,811
7701,2.84546508656049,TRUE,368,120
7702,-1.65857471539792,FALSE,249,249
7703,-0.764691543762314,FALSE,217,217
7704,1.12591957226936,TRUE,795,932
7705,-1.55386927556186,FALSE,533,533
7706,0.440201232522546,FALSE,431,431
7707,-1.56657247756851,TRUE,759,267
7708,0.453151162140412,FALSE,798,798
7709,2.17671216889158,FALSE,235,235
7710,0.19831272940774,TRUE,69,328
7711,0.481207671962158,TRUE,678,697
7712,0.726532426018014,FALSE,316,316
7713,-0.795898028902544,TRUE,602,419
7714,-0.96041834455225,FALSE,213,213
7715,-0.531284943746229,FALSE,326,326
7716,0.356689095181364,FALSE,805,805
7717,-1.07221859325987,FALSE,136,136
7718,-0.0757479959685197,FALSE,643,643
7719,0.799591208318987,TRUE,141,924
7720,-0.548070882961771,FALSE,746,746
7721,-0.0568124267128896,FALSE,468,468
7722,0.174738995382156,FALSE,285,285
7723,-1.61110951071779,FALSE,482,482
7724,-0.165801246959369,TRUE,175,514
7725,-1.20492373985728,FALSE,930,930
7726,-0.254174798990381,FALSE,66,66
7727,0.506151267678471,FALSE,230,230
7728,0.626969021909569,FALSE,101,101
7729,-0.889435327793729,FALSE,289,289
7730,-1.20385250835597,TRUE,325,777
7731,1.77720760311675,TRUE,613,18
7732,-1.9184592381599,FALSE,425,425
7733,-1.10986784155283,TRUE,151,67
7734,-0.324841657999675,FALSE,40,40
7735,-0.0727195880352853,FALSE,402,402
7736,-0.629099259869507,TRUE,490,475
7737,-1.35334550625973,FALSE,522,522
7738,-0.0939130949407514,TRUE,462,920
7739,-1.28432292290437,TRUE,977,228
7740,-0.497926595692588,FALSE,174,174
7741,0.422550256259989,TRUE,698,819
7742,1.03018952702862,TRUE,680,559
7743,1.10109495742482,FALSE,223,223
7744,0.910031050071425,TRUE,114,331
7745,-0.275446190860103,FALSE,908,908
7746,-1.75598543873627,FALSE,865,865
7747,-1.56186433607717,TRUE,79,117
7748,0.685282413360758,TRUE,679,785
7749,-2.2864094178025,TRUE,107,194
7750,0.741670511700805,FALSE,246,246
7751,0.0200671792400772,TRUE,90,436
7752,1.91413993932556,FALSE,680,680
7753,-0.0106532577883124,TRUE,772,759
7754,-2.14362076222586,FALSE,490,490
7755,0.82436043127328,FALSE,486,486
7756,1.0943847293062,TRUE,117,801
7757,-0.41023390566632,FALSE,766,766
7758,-0.294991724611515,FALSE,209,209
7759,0.40394163590037,FALSE,618,618
7760,0.255442312812669,FALSE,642,642
7761,-0.0143496287067365,TRUE,852,868
7762,0.0552541815015395,FALSE,748,748
7763,1.98312504230562,FALSE,389,389
7764,1.09860616564195,FALSE,739,739
7765,2.04758884678852,TRUE,55,556
7766,-0.404282461174009,FALSE,475,475
7767,-0.411679303927403,FALSE,550,550
7768,-0.310268086199533,FALSE,12,12
7769,0.721283781384187,FALSE,482,482
7770,1.78350470205458,FALSE,614,614
7771,0.422692643650483,FALSE,957,957
7772,-0.31794469994204,TRUE,102,724
7773,0.308252633385196,FALSE,276,276
7774,-0.335823920192339,TRUE,205,382
7775,-0.190591992314197,FALSE,612,612
7776,-0.969372025375615,FALSE,426,426
7777,0.142579505261294,FALSE,279,279
7778,-0.41989921819216,TRUE,125,684
7779,-1.0162899693319,TRUE,58,128
7780,0.0116297015642492,FALSE,508,508
7781,0.48130654020099,TRUE,347,559
7782,-0.158023179103982,FALSE,269,269
7783,-0.253201827289784,FALSE,740,740
7784,-0.235512964102567,TRUE,905,800
7785,0.98812574158829,FALSE,664,664
7786,0.725062251527722,FALSE,996,996
7787,-0.0263379551519861,FALSE,725,725
7788,-0.908474699923568,FALSE,907,907
7789,0.0519335122599527,FALSE,102,102
7790,-1.26839659634922,FALSE,145,145
7791,1.09714462547287,TRUE,914,973
7792,0.369836102824869,FALSE,717,717
7793,1.48792676892794,TRUE,288,905
7794,1.0912767444417,FALSE,613,613
7795,0.45917219997063,FALSE,380,380
7796,-0.465009563098139,FALSE,801,801
7797,-0.117472987594277,TRUE,663,851
7798,-1.19105236703066,TRUE,404,586
7799,-0.199561808658033,TRUE,207,930
7800,1.16326308160103,FALSE,607,607
7801,0.167895893067,FALSE,21,21
7802,0.161522012874,FALSE,995,995
7803,-0.434244664807243,FALSE,674,674
7804,1.324752381568,FALSE,232,232
7805,0.526762961654402,FALSE,271,271
7806,-0.850347844384154,FALSE,769,769
7807,0.288478102005916,FALSE,124,124
7808,1.10759012504641,FALSE,520,520
7809,-0.260440283891997,FALSE,402,402
7810,0.0402260588108364,FALSE,848,848
7811,-0.347257162187248,FALSE,560,560
7812,1.28571799151211,TRUE,964,665
7813,0.118741644833217,FALSE,13,13
7814,2.62951179316163,FALSE,285,285
7815,-1.97724579824617,FALSE,706,706
7816,-0.0459237775225445,FALSE,725,725
7817,0.890516151635442,FALSE,500,500
7818,-0.257731834941121,TRUE,184,603
7819,2.06684467978054,FALSE,204,204
7820,-0.0111326087247487,TRUE,186,310
7821,-1.03429070327721,FALSE,264,264
7822,-0.439721331013605,FALSE,326,326
7823,-0.226026473872947,FALSE,216,216
7824,0.106434259700459,FALSE,75,75
7825,0.161425258200761,FALSE,157,157
7826,1.4887659083237,FALSE,858,858
7827,-0.686026483572009,TRUE,474,468
7828,-0.46235339999356,FALSE,789,789
7829,-0.010895529705175,FALSE,519,519
7830,-1.15305303365428,FALSE,58,58
7831,0.208131773523527,FALSE,194,194
7832,0.282311615825899,FALSE,754,754
7833,-1.20080944442148,FALSE,451,451
7834,-1.24740761133513,FALSE,413,413
7835,-0.0692910012483671,FALSE,31,31
7836,-0.679917049696824,FALSE,887,887
7837,0.721209208481557,FALSE,401,401
7838,-0.564325331443096,FALSE,18,18
7839,-0.0786210003406808,FALSE,681,681
7840,0.442190926057339,FALSE,674,674
7841,-0.770604404460761,FALSE,244,244
7842,0.921097221574857,FALSE,132,132
7843,0.305361356898435,FALSE,459,459
7844,2.25569027549587,TRUE,651,13
7845,-0.31682768891911,FALSE,732,732
7846,-1.97129651580451,FALSE,359,359
7847,1.17193207243707,FALSE,488,488
7848,0.00980504292190552,TRUE,559,435
7849,1.60541429225126,FALSE,132,132
7850,-0.966394098848594,FALSE,742,742
7851,2.63896450180085,FALSE,379,379
7852,1.41632891445669,FALSE,38,38
7853,-0.203069756912127,FALSE,127,127
7854,1.11578511514163,FALSE,427,427
7855,-0.0784415800070815,FALSE,552,552
7856,1.98732056206851,FALSE,233,233
7857,-0.595823746529404,TRUE,333,66
7858,0.170049645901807,FALSE,614,614
7859,-1.03202600920704,TRUE,83,756
7860,-0.0906546389243055,TRUE,834,852
7861,-0.904314736588026,TRUE,683,851
7862,1.73819787845621,FALSE,786,786
7863,-0.322913631606971,FALSE,558,558
7864,-0.59774607868777,FALSE,882,882
7865,1.12492410292339,FALSE,524,524
7866,-1.73132809909557,FALSE,172,172
7867,1.0550838439675,FALSE,961,961
7868,-0.711250770865978,FALSE,537,537
7869,0.191068319499424,TRUE,961,932
7870,-1.33785155012305,FALSE,113,113
7871,0.62040897823253,FALSE,792,792
7872,0.967863288949851,FALSE,104,104
7873,0.347548477485232,FALSE,142,142
7874,-0.664604668938005,FALSE,812,812
7875,0.591885836530654,FALSE,374,374
7876,-0.229687345300043,TRUE,338,744
7877,0.183266968882504,TRUE,166,405
7878,-0.43481271003943,FALSE,172,172
7879,2.43541243676281,FALSE,40,40
7880,-1.76198833549688,FALSE,16,16
7881,0.632020847385621,FALSE,725,725
7882,1.91165512857432,FALSE,15,15
7883,-0.845540405242008,FALSE,576,576
7884,-1.70668390836681,TRUE,235,399
7885,-1.21945191225634,FALSE,795,795
7886,0.112423812463031,FALSE,433,433
7887,1.41707010715515,TRUE,840,336
7888,0.67975826734929,FALSE,94,94
7889,0.165223728797035,FALSE,711,711
7890,-1.01161997793715,FALSE,695,695
7891,-0.752745058527501,TRUE,352,351
7892,0.068049177853567,FALSE,503,503
7893,0.067991283069873,FALSE,469,469
7894,-0.155411036171212,FALSE,549,549
7895,-1.8460075801877,TRUE,709,330
7896,0.251690544800861,FALSE,341,341
7897,-0.233557347747012,TRUE,23,782
7898,-1.58403701292234,FALSE,493,493
7899,-1.73798976811449,FALSE,493,493
7900,0.164524856878353,FALSE,813,813
7901,-0.901450384669093,FALSE,832,832
7902,-1.83114622823101,FALSE,354,354
7903,-0.0969640162362645,FALSE,361,361
7904,0.492363454555276,FALSE,395,395
7905,1.029039056783,FALSE,147,147
7906,-0.992693558425884,FALSE,290,290
7907,-0.0347514950038364,TRUE,130,383
7908,1.12981678378371,FALSE,374,374
7909,-1.48893128622283,FALSE,462,462
7910,1.14208999394909,TRUE,72,769
7911,1.823191510187,FALSE,965,965
7912,-0.737872948837552,FALSE,394,394
7913,-0.135285992497865,FALSE,398,398
7914,-3.84532016946004,TRUE,736,497
7915,-1.98288500690556,FALSE,504,504
7916,1.30189560692404,FALSE,788,788
7917,-2.9105642900047,FALSE,629,629
7918,0.0979401735831754,FALSE,20,20
7919,-1.0779604859127,FALSE,531,531
7920,-0.233212663085504,FALSE,920,920
7921,-0.618589226233488,FALSE,93,93
7922,-0.191042966446811,FALSE,466,466
7923,-0.149035334193069,FALSE,440,440
7924,0.43464760146585,FALSE,324,324
7925,-0.294912924094782,FALSE,868,868
7926,1.10082003019471,FALSE,947,947
7927,-1.05413397984554,FALSE,240,240
7928,-0.0498101316744652,FALSE,188,188
7929,-2.10166164987718,FALSE,274,274
7930,0.489213700819335,FALSE,871,871
7931,0.147604744805791,FALSE,908,908
7932,0.793815389227307,FALSE,558,558
7933,-1.39356757777262,FALSE,784,784
7934,-0.543216369012219,FALSE,205,205
7935,-1.20919687614279,FALSE,578,578
7936,-0.0790170636812497,TRUE,166,925
7937,-0.823293843581741,FALSE,249,249
7938,-0.301360428036676,FALSE,152,152
7939,1.11627133832025,FALSE,715,715
7940,1.84468259173422,TRUE,578,491
7941,-1.93130804196055,FALSE,624,624
7942,-1.35749908415618,FALSE,791,791
7943,1.17528663247794,FALSE,209,209
7944,0.0766433230584245,FALSE,602,602
7945,-0.989423633204086,FALSE,344,344
7946,0.695446530402396,FALSE,315,315
7947,-1.16363184517882,FALSE,825,825
7948,-0.144643579913382,FALSE,914,914
7949,0.369378557804323,FALSE,678,678
7950,0.79118876881493,FALSE,75,75
7951,0.677205298388734,FALSE,314,314
7952,0.547186203861342,FALSE,292,292
7953,0.409495753358934,FALSE,196,196
7954,0.971320390800969,TRUE,245,876
7955,-0.351521107756936,FALSE,69,69
7956,-1.09119075807557,FALSE,41,41
7957,0.412061924597533,FALSE,640,640
7958,0.373357963407674,FALSE,603,603
7959,0.989545651247274,TRUE,758,14
7960,-1.00326319133866,FALSE,549,549
7961,0.35139421911407,FALSE,636,636
7962,-0.448644849725143,FALSE,150,150
7963,0.65496913829468,TRUE,182,329
7964,1.13979987109752,FALSE,973,973
7965,0.846193971833174,TRUE,793,457
7966,-1.02150484077852,TRUE,909,482
7967,-0.870041274329626,TRUE,297,485
7968,-0.611967304475551,FALSE,601,601
7969,0.439968523830681,FALSE,655,655
7970,-0.711965551005824,TRUE,904,828
7971,0.210288247149174,FALSE,962,962
7972,1.10998565612562,FALSE,890,890
7973,0.543333818221803,FALSE,618,618
7974,1.24829176050183,FALSE,694,694
7975,0.0882687556639668,TRUE,600,999
7976,0.263862870846661,TRUE,819,502
7977,-0.983050040932156,TRUE,575,943
7978,0.630907022178287,FALSE,510,510
7979,-1.7367794245338,FALSE,974,974
7980,-1.35545756905111,FALSE,25,25
7981,0.364015461840271,FALSE,52,52
7982,-0.9199486687177,FALSE,110,110
7983,0.372360055117554,TRUE,279,914
7984,-1.29657550238426,FALSE,360,360
7985,0.0265878617994432,FALSE,930,930
7986,-1.69163438788594,FALSE,72,72
7987,0.474113524905263,FALSE,447,447
7988,-1.75916562665667,TRUE,553,940
7989,0.266805873781619,FALSE,987,987
7990,0.0104176163710614,TRUE,353,84
7991,0.932389660190216,FALSE,461,461
7992,2.37206471054816,FALSE,442,442
7993,-1.79330185550583,FALSE,848,848
7994,-0.361486462935308,FALSE,765,765
7995,-0.661410045704392,FALSE,272,272
7996,-0.681129779903233,TRUE,762,178
7997,-1.28936967068043,FALSE,90,90
7998,0.484367093129308,FALSE,880,880
7999,0.223443277050411,TRUE,980,616
8000,0.511000395297378,FALSE,307,307
8001,1.80799277841515,FALSE,978,978
8002,-1.70261496033122,TRUE,659,356
8003,0.287448758850646,FALSE,895,895
8004,-0.269114155008503,FALSE,989,989
8005,-0.379524721361516,TRUE,334,490
8006,-0.694381543701603,FALSE,407,407
8007,-0.193542723789515,FALSE,49,49
8008,0.936893991814893,TRUE,165,360
8009,-0.822071099619348,FALSE,902,902
8010,-0.310246581174978,TRUE,386,574
8011,0.42116032139351,FALSE,694,694
8012,0.452656407369059,FALSE,290,290
8013,1.74838156505926,FALSE,824,824
8014,-0.300061535539994,FALSE,60,60
8015,-0.176532717527334,FALSE,771,771
8016,-1.78202377273323,FALSE,551,551
8017,1.31201547479091,FALSE,995,995
8018,0.730840343306823,FALSE,172,172
8019,0.992333739146852,TRUE,540,43
8020,-0.999500054025023,FALSE,698,698
8021,1.52370789097861,FALSE,829,829
8022,-0.693509176823944,FALSE,545,545
8023,1.50826341076935,FALSE,886,886
8024,-0.0390817340298,TRUE,730,763
8025,0.577906574128332,FALSE,750,750
8026,0.147944852919403,FALSE,348,348
8027,-0.842474252999495,FALSE,693,693
8028,-0.160803584533244,FALSE,206,206
8029,-0.529824792261762,FALSE,205,205
8030,-1.02078296437523,FALSE,658,658
8031,-0.141966124478565,FALSE,949,949
8032,-0.887172891711821,FALSE,974,974
8033,-0.0187894464521728,FALSE,297,297
8034,0.183730179476005,FALSE,601,601
8035,0.717668905739407,TRUE,348,985
8036,-0.849989231686469,FALSE,194,194
8037,0.67408994182628,FALSE,365,365
8038,0.00465431422434222,FALSE,398,398
8039,-0.360151775736727,FALSE,702,702
8040,1.11784189633082,FALSE,143,143
8041,0.247223611057383,FALSE,281,281
8042,-0.788550546713159,TRUE,447,705
8043,-1.26787922827726,FALSE,183,183
8044,0.341368107491606,FALSE,812,812
8045,-0.75801220131711,FALSE,837,837
8046,1.80807011198893,FALSE,80,80
8047,0.544792717468943,TRUE,964,653
8048,-2.73667446003597,FALSE,488,488
8049,-1.02254967834869,FALSE,3,3
8050,-1.24578468166768,TRUE,580,78
8051,-1.01664191522471,TRUE,787,274
8052,-1.64803947514363,FALSE,860,860
8053,0.521126785487356,FALSE,76,76
8054,0.376947529960637,TRUE,821,303
8055,0.425304010820081,FALSE,204,204
8056,1.1234220425164,FALSE,846,846
8057,-0.035351975653511,FALSE,21,21
8058,1.43850642301198,FALSE,844,844
8059,-1.12796160514441,FALSE,146,146
8060,-0.685407530092446,FALSE,926,926
8061,-0.777926523230062,FALSE,346,346
8062,-0.377894617164921,FALSE,354,354
8063,-0.903917622638662,FALSE,963,963
8064,0.6431477517884,FALSE,782,782
8065,-0.128108776140932,TRUE,231,316
8066,1.1109469393458,FALSE,928,928
8067,-1.52604062628071,FALSE,237,237
8068,-1.531390868365,FALSE,925,925
8069,-0.679166863591522,FALSE,863,863
8070,-0.873373138638672,FALSE,263,263
8071,-1.52098422590799,FALSE,831,831
8072,0.392481087020716,FALSE,726,726
8073,0.669879081502643,FALSE,610,610
8074,1.31841504464163,FALSE,233,233
8075,0.512022708360951,TRUE,449,989
8076,0.43139096901476,FALSE,868,868
8077,1.30415523517353,TRUE,864,53
8078,-0.389135890602367,TRUE,558,830
8079,0.127641274048801,FALSE,416,416
8080,0.289348445891014,TRUE,847,716
8081,2.37274263187425,TRUE,864,884
8082,0.43006635444484,FALSE,881,881
8083,-0.785487678087819,TRUE,318,778
8084,0.467127983582867,FALSE,214,214
8085,-1.1460229700617,TRUE,936,293
8086,-1.1151271358915,FALSE,456,456
8087,1.21066768839645,FALSE,165,165
8088,-1.17287394246877,FALSE,564,564
8089,-1.56656679944203,FALSE,459,459
8090,-0.470230393972754,FALSE,500,500
8091,-0.632686294660839,FALSE,385,385
8092,0.313250365203186,TRUE,763,650
8093,-0.239837776867839,FALSE,141,141
8094,2.64645121200562,FALSE,696,696
8095,1.33340158586542,TRUE,716,975
8096,-1.99492841319364,FALSE,457,457
8097,0.319367398471265,FALSE,818,818
8098,-0.411317805026416,TRUE,0,757
8099,0.775514909177735,FALSE,283,283
8100,-1.01615185466455,FALSE,73,73
8101,-0.519983251059716,FALSE,741,741
8102,0.0705883136633334,FALSE,956,956
8103,0.409643632238833,TRUE,857,416
8104,-1.65481672621274,TRUE,482,284
8105,-0.392624027714829,FALSE,254,254
8106,-2.04013363764508,FALSE,663,663
8107,0.540665454614255,FALSE,531,531
8108,-0.665321188685167,FALSE,671,671
8109,1.38052005512718,TRUE,264,199
8110,1.18185827608229,FALSE,747,747
8111,-0.781710319136195,FALSE,347,347
8112,0.352178111371434,TRUE,104,569
8113,1.17022276829348,TRUE,438,928
8114,0.462579685821988,FALSE,337,337
8115,-1.1102776366921,FALSE,739,739
8116,-1.97452193642747,FALSE,226,226
8117,0.245201815514183,TRUE,440,562
8118,-0.718923961895859,FALSE,121,121
8119,1.37284391721474,FALSE,491,491
8120,-0.820618410560149,FALSE,604,604
8121,0.650457649686153,FALSE,327,327
8122,0.93631735652698,TRUE,156,714
8123,0.796136862511041,FALSE,329,329
8124,-1.68806748417815,FALSE,776,776
8125,-1.47304138272343,FALSE,824,824
8126,-0.492799345134343,FALSE,685,685
8127,1.04222750323098,FALSE,950,950
8128,1.24234024306672,FALSE,800,800
8129,1.85785707040233,FALSE,314,314
8130,-0.929341919888444,FALSE,512,512
8131,-0.653206936772144,FALSE,767,767
8132,-0.0244116825347875,FALSE,541,541
8133,1.24679435387727,TRUE,6,894
8134,-1.91377942061336,FALSE,896,896
8135,-1.22283146500023,FALSE,486,486
8136,1.74907440578319,FALSE,357,357
8137,0.783972727423185,TRUE,191,185
8138,-2.13558164758205,FALSE,290,290
8139,1.07311191410745,FALSE,767,767
8140,0.385901336062221,FALSE,351,351
8141,-0.698983339711992,FALSE,192,192
8142,-0.0056878649207849,FALSE,298,298
8143,0.635905657069789,FALSE,302,302
8144,0.352563570848827,TRUE,817,994
8145,0.795669551239463,FALSE,23,23
8146,1.53695217375178,FALSE,647,647
8147,0.390112546889205,FALSE,395,395
8148,-1.48063431852141,TRUE,585,503
8149,0.0615794930752654,FALSE,602,602
8150,-2.37575003180335,TRUE,970,755
8151,-0.242667123167163,TRUE,697,44
8152,-0.799065556694952,TRUE,166,125
8153,-0.925486373272056,FALSE,750,750
8154,-0.615266874573586,FALSE,299,299
8155,3.84776770582989,FALSE,41,41
8156,-0.999698714984163,FALSE,861,861
8157,-0.911686535167258,FALSE,99,99
8158,-0.381080096164577,FALSE,113,113
8159,-0.383997466589783,FALSE,131,131
8160,3.39789410326659,TRUE,995,708
8161,-0.0260711693695634,FALSE,869,869
8162,-0.149839624441722,FALSE,976,976
8163,-0.468349701374868,FALSE,721,721
8164,1.12579662627949,FALSE,857,857
8165,-0.212019587052905,FALSE,931,931
8166,0.470018887056929,TRUE,174,422
8167,0.108873465160088,FALSE,679,679
8168,-1.5614252210103,FALSE,270,270
8169,-0.811263287088516,TRUE,892,317
8170,0.00114889952699058,TRUE,951,36
8171,1.20310842125094,FALSE,688,688
8172,0.311693057107097,FALSE,946,946
8173,0.130598427256718,FALSE,639,639
8174,-0.80516346412522,FALSE,390,390
8175,0.926087654316365,FALSE,794,794
8176,0.947016993128214,FALSE,509,509
8177,-0.321797968986427,FALSE,637,637
8178,0.772423270502735,TRUE,136,191
8179,-0.241610502559277,TRUE,409,425
8180,0.212770975389143,FALSE,546,546
8181,0.825594764638088,FALSE,144,144
8182,0.563049476530567,FALSE,778,778
8183,-0.752367691986515,FALSE,326,326
8184,0.378199932803201,FALSE,301,301
8185,-0.525124486791917,FALSE,442,442
8186,-0.19055131788821,FALSE,708,708
8187,-0.90211869584583,TRUE,484,685
8188,-0.024060182670129,FALSE,534,534
8189,0.87239666699548,TRUE,459,777
8190,-0.312461712862435,TRUE,546,572
8191,0.720717448731055,TRUE,93,819
8192,-0.102828800959391,FALSE,21,21
8193,0.559022029508583,TRUE,645,519
8194,-1.55419837865674,FALSE,482,482
8195,0.709922629586026,FALSE,537,537
8196,-0.651595752451539,FALSE,155,155
8197,-0.438081055272362,FALSE,8,8
8198,0.259304140876942,FALSE,175,175
8199,0.491537137167375,FALSE,632,632
8200,-0.49523162403629,FALSE,771,771
8201,-1.03187535862525,TRUE,37,631
8202,-0.693826247873705,FALSE,226,226
8203,-1.26675412863605,TRUE,287,668
8204,1.12320174331884,FALSE,673,673
8205,0.380869990508259,TRUE,406,754
8206,-0.0121901764592969,FALSE,968,968
8207,-1.03561319926971,FALSE,505,505
8208,0.85968673958451,TRUE,18,370
8209,0.189992647822113,FALSE,186,186
8210,-1.72587558927543,FALSE,464,464
8211,-0.387665690017064,TRUE,817,92
8212,-0.318801236322655,FALSE,433,433
8213,-0.324302592252609,FALSE,162,162
8214,0.0300531850562052,FALSE,571,571
8215,0.392321619067053,FALSE,573,573
8216,1.19563141952012,FALSE,144,144
8217,-0.113576716546283,TRUE,456,522
8218,-0.630058855720346,FALSE,673,673
8219,-1.18749913282224,FALSE,105,105
8220,0.335647263444194,FALSE,842,842
8221,-0.427534372964467,FALSE,662,662
8222,0.611498768549105,TRUE,63,561
8223,-0.870401547449782,FALSE,882,882
8224,-0.295050798828287,FALSE,407,407
8225,-1.25784490645628,FALSE,897,897
8226,0.554534201115664,FALSE,356,356
8227,-0.204411509653419,FALSE,351,351
8228,2.79522292316182,FALSE,878,878
8229,-0.437633109136367,TRUE,752,64
8230,-0.812751760336985,TRUE,525,711
8231,1.96302900357277,FALSE,956,956
8232,1.92846178554658,FALSE,421,421
8233,1.53418047597992,FALSE,699,699
8234,0.31994399913145,FALSE,136,136
8235,0.735767556314045,FALSE,839,839
8236,0.926872559105419,FALSE,172,172
8237,1.12724267380332,FALSE,981,981
8238,-0.665469620093402,TRUE,604,72
8239,-0.790936889204485,TRUE,332,414
8240,1.08766682206879,FALSE,510,510
8241,-1.17330378363285,FALSE,272,272
8242,0.388893387922627,TRUE,739,2
8243,-0.734515887505581,TRUE,425,496
8244,2.04772366983463,FALSE,149,149
8245,0.974612420069338,FALSE,393,393
8246,0.527679634186247,FALSE,973,973
8247,0.196198182203574,FALSE,950,950
8248,-0.809436307495285,FALSE,146,146
8249,-0.478183556262561,FALSE,324,324
8250,0.0982719309327437,FALSE,874,874
8251,0.222763552028825,TRUE,644,842
8252,0.32638808648427,FALSE,264,264
8253,-2.60126862619487,TRUE,587,297
8254,0.353843677552644,FALSE,108,108
8255,0.585547589286672,TRUE,554,836
8256,1.10246269157661,FALSE,520,520
8257,1.56442852049462,FALSE,319,319
8258,0.877081387486636,FALSE,686,686
8259,1.01462392366859,FALSE,225,225
8260,-0.422106919518758,FALSE,526,526
8261,-0.546708463230354,TRUE,809,899
8262,-0.864994491272374,TRUE,874,282
8263,1.63388660497806,FALSE,343,343
8264,-2.04566836994947,FALSE,881,881
8265,0.256732445128801,FALSE,415,415
8266,0.0399818687732763,FALSE,373,373
8267,0.443885007827916,TRUE,903,967
8268,0.840796391098779,FALSE,214,214
8269,-1.36122238319406,TRUE,772,871
8270,0.799110239581399,TRUE,887,952
8271,0.401890919389888,FALSE,551,551
8272,-0.064551088012137,TRUE,322,501
8273,-0.451935076923305,FALSE,335,335
8274,0.391651714170856,FALSE,83,83
8275,-0.754227985413387,FALSE,105,105
8276,0.399849485905358,TRUE,300,673
8277,0.0087367154715977,FALSE,204,204
8278,-1.65628725665854,FALSE,510,510
8279,1.7335678294406,FALSE,962,962
8280,2.09133483327576,FALSE,145,145
8281,1.06394006224043,FALSE,899,899
8282,-0.413421843213638,FALSE,512,512
8283,-0.589044936428341,TRUE,877,775
8284,1.08976676358325,FALSE,221,221
8285,0.940431459043199,FALSE,569,569
8286,1.09669737188166,TRUE,971,568
8287,-0.267461708043354,FALSE,262,262
8288,1.15052514849622,FALSE,418,418
8289,1.78414809991051,FALSE,691,691
8290,0.166830061596478,FALSE,741,741
8291,0.185652491774797,TRUE,473,546
8292,0.0354483682218845,TRUE,238,730
8293,-1.17880670222453,TRUE,325,483
8294,-1.15829050655441,TRUE,942,41
8295,-0.584139004443496,TRUE,760,502
8296,0.463172010782841,FALSE,325,325
8297,0.262791068186738,FALSE,365,365
8298,1.21839519631881,TRUE,875,288
8299,-0.890834893182162,TRUE,336,352
8300,-0.109259812628646,FALSE,896,896
8301,-0.473507060280221,FALSE,655,655
8302,0.199502452302796,FALSE,857,857
8303,0.627385561553582,TRUE,168,532
8304,1.69196254471833,TRUE,190,488
8305,1.66343831012612,FALSE,53,53
8306,1.85296489815739,FALSE,653,653
8307,0.622595125918954,FALSE,1,1
8308,1.80336753128943,FALSE,378,378
8309,-1.10586895899829,TRUE,812,335
8310,0.148182559359898,FALSE,301,301
8311,1.4497539900231,FALSE,971,971
8312,-0.293862666649076,TRUE,839,996
8313,0.476037320045513,FALSE,819,819
8314,0.762420007734476,FALSE,74,74
8315,-0.211335027783022,TRUE,303,951
8316,1.25192097145159,FALSE,643,643
8317,0.543694710247719,FALSE,563,563
8318,-0.789674097566898,TRUE,745,128
8319,1.17856196494562,FALSE,717,717
8320,-1.23271405613741,FALSE,196,196
8321,0.942811995418926,FALSE,80,80
8322,-0.802170545646519,FALSE,203,203
8323,0.609075511086406,FALSE,589,589
8324,0.442054013272985,TRUE,503,675
8325,1.17505009049336,FALSE,107,107
8326,0.417437656928178,FALSE,334,334
8327,0.848560686198808,TRUE,6,65
8328,-0.71222130789425,TRUE,560,37
8329,-0.0914883244165588,FALSE,751,751
8330,1.05786711870467,FALSE,300,300
8331,-0.840744443808872,TRUE,227,360
8332,-1.02009905686298,TRUE,729,616
8333,-0.161222092011484,FALSE,842,842
8334,-0.12161964954941,FALSE,43,43
8335,0.00227876465127705,FALSE,602,602
8336,2.31791782237971,FALSE,75,75
8337,-1.50340811590575,FALSE,498,498
8338,-0.917957074334785,TRUE,777,235
8339,-0.823408826572036,FALSE,587,587
8340,1.44663710311653,FALSE,37,37
8341,1.25017739255138,FALSE,204,204
8342,-0.933461622134237,FALSE,537,537
8343,-1.0680968901533,FALSE,578,578
8344,-0.330875222600662,FALSE,782,782
8345,-1.99402402553584,TRUE,69,73
8346,0.492572298755441,FALSE,147,147
8347,-0.077663050636602,FALSE,455,455
8348,-1.71689797109841,FALSE,122,122
8349,-0.237914125201134,FALSE,527,527
8350,-0.0450767462632371,TRUE,369,923
8351,0.836517108817736,FALSE,306,306
8352,-0.0546581688862097,FALSE,456,456
8353,-0.712897541973412,TRUE,94,160
8354,-0.641242754246421,FALSE,320,320
8355,1.35189190348714,FALSE,25,25
8356,-0.303225276304267,FALSE,997,997
8357,0.298306520787785,FALSE,300,300
8358,0.406006126879321,FALSE,986,986
8359,0.444066919748991,FALSE,443,443
8360,-1.50175986696481,TRUE,656,966
8361,0.687200526409487,TRUE,751,487
8362,1.18763919384774,FALSE,357,357
8363,2.05528511410174,TRUE,952,585
8364,-1.31749173927412,TRUE,920,361
8365,-1.14268778582837,TRUE,442,641
8366,0.440787497235852,FALSE,46,46
8367,-0.506527344100333,TRUE,506,654
8368,1.2511625108288,FALSE,376,376
8369,-1.51261390155335,FALSE,908,908
8370,0.371930404777423,FALSE,834,834
8371,0.38663280046535,FALSE,341,341
8372,0.884497799310296,TRUE,677,16
8373,0.902945421002935,FALSE,889,889
8374,0.112032032678918,FALSE,642,642
8375,-1.65511237263211,TRUE,134,504
8376,0.330135707928764,FALSE,337,337
8377,0.378421949544665,FALSE,142,142
8378,-1.84765011968347,FALSE,769,769
8379,1.12400655516941,FALSE,831,831
8380,0.108392058969154,TRUE,876,819
8381,-1.11639842385609,FALSE,633,633
8382,0.273219845406362,FALSE,309,309
8383,0.956232893297573,FALSE,717,717
8384,0.583652184663977,TRUE,382,465
8385,-0.405343062309264,FALSE,780,780
8386,2.36056236707844,FALSE,587,587
8387,-0.186566122419816,FALSE,963,963
8388,0.332457884923122,TRUE,582,566
8389,0.477480979923099,FALSE,880,880
8390,0.945988558385869,TRUE,89,392
8391,0.846452117295668,FALSE,832,832
8392,-0.019254972005391,TRUE,643,535
8393,-0.132087420214518,TRUE,706,738
8394,-1.07983113125891,TRUE,305,822
8395,0.416384551660797,FALSE,274,274
8396,0.71357703479764,FALSE,575,575
8397,-0.420956439603431,FALSE,682,682
8398,0.853102288403864,TRUE,727,911
8399,0.0623769123231979,FALSE,496,496
8400,0.524348667259868,TRUE,620,213
8401,-0.742084147829789,TRUE,210,942
8402,1.071473268653,FALSE,209,209
8403,-1.29036845285224,FALSE,693,693
8404,2.09818317022897,TRUE,533,935
8405,-0.178539127990153,TRUE,933,318
8406,-1.404679097393,TRUE,247,356
8407,-1.04446826822157,FALSE,157,157
8408,-2.00067228857843,FALSE,354,354
8409,-0.204234603325688,FALSE,471,471
8410,0.189138778196092,TRUE,707,776
8411,-0.643774536199874,FALSE,731,731
8412,-0.169024101222119,FALSE,556,556
8413,-1.30228364642279,FALSE,584,584
8414,1.01718709060793,FALSE,710,710
8415,-0.166083725763023,FALSE,384,384
8416,0.285401740533644,FALSE,856,856
8417,2.12217419111576,TRUE,933,525
8418,0.97602105146384,FALSE,525,525
8419,-1.18724962621434,FALSE,750,750
8420,1.12471974763691,FALSE,406,406
8421,-1.66903888136901,FALSE,691,691
8422,2.86932753114914,TRUE,179,614
8423,1.47510824892149,TRUE,567,911
8424,-1.55955382009392,FALSE,191,191
8425,-0.840713390285071,FALSE,12,12
8426,1.5521299362168,TRUE,803,751
8427,-1.16014991254167,FALSE,520,520
8428,2.39946449134899,FALSE,939,939
8429,1.32560851810035,FALSE,668,668
8430,0.835960815401656,FALSE,471,471
8431,-0.452411747316051,TRUE,92,479
8432,1.6722051022509,FALSE,707,707
8433,0.181666022418198,FALSE,376,376
8434,1.08230069478159,FALSE,693,693
8435,-0.574339432054787,FALSE,78,78
8436,0.813003478177537,TRUE,653,148
8437,-0.972405011976323,FALSE,848,848
8438,-0.536004058951526,FALSE,628,628
8439,-0.180293620091198,FALSE,962,962
8440,1.20255654821247,FALSE,101,101
8441,0.182634520906344,FALSE,128,128
8442,-0.452925304853167,FALSE,333,333
8443,-1.04503325684861,TRUE,965,989
8444,-0.737269411782967,FALSE,625,625
8445,0.314212127886257,FALSE,893,893
8446,0.358336547438043,FALSE,827,827
8447,-0.285008962297891,FALSE,212,212
8448,-0.672371847729277,FALSE,23,23
8449,-2.07169289805158,TRUE,115,812
8450,0.378109771820527,FALSE,109,109
8451,-0.372545826220729,FALSE,733,733
8452,-0.0454864601525843,FALSE,331,331
8453,-0.137606043038109,FALSE,345,345
8454,-2.04566697775212,FALSE,124,124
8455,-0.0881348355347213,FALSE,337,337
8456,1.80325813155164,FALSE,427,427
8457,1.84942278547432,FALSE,910,910
8458,-1.50206357279623,TRUE,53,35
8459,0.0305167312413108,FALSE,705,705
8460,-2.07929234595201,FALSE,383,383
8461,-0.591791596706521,FALSE,26,26
8462,1.73765802746496,FALSE,521,521
8463,0.832202373842384,FALSE,302,302
8464,-0.343229784516763,FALSE,53,53
8465,-0.395289289056012,TRUE,735,788
8466,-0.0818653362898174,FALSE,808,808
8467,-1.18312190409505,FALSE,792,792
8468,0.100254608889982,FALSE,57,57
8469,-0.841215555873698,TRUE,391,298
8470,-1.35460891469248,TRUE,223,300
8471,-0.824252609917138,FALSE,356,356
8472,1.0454890507708,FALSE,242,242
8473,-1.05306643299546,FALSE,254,254
8474,-0.957467223830518,TRUE,441,681
8475,-2.32449891688899,FALSE,398,398
8476,0.542003825833966,TRUE,456,676
8477,0.0872739669408552,FALSE,336,336
8478,-0.386901805789896,FALSE,905,905
8479,0.907217981416654,FALSE,324,324
8480,0.020467229128197,FALSE,899,899
8481,0.575108419945759,FALSE,758,758
8482,-0.420529513231707,FALSE,231,231
8483,-0.634733329856039,FALSE,759,759
8484,1.1027828462166,FALSE,13,13
8485,0.833467456138272,FALSE,130,130
8486,0.913793954269981,FALSE,855,855
8487,0.416442024405624,TRUE,459,692
8488,-0.12223648104401,FALSE,934,934
8489,-0.868707350583205,FALSE,131,131
8490,1.97856794433333,FALSE,647,647
8491,0.154337034721032,FALSE,132,132
8492,-0.343966999403328,FALSE,611,611
8493,1.7704099411341,FALSE,635,635
8494,1.68640417523098,TRUE,700,885
8495,-0.666113909945731,FALSE,363,363
8496,-0.00259399312365598,TRUE,924,444
8497,-0.286000278765889,FALSE,732,732
8498,0.956645018495331,TRUE,286,548
8499,-0.313052552384939,FALSE,190,190
8500,0.272647072247265,TRUE,436,465
8501,0.0414521225778085,FALSE,588,588
8502,-0.00488185240666988,TRUE,363,248
8503,-0.976219228606303,FALSE,128,128
8504,0.144050084247542,FALSE,487,487
8505,0.456619218695199,FALSE,696,696
8506,0.0377499344122749,TRUE,601,646
8507,-0.370973645420588,FALSE,563,563
8508,0.565148530464291,FALSE,565,565
8509,0.121622642894301,FALSE,844,844
8510,0.832894635999585,FALSE,455,455
8511,-1.02380993859852,FALSE,856,856
8512,1.94717122293365,TRUE,453,719
8513,-1.04415408185314,FALSE,832,832
8514,-0.491334929391864,TRUE,505,970
8515,0.750693303487793,FALSE,965,965
8516,0.389697613859513,FALSE,534,534
8517,-1.48640617585654,TRUE,137,498
8518,-0.631021883341459,TRUE,633,517
8519,0.727124612025411,FALSE,934,934
8520,2.14944999847516,FALSE,544,544
8521,1.71291745793914,FALSE,331,331
8522,1.9541579949905,TRUE,991,177
8523,1.14165526601341,FALSE,823,823
8524,0.48586452722185,FALSE,122,122
8525,-0.27810990814623,TRUE,114,117
8526,0.673627711620925,FALSE,73,73
8527,-0.613720157263801,FALSE,111,111
8528,-2.00315586409145,FALSE,113,113
8529,1.21228101334184,FALSE,413,413
8530,-0.516169940697678,FALSE,947,947
8531,0.726821602559821,FALSE,395,395
8532,-1.72530302830821,FALSE,835,835
8533,-3.46749014053051,TRUE,414,625
8534,-0.113366222613677,FALSE,141,141
8535,-1.44717194540249,FALSE,885,885
8536,-0.369244736191022,FALSE,590,590
8537,0.339561339313835,FALSE,106,106
8538,-0.536169018574822,FALSE,497,497
8539,0.030225684980345,FALSE,858,858
8540,-0.724943075530093,FALSE,229,229
8541,-1.09723951889746,TRUE,703,93
8542,-0.236897258851101,FALSE,457,457
8543,1.01289298630273,FALSE,286,286
8544,-1.10155882951385,FALSE,564,564
8545,0.87508686066438,FALSE,670,670
8546,-0.543361285734364,FALSE,61,61
8547,-1.325192575428,FALSE,651,651
8548,0.634937003278403,FALSE,664,664
8549,0.730203038317124,TRUE,224,141
8550,1.16652154284273,FALSE,415,415
8551,0.592739363493489,FALSE,478,478
8552,-0.042944645562958,FALSE,879,879
8553,1.52101671163447,FALSE,813,813
8554,-0.437363048941313,FALSE,502,502
8555,-0.0852105629885053,FALSE,771,771
8556,-0.330301353901467,TRUE,481,119
8557,0.745570489794214,FALSE,334,334
8558,-0.375118978717076,TRUE,706,918
8559,0.651792945010508,FALSE,687,687
8560,-1.43474421331532,FALSE,172,172
8561,-0.77915763378943,TRUE,533,674
8562,0.293401898890875,FALSE,663,663
8563,0.193904035749299,FALSE,952,952
8564,-0.699101702797779,FALSE,241,241
8565,1.39154886537592,FALSE,648,648
8566,0.81905863440206,FALSE,483,483
8567,0.0861944196129517,FALSE,690,690
8568,0.295126009159854,TRUE,154,242
8569,-0.267514353046628,FALSE,556,556
8570,1.21731707848943,TRUE,374,838
8571,0.370593704684171,FALSE,521,521
8572,-2.00072094213404,TRUE,332,732
8573,0.0317639392573996,FALSE,961,961
8574,-0.049580863194301,FALSE,400,400
8575,-1.01721427522611,FALSE,844,844
8576,-0.369167110386087,FALSE,144,144
8577,1.71596712618676,FALSE,199,199
8578,2.5353470759734,FALSE,203,203
8579,1.08965841440405,FALSE,630,630
8580,-0.444511548722014,FALSE,808,808
8581,0.992464847289877,FALSE,435,435
8582,0.700825360379763,TRUE,661,976
8583,1.75761505825842,FALSE,328,328
8584,-0.649686186643242,FALSE,235,235
8585,0.886951944467952,FALSE,710,710
8586,2.61914186876191,FALSE,295,295
8587,-2.10174407191339,TRUE,302,833
8588,0.877830613013444,FALSE,367,367
8589,1.32203281409314,FALSE,967,967
8590,0.488794899725128,FALSE,418,418
8591,0.574214542604287,FALSE,98,98
8592,-0.754463268598895,FALSE,845,845
8593,-0.735498837924477,TRUE,572,226
8594,-1.02513096565978,FALSE,907,907
8595,-1.71926236378272,FALSE,259,259
8596,0.432840582400075,TRUE,704,128
8597,0.110807156373659,FALSE,95,95
8598,-0.0294870827573422,TRUE,595,875
8599,0.157066617984318,FALSE,919,919
8600,-0.413818125452604,TRUE,584,622
8601,1.77002061352102,FALSE,539,539
8602,0.357371337321231,FALSE,279,279
8603,-0.0207384258951065,FALSE,537,537
8604,-1.05970534168394,FALSE,256,256
8605,-0.98190628266879,FALSE,118,118
8606,-0.749614085475107,TRUE,192,574
8607,0.469876168757493,TRUE,266,790
8608,0.916287002054607,FALSE,222,222
8609,-0.565954247517361,FALSE,476,476
8610,-0.840655349698418,FALSE,681,681
8611,-0.730491776152422,FALSE,67,67
8612,-1.08412632207192,FALSE,794,794
8613,0.1096292550283,FALSE,58,58
8614,1.22445816022472,TRUE,318,978
8615,-2.60640737102556,TRUE,760,378
8616,-0.079036298238285,FALSE,424,424
8617,1.31101143367217,TRUE,503,466
8618,-0.788484767580048,FALSE,505,505
8619,-0.107854506831741,FALSE,386,386
8620,0.794524440389548,FALSE,189,189
8621,0.365478048006868,TRUE,716,400
8622,0.330255938989865,FALSE,151,151
8623,-2.28682734659651,FALSE,853,853
8624,-0.411092535280119,FALSE,197,197
8625,-0.188516883345103,FALSE,516,516
8626,1.06045652313553,TRUE,394,25
8627,0.318694623895251,FALSE,372,372
8628,0.757946719392751,TRUE,774,77
8629,0.854643427914494,FALSE,736,736
8630,-1.44947500706533,FALSE,772,772
8631,0.541795180391114,FALSE,521,521
8632,0.507768765250309,FALSE,777,777
8633,-1.28983936850713,FALSE,968,968
8634,-2.08729404128126,FALSE,456,456
8635,0.244182500604316,TRUE,790,241
8636,0.457002597062591,FALSE,255,255
8637,-0.691778271959658,TRUE,51,523
8638,1.02462607803102,FALSE,433,433
8639,-1.36797261452683,FALSE,757,757
8640,1.93685825415602,FALSE,720,720
8641,0.615346706598468,TRUE,155,679
8642,1.49020579147593,FALSE,337,337
8643,0.816269094898657,FALSE,654,654
8644,0.34506568921283,FALSE,686,686
8645,0.392554733764943,TRUE,560,833
8646,1.28592362421824,TRUE,611,172
8647,1.11504094238332,FALSE,322,322
8648,0.251925858650462,FALSE,714,714
8649,2.05156536164808,FALSE,723,723
8650,-1.05322914728107,FALSE,124,124
8651,-1.30335657970002,FALSE,179,179
8652,2.4589646194879,FALSE,232,232
8653,-0.793413753249421,FALSE,471,471
8654,1.59134943810044,FALSE,341,341
8655,0.821518197756454,TRUE,874,125
8656,-0.429274897536772,FALSE,996,996
8657,0.0142960485232446,FALSE,889,889
8658,-0.402439401426522,FALSE,440,440
8659,0.0986456856685551,TRUE,451,862
8660,-0.495890451579524,TRUE,399,170
8661,-1.07420526214142,FALSE,489,489
8662,0.68772905198068,TRUE,134,189
8663,-0.293945093193814,FALSE,14,14
8664,-0.186111935954159,FALSE,122,122
8665,-0.348916484836278,FALSE,145,145
8666,0.346742382412599,FALSE,158,158
8667,-0.97984040002516,FALSE,58,58
8668,0.331478561341754,FALSE,392,392
8669,-0.518703643263045,TRUE,214,796
8670,-0.226804865490008,TRUE,878,316
8671,-0.493653343101893,FALSE,270,270
8672,0.0586544774230282,FALSE,733,733
8673,0.440206587745544,FALSE,443,443
8674,-0.862736840323824,FALSE,569,569
8675,-0.57098989603792,FALSE,727,727
8676,-0.129044919635936,TRUE,774,335
8677,-1.59746531874765,FALSE,761,761
8678,-0.120267653136789,FALSE,157,157
8679,1.6520914854921,TRUE,246,626
8680,-0.362010860589344,FALSE,564,564
8681,-0.0392027396733783,FALSE,60,60
8682,-1.10066277271599,FALSE,23,23
8683,-0.332948359833085,FALSE,813,813
8684,0.517466252726612,FALSE,947,947
8685,0.785979287677065,FALSE,990,990
8686,0.158796932563896,FALSE,138,138
8687,-0.2341836329907,FALSE,34,34
8688,-1.17620695587035,TRUE,687,40
8689,-0.0133385142955068,FALSE,41,41
8690,0.309625731800337,TRUE,730,977
8691,-0.378627997285551,TRUE,784,97
8692,0.947117144956565,TRUE,694,756
8693,0.230409386366505,TRUE,969,507
8694,-0.95351738967164,TRUE,801,344
8695,-0.365080856171345,FALSE,781,781
8696,-0.631691645516097,FALSE,865,865
8697,-1.26745831573557,TRUE,86,497
8698,-1.13283588305849,FALSE,822,822
8699,-0.35119850177038,FALSE,238,238
8700,-0.743249928266758,TRUE,105,348
8701,0.148720204239057,FALSE,976,976
8702,-1.90948334050916,FALSE,263,263
8703,-1.36530697914756,FALSE,299,299
8704,1.37168518589256,FALSE,758,758
8705,-0.35821974791252,FALSE,908,908
8706,0.258302523962627,FALSE,671,671
8707,0.799707422445035,TRUE,836,966
8708,-0.0719821483293213,TRUE,785,960
8709,1.2293183188215,FALSE,584,584
8710,0.817466919571,FALSE,351,351
8711,2.04529432339423,FALSE,371,371
8712,0.898615110514001,FALSE,32,32
8713,1.93038249378531,FALSE,132,132
8714,0.0321189318202827,FALSE,167,167
8715,-1.15812007223265,FALSE,657,657
8716,1.07419520091432,FALSE,377,377
8717,-0.305983267092639,FALSE,424,424
8718,0.482288585831482,FALSE,641,641
8719,1.74348458341121,FALSE,800,800
8720,0.799182254853015,FALSE,641,641
8721,-1.4984406743441,FALSE,317,317
8722,1.50970573441613,FALSE,514,514
8723,0.737178219980926,TRUE,65,397
8724,-0.102761799909701,TRUE,320,328
8725,-0.671211980232572,FALSE,306,306
8726,-0.0377610079164379,FALSE,740,740
8727,-1.29463205398619,FALSE,71,71
8728,-2.23987706472538,FALSE,911,911
8729,-0.780464256764399,FALSE,879,879
8730,-0.0351132589421813,FALSE,46,46
8731,-1.22675156454802,FALSE,577,577
8732,-2.2359932644281,FALSE,37,37
8733,0.587619016735106,FALSE,223,223
8734,-0.780499853388954,FALSE,406,406
8735,0.0461050911113271,FALSE,162,162
8736,-2.40861082199414,FALSE,335,335
8737,0.796288197203069,TRUE,447,748
8738,-0.91623458628306,FALSE,195,195
8739,1.20369150153219,FALSE,253,253
8740,0.0660005845761928,TRUE,0,335
8741,0.21233159309894,FALSE,568,568
8742,0.297255896187128,FALSE,906,906
8743,-0.106334647695333,FALSE,103,103
8744,0.650562036147205,FALSE,616,616
8745,1.91376317655418,FALSE,92,92
8746,0.309818643925999,TRUE,86,762
8747,-0.12875036772211,FALSE,890,890
8748,-0.212151975750984,FALSE,999,999
8749,-1.19314939909264,FALSE,854,854
8750,0.175368676277263,TRUE,898,685
8751,-1.40921663376519,FALSE,734,734
8752,-1.09286973835163,FALSE,691,691
8753,1.41437989460868,FALSE,76,76
8754,-1.5346947112136,FALSE,28,28
8755,2.13113878154731,FALSE,297,297
8756,0.701720792195048,FALSE,875,875
8757,1.76498441952636,TRUE,610,108
8758,0.452689408081667,FALSE,389,389
8759,-0.187988743900962,FALSE,545,545
8760,1.6895905176338,FALSE,510,510
8761,0.0202372234591816,TRUE,418,656
8762,-0.420809420822254,FALSE,251,251
8763,-0.580025192331106,FALSE,489,489
8764,-0.545617365222827,FALSE,927,927
8765,0.449052046730961,FALSE,450,450
8766,0.394750837019549,FALSE,914,914
8767,0.0644186784680573,FALSE,111,111
8768,-1.8254701805495,FALSE,575,575
8769,-1.11699649029816,TRUE,746,356
8770,-2.26485262133252,FALSE,319,319
8771,-1.22013688500413,FALSE,946,946
8772,1.84889391089167,FALSE,62,62
8773,1.52197810199733,FALSE,431,431
8774,-0.725157633773547,FALSE,39,39
8775,1.24769642363971,FALSE,765,765
8776,-0.137085886270756,FALSE,875,875
8777,-0.180399719411032,FALSE,94,94
8778,1.0532763543993,TRUE,719,631
8779,-0.129261086484958,FALSE,236,236
8780,1.20868496155421,TRUE,655,397
8781,0.293306256787309,FALSE,5,5
8782,-0.982709126904494,TRUE,669,979
8783,0.406421077190755,TRUE,311,809
8784,-0.0366781576033919,TRUE,878,911
8785,-0.515967451189981,FALSE,771,771
8786,-0.206680143670318,FALSE,346,346
8787,0.00953260696301198,TRUE,471,376
8788,0.627762719235878,FALSE,106,106
8789,0.0711979675137326,FALSE,962,962
8790,0.208829395829753,FALSE,623,623
8791,-1.27468078164756,FALSE,77,77
8792,-0.187645639779104,FALSE,273,273
8793,-0.10689441684917,FALSE,827,827
8794,-0.360264411741534,FALSE,703,703
8795,-0.403322068979549,FALSE,596,596
8796,0.0103764846363178,FALSE,814,814
8797,0.00228251652673491,FALSE,633,633
8798,0.475466710989933,FALSE,660,660
8799,1.43914342866758,FALSE,613,613
8800,-0.219318993709607,FALSE,680,680
8801,-0.265653647584807,FALSE,369,369
8802,2.11095253670689,FALSE,954,954
8803,-0.409013787435347,FALSE,131,131
8804,-0.554464303860047,FALSE,290,290
8805,0.511536773877529,FALSE,290,290
8806,-0.138032449761651,FALSE,426,426
8807,0.480892354161079,FALSE,919,919
8808,0.77343442462608,TRUE,48,660
8809,2.79615221495129,FALSE,14,14
8810,1.22967981091528,TRUE,677,237
8811,0.94277554856771,TRUE,562,317
8812,0.306774234787666,FALSE,477,477
8813,-0.397852620668903,TRUE,268,822
8814,0.0503078888383091,FALSE,285,285
8815,-1.03113604534316,FALSE,999,999
8816,0.812694713853255,FALSE,677,677
8817,0.631402325720161,FALSE,101,101
8818,1.28522671969551,TRUE,378,629
8819,-1.00093298700262,TRUE,766,110
8820,-0.26145289568192,TRUE,21,533
8821,-0.973864227162523,FALSE,827,827
8822,-0.210599397159724,FALSE,194,194
8823,0.212110553106329,FALSE,388,388
8824,0.830355876824134,FALSE,825,825
8825,0.299609421665168,FALSE,867,867
8826,-0.619767452404083,FALSE,404,404
8827,-0.0893364268093194,FALSE,132,132
8828,-0.961339643286958,FALSE,999,999
8829,0.407181058873308,FALSE,208,208
8830,0.570586542317984,TRUE,547,285
8831,-1.25221171998808,TRUE,55,626
8832,0.765068338506736,TRUE,53,650
8833,0.934933177777671,FALSE,144,144
8834,0.651893793713134,FALSE,647,647
8835,0.878122462983766,TRUE,947,228
8836,-0.942632613491203,TRUE,950,282
8837,-0.892883072332459,FALSE,3,3
8838,1.32572439283186,FALSE,598,598
8839,0.728269589285472,FALSE,364,364
8840,-0.305353538243724,TRUE,582,128
8841,0.598440212230699,FALSE,610,610
8842,1.81189244087244,FALSE,554,554
8843,0.188120359633566,FALSE,988,988
8844,-0.403674188594264,FALSE,48,48
8845,-0.581364225576029,TRUE,690,78
8846,-1.15174047469814,FALSE,810,810
8847,0.205331495980426,FALSE,337,337
8848,0.510267826693316,TRUE,807,98
8849,0.172067784336622,TRUE,310,520
8850,0.352617724653494,FALSE,448,448
8851,-0.151257783865474,TRUE,969,896
8852,0.4706365393279,FALSE,314,314
8853,-0.828003536019888,FALSE,387,387
8854,-0.221838047348204,FALSE,932,932
8855,-0.0393596647867588,FALSE,925,925
8856,1.32234516679912,FALSE,407,407
8857,-2.05940676688587,FALSE,214,214
8858,2.27322552129472,FALSE,566,566
8859,-0.700420663154442,FALSE,674,674
8860,1.07925984220572,FALSE,610,610
8861,-0.265212222554983,TRUE,585,812
8862,-0.28665224532171,FALSE,482,482
8863,-0.130085916841193,FALSE,209,209
8864,-2.43751067763418,TRUE,112,193
8865,2.87665790201919,FALSE,908,908
8866,0.25786882219952,FALSE,106,106
8867,0.670083154984448,TRUE,740,701
8868,-0.594443778600514,FALSE,58,58
8869,-0.722516809421962,FALSE,481,481
8870,1.3537267626456,FALSE,88,88
8871,0.790071969027246,FALSE,129,129
8872,1.11822295318091,FALSE,151,151
8873,-0.315362893659983,FALSE,291,291
8874,-1.33517617751057,TRUE,204,20
8875,-0.607538380044804,TRUE,569,624
8876,1.6635426569481,TRUE,662,794
8877,-1.56976222903096,FALSE,613,613
8878,1.76913808237755,TRUE,95,359
8879,-0.490518534680324,TRUE,195,441
8880,-1.5673129497094,TRUE,594,407
8881,-1.13725258782334,FALSE,666,666
8882,0.34980959236678,FALSE,299,299
8883,-0.286656645792744,TRUE,945,626
8884,-2.5911211112012,FALSE,237,237
8885,-0.3680965734985,FALSE,725,725
8886,1.57093734002844,FALSE,618,618
8887,-0.34255432503709,FALSE,700,700
8888,1.55008979733247,FALSE,71,71
8889,-0.68340939000027,TRUE,190,419
8890,0.740074238629989,FALSE,885,885
8891,-0.347568912347544,FALSE,293,293
8892,0.907751994137112,FALSE,655,655
8893,-1.8488982829034,FALSE,953,953
8894,0.20363405422316,FALSE,434,434
8895,1.35685169078362,TRUE,316,327
8896,-0.844464389347822,FALSE,976,976
8897,1.6570126031443,FALSE,409,409
8898,-0.404593940625821,TRUE,897,959
8899,-0.562012414705507,TRUE,332,711
8900,-1.10941788724026,FALSE,988,988
8901,0.568638957574351,FALSE,412,412
8902,-1.10654264517322,FALSE,264,264
8903,-1.4129372208871,TRUE,209,363
8904,-0.253258038403011,FALSE,771,771
8905,-1.74282166875534,FALSE,225,225
8906,-0.887195626050205,TRUE,483,562
8907,1.94979547041335,FALSE,822,822
8908,0.047122023023723,FALSE,319,319
8909,0.85695788807293,FALSE,484,484
8910,-1.62194417002268,TRUE,830,550
8911,-2.17613954465878,FALSE,553,553
8912,0.959564457402416,FALSE,794,794
8913,0.0980073948902846,FALSE,435,435
8914,1.62163486309893,FALSE,228,228
8915,1.04355571570756,FALSE,381,381
8916,-2.22199424682279,FALSE,338,338
8917,1.20288886088497,TRUE,418,811
8918,-1.01817498879413,TRUE,402,667
8919,-0.0874637834141067,TRUE,218,303
8920,0.260475840118837,FALSE,913,913
8921,-0.682576350488643,FALSE,484,484
8922,-0.767014137269497,FALSE,768,768
8923,0.0117492153499145,FALSE,654,654
8924,0.269816245309787,FALSE,40,40
8925,-1.597252021361,FALSE,485,485
8926,1.77208750669294,FALSE,540,540
8927,1.34694791410306,FALSE,421,421
8928,-0.330683240161081,FALSE,385,385
8929,-1.69237277060883,FALSE,392,392
8930,1.0248092804366,FALSE,449,449
8931,2.01791891031711,FALSE,863,863
8932,-1.11751900190073,FALSE,955,955
8933,0.162385595774799,FALSE,213,213
8934,-1.45651571975901,FALSE,737,737
8935,-0.499899180846014,FALSE,109,109
8936,0.628483509656444,TRUE,555,484
8937,-1.44957391980052,FALSE,702,702
8938,-1.09663822216684,TRUE,274,392
8939,-0.352978497577479,FALSE,655,655
8940,-0.54258334394923,TRUE,410,930
8941,0.0179318735696131,FALSE,914,914
8942,-0.116838295035402,FALSE,850,850
8943,-1.96357218904775,TRUE,602,412
8944,-1.27974801114515,TRUE,289,747
8945,0.146858364488578,FALSE,552,552
8946,0.468036730259569,TRUE,201,586
8947,1.44942319012099,FALSE,926,926
8948,0.586975202630348,TRUE,472,883
8949,-0.0243112845911205,FALSE,207,207
8950,0.605870895730325,FALSE,340,340
8951,-1.09838671255217,FALSE,729,729
8952,-2.28515562507822,FALSE,502,502
8953,-0.244057232450315,TRUE,473,391
8954,-0.293948635045302,FALSE,932,932
8955,-0.821342697424071,TRUE,712,999
8956,-2.24457530408932,TRUE,878,260
8957,-1.36588819470312,FALSE,592,592
8958,1.4922422055699,FALSE,582,582
8959,-1.11541324807164,FALSE,660,660
8960,-0.02235455818628,TRUE,36,959
8961,-0.340972999920453,FALSE,711,711
8962,1.6864853826376,FALSE,474,474
8963,0.144071118945159,FALSE,738,738
8964,2.02723076017641,TRUE,27,411
8965,1.04504549464797,FALSE,190,190
8966,-1.54754044061895,FALSE,206,206
8967,0.108306582350392,FALSE,121,121
8968,0.458109487699554,FALSE,617,617
8969,-0.631549410083922,FALSE,505,505
8970,-0.385779462158999,FALSE,138,138
8971,0.0276314120457617,FALSE,660,660
8972,-1.92787431742729,FALSE,792,792
8973,-2.13982675801654,FALSE,652,652
8974,-0.718784678929352,FALSE,911,911
8975,0.436311667305016,FALSE,424,424
8976,1.12880122213549,FALSE,651,651
8977,-2.42540084828577,FALSE,223,223
8978,-0.216331462047608,FALSE,242,242
8979,-0.912677303699938,TRUE,965,955
8980,-0.59457736609661,TRUE,77,651
8981,0.9909431214383,FALSE,252,252
8982,2.01439167588808,TRUE,725,485
8983,-0.330182455901361,TRUE,47,246
8984,0.0485534518335418,TRUE,304,576
8985,-1.74974518988657,FALSE,602,602
8986,2.75417077742337,FALSE,893,893
8987,-0.0314302730181347,FALSE,294,294
8988,0.710693889421326,FALSE,278,278
8989,0.461404423126582,FALSE,181,181
8990,-1.25936035327719,FALSE,130,130
8991,0.163848022770205,FALSE,372,372
8992,-1.31638254173628,FALSE,245,245
8993,0.0994854077381882,FALSE,620,620
8994,0.309249009765272,FALSE,774,774
8995,-0.970127460534875,FALSE,160,160
8996,-1.37496120142794,TRUE,820,905
8997,0.0605687990826947,FALSE,213,213
8998,0.100214275587541,FALSE,747,747
8999,0.10655280715774,FALSE,207,207
9000,1.93157594123468,FALSE,40,40
9001,-0.616474652092026,FALSE,515,515
9002,-0.562567479099863,FALSE,410,410
9003,-0.989963124982774,TRUE,979,554
9004,2.73122759641428,FALSE,101,101
9005,-0.721666216835527,FALSE,756,756
9006,1.33350492080387,FALSE,32,32
9007,-1.2200080568157,FALSE,581,581
9008,1.40177629587353,FALSE,105,105
9009,0.332223376591772,TRUE,596,324
9010,-0.818473974431802,FALSE,273,273
9011,0.307817188760134,FALSE,64,64
9012,1.13365063401996,TRUE,957,895
9013,0.932778906368962,FALSE,791,791
9014,0.224101310094798,FALSE,413,413
9015,-0.417810000420847,FALSE,157,157
9016,-1.65033133574558,TRUE,609,211
9017,-0.979387905516037,FALSE,802,802
9018,-1.10782537474745,FALSE,255,255
9019,0.610910498640866,TRUE,553,506
9020,-0.427799008498503,FALSE,17,17
9021,0.493082448235863,FALSE,34,34
9022,0.770204909163766,FALSE,785,785
9023,0.885916485284128,FALSE,378,378
9024,1.83770151297992,TRUE,500,826
9025,-0.402359265957749,TRUE,810,210
9026,-0.31975728444561,FALSE,447,447
9027,-0.688717207029329,FALSE,501,501
9028,1.32108027016545,FALSE,313,313
9029,-0.423828509853688,TRUE,761,26
9030,-0.0567439355194486,TRUE,326,621
9031,-0.605719206990329,FALSE,584,584
9032,-0.256515518720355,TRUE,611,93
9033,0.301264289054999,TRUE,273,431
9034,-0.938623287222427,TRUE,105,961
9035,0.942810450886935,FALSE,425,425
9036,-1.17216064922395,TRUE,776,433
9037,0.851867378533281,FALSE,936,936
9038,-0.682883964834335,TRUE,291,833
9039,-0.909865161210238,FALSE,456,456
9040,1.15519900929856,TRUE,175,662
9041,-0.0127412398388668,FALSE,604,604
9042,0.214527564653384,TRUE,752,182
9043,1.41412060923193,FALSE,222,222
9044,0.772212683455613,TRUE,498,209
9045,-0.0818480949276593,TRUE,461,479
9046,-0.950814613153964,FALSE,65,65
9047,0.264128901997677,FALSE,753,753
9048,-0.374781459067382,FALSE,596,596
9049,0.830167606849592,FALSE,470,470
9050,-1.12370301324877,FALSE,9,9
9051,-0.687796343471404,TRUE,604,24
9052,2.85563219584061,FALSE,113,113
9053,1.33788081448491,FALSE,322,322
9054,-1.0660926459627,TRUE,533,214
9055,-0.508651476370903,FALSE,905,905
9056,-0.111310058871381,FALSE,903,903
9057,-0.747390555298622,FALSE,452,452
9058,0.879551968973754,FALSE,915,915
9059,0.249805640961243,FALSE,267,267
9060,1.58880322390604,FALSE,642,642
9061,-0.108035938083723,FALSE,255,255
9062,0.891097377033371,TRUE,790,244
9063,0.343356828838383,FALSE,370,370
9064,-1.41436767855623,FALSE,88,88
9065,-1.39990439302273,TRUE,496,709
9066,0.0800346103888094,FALSE,957,957
9067,-1.77302414557006,TRUE,47,107
9068,-0.932775933376535,FALSE,855,855
9069,0.678924942512418,FALSE,286,286
9070,0.687114384170281,FALSE,187,187
9071,-0.45777057756259,TRUE,978,622
9072,0.050773163258731,TRUE,445,134
9073,-1.17270706565925,FALSE,474,474
9074,-0.107219808269581,TRUE,328,608
9075,0.899814674861503,FALSE,443,443
9076,1.26847907766537,FALSE,559,559
9077,-1.25989386090851,FALSE,757,757
9078,-0.354116013504932,TRUE,236,591
9079,-0.149213946554368,FALSE,395,395
9080,0.1580816314315,TRUE,56,61
9081,-1.26399714708784,TRUE,299,473
9082,0.161404044761488,FALSE,970,970
9083,0.51472868705439,FALSE,719,719
9084,1.59746007712937,FALSE,515,515
9085,-1.14718367231977,FALSE,584,584
9086,0.564562675352661,FALSE,996,996
9087,-0.315699337700348,TRUE,759,4
9088,-1.7009655266184,TRUE,136,755
9089,1.9671369595236,FALSE,837,837
9090,-1.01190955863675,FALSE,757,757
9091,-0.688797603116195,FALSE,370,370
9092,-0.30480301741785,FALSE,861,861
9093,0.300662681562663,FALSE,122,122
9094,0.128612706520254,FALSE,43,43
9095,-1.516742785059,TRUE,823,264
9096,-0.732644033424552,TRUE,497,542
9097,0.636778583696575,FALSE,221,221
9098,-0.906603335123123,TRUE,183,726
9099,0.215868419209663,FALSE,880,880
9100,0.103450083280567,FALSE,118,118
9101,0.933628623879317,FALSE,715,715
9102,0.621857440749203,TRUE,902,199
9103,0.356581965450373,FALSE,361,361
9104,1.02414104637624,FALSE,442,442
9105,0.327753419798105,FALSE,149,149
9106,-0.823234252860533,TRUE,232,552
9107,-0.342103825923919,FALSE,450,450
9108,-0.681447369264277,FALSE,633,633
9109,-0.753549489480274,FALSE,361,361
9110,1.20502249361866,FALSE,368,368
9111,1.00429078162739,TRUE,117,759
9112,0.356034726399369,FALSE,931,931
9113,0.00580874995606991,FALSE,817,817
9114,-0.0114839971409539,FALSE,806,806
9115,-0.513406232059692,FALSE,615,615
9116,0.488364731393483,FALSE,541,541
9117,-1.35921613330402,TRUE,237,906
9118,-1.16525681408776,FALSE,769,769
9119,0.664101102222058,TRUE,7,363
9120,-0.831663758083233,TRUE,607,221
9121,0.770413798592557,FALSE,440,440
9122,0.0946142881902217,TRUE,31,304
9123,0.227042415977635,FALSE,633,633
9124,-0.21501379608893,FALSE,223,223
9125,-0.482469833728551,FALSE,252,252
9126,1.69609897184861,FALSE,434,434
9127,-0.388478599012128,FALSE,63,63
9128,2.45669883347514,FALSE,401,401
9129,0.247744508374867,TRUE,933,865
9130,0.0419511022534994,TRUE,562,114
9131,0.574445533378719,FALSE,689,689
9132,0.731720465459601,FALSE,730,730
9133,-1.59409421398027,FALSE,320,320
9134,-0.126794642034607,FALSE,158,158
9135,0.194248562596541,FALSE,650,650
9136,-1.28742723934792,FALSE,352,352
9137,-1.12103626320921,TRUE,567,572
9138,-0.570905575956379,FALSE,483,483
9139,0.53798077203192,FALSE,970,970
9140,-0.477770219192277,TRUE,998,286
9141,-0.912499128316006,FALSE,942,942
9142,-1.49256507532022,FALSE,456,456
9143,-1.77449710135692,TRUE,678,723
9144,0.714266468154715,FALSE,12,12
9145,0.796783614123055,FALSE,961,961
9146,-1.28814106111043,FALSE,62,62
9147,-1.04701971761892,FALSE,881,881
9148,0.0730981708785506,FALSE,57,57
9149,2.03606614755932,FALSE,594,594
9150,1.7603031186228,FALSE,675,675
9151,-0.356535429283025,FALSE,424,424
9152,-0.736820333046201,TRUE,947,365
9153,1.84888228611145,FALSE,372,372
9154,1.49031868247623,FALSE,94,94
9155,-1.6472888143601,FALSE,677,677
9156,-1.17476957310044,FALSE,726,726
9157,0.728057429429186,FALSE,767,767
9158,-0.161774946875865,FALSE,601,601
9159,-2.5699537413089,FALSE,633,633
9160,0.120741029712653,FALSE,830,830
9161,1.60017748706764,TRUE,974,573
9162,0.0248641914366479,FALSE,738,738
9163,0.892058478064377,FALSE,954,954
9164,-0.858131716529239,TRUE,942,735
9165,-0.101810415569687,FALSE,583,583
9166,0.948457343100097,FALSE,854,854
9167,-0.146484001811181,FALSE,988,988
9168,-0.0647367544867058,FALSE,445,445
9169,0.183009680001701,TRUE,509,301
9170,-1.01063637716624,FALSE,359,359
9171,-0.821506857532294,FALSE,529,529
9172,-0.437910370275815,FALSE,796,796
9173,-0.979455779426929,FALSE,706,706
9174,1.14247427213288,FALSE,905,905
9175,-0.877908641199135,FALSE,588,588
9176,-0.116039291388696,FALSE,171,171
9177,1.35386629062724,FALSE,675,675
9178,-0.431238285014516,FALSE,365,365
9179,-0.725621771106494,TRUE,12,558
9180,0.216502338707061,FALSE,677,677
9181,0.0293935654501282,FALSE,650,650
9182,0.200306196660454,TRUE,69,399
9183,-0.941384623080908,FALSE,587,587
9184,-0.68338051537653,TRUE,783,551
9185,0.601540968385125,FALSE,781,781
9186,-2.64140336962956,FALSE,303,303
9187,1.21885322017479,FALSE,364,364
9188,0.279199980173356,FALSE,434,434
9189,-1.5127886237054,FALSE,895,895
9190,-1.90031990216184,FALSE,909,909
9191,-0.93503526025574,FALSE,778,778
9192,1.07851475241984,FALSE,905,905
9193,0.374128474836182,TRUE,182,315
9194,-0.261977368410672,FALSE,156,156
9195,0.229025130933627,FALSE,926,926
9196,1.25656459723885,FALSE,199,199
9197,-0.113728589959477,FALSE,102,102
9198,-0.199816957010028,FALSE,635,635
9199,-0.345858341240486,FALSE,50,50
9200,-0.204148084802336,TRUE,181,658
9201,-1.9714757483147,FALSE,148,148
9202,-0.153690108826757,FALSE,915,915
9203,2.29763347842826,FALSE,938,938
9204,-0.133940755053897,FALSE,401,401
9205,0.656093014323482,TRUE,651,245
9206,-0.366786336919446,TRUE,258,418
9207,1.49510684536082,FALSE,364,364
9208,0.700709320185201,FALSE,721,721
9209,-0.0797415096723392,FALSE,783,783
9210,-0.349677751121195,TRUE,596,302
9211,-0.455111082624204,FALSE,432,432
9212,-0.804131371658257,FALSE,300,300
9213,0.545881873798785,FALSE,22,22
9214,0.238412057811278,TRUE,878,366
9215,1.08651270664772,FALSE,994,994
9216,-0.573614838023666,FALSE,584,584
9217,-1.51901746274587,FALSE,814,814
9218,-1.96111626636912,TRUE,380,371
9219,-2.41936693619108,FALSE,189,189
9220,0.755967695726303,FALSE,298,298
9221,-0.0106082409057623,FALSE,973,973
9222,0.69675190397018,FALSE,135,135
9223,0.886306853227149,TRUE,865,902
9224,-0.619177890800688,FALSE,475,475
9225,1.63244336784396,FALSE,880,880
9226,2.06552607354441,FALSE,356,356
9227,0.157661880813428,FALSE,152,152
9228,-0.236958966288291,FALSE,231,231
9229,0.606351451698603,FALSE,843,843
9230,0.899038534314755,FALSE,764,764
9231,1.33179937853843,FALSE,882,882
9232,0.728032354879278,TRUE,315,441
9233,-0.123870480920649,FALSE,46,46
9234,0.357267791562067,FALSE,257,257
9235,-0.400223447523533,FALSE,299,299
9236,-0.923899995999578,FALSE,314,314
9237,-1.47755249342347,FALSE,693,693
9238,-1.42387548715762,FALSE,26,26
9239,-0.396882708263241,FALSE,768,768
9240,0.539525417489703,TRUE,211,15
9241,0.989925278957654,FALSE,487,487
9242,0.13046595661558,TRUE,263,113
9243,-0.239932876236106,FALSE,820,820
9244,-1.79419866706166,TRUE,275,580
9245,-0.246306213737041,FALSE,765,765
9246,-0.874361427984958,TRUE,55,236
9247,-1.32394291795171,TRUE,616,594
9248,-1.09386073881893,TRUE,903,708
9249,-0.419069823453788,FALSE,671,671
9250,-0.360438128158331,TRUE,83,962
9251,1.1538041991761,FALSE,996,996
9252,2.21125797572726,FALSE,135,135
9253,0.482191063633151,FALSE,542,542
9254,-0.112955053240497,TRUE,927,17
9255,1.76878922795446,FALSE,625,625
9256,0.575524643402625,FALSE,242,242
9257,0.243161804868445,FALSE,614,614
9258,1.21588131541271,TRUE,229,33
9259,-1.58124693531926,FALSE,468,468
9260,0.398335400093564,TRUE,320,630
9261,-0.00225304660849869,FALSE,667,667
9262,0.920243200965198,FALSE,260,260
9263,-0.822015122438086,TRUE,458,882
9264,-0.562532138772236,FALSE,211,211
9265,1.05022926564705,FALSE,117,117
9266,0.34984755487834,TRUE,407,548
9267,-0.778805694855359,FALSE,518,518
9268,-0.843057131273291,FALSE,29,29
9269,-0.768814894379527,TRUE,836,611
9270,0.321711652207346,FALSE,149,149
9271,0.760301034877906,FALSE,785,785
9272,-1.28076654297001,FALSE,14,14
9273,0.620576863210951,TRUE,897,692
9274,0.398092156339235,FALSE,976,976
9275,0.230523279729319,FALSE,655,655
9276,0.202769274327134,FALSE,348,348
9277,-0.632544779228728,FALSE,521,521
9278,-2.0660239181441,FALSE,855,855
9279,-0.663410608856541,FALSE,582,582
9280,-1.44428510959734,FALSE,594,594
9281,0.0661416117731214,FALSE,238,238
9282,-1.75256709837115,TRUE,331,842
9283,0.236079843815358,FALSE,43,43
9284,2.33868080330414,FALSE,106,106
9285,1.17715630554953,FALSE,38,38
9286,0.994975849161267,FALSE,614,614
9287,-0.209262712083274,FALSE,112,112
9288,-0.667173324473446,FALSE,611,611
9289,-1.42510976620799,FALSE,405,405
9290,0.61456461082951,FALSE,845,845
9291,0.77277385506915,FALSE,584,584
9292,0.840243055022055,FALSE,521,521
9293,-0.647999269821226,FALSE,400,400
9294,-0.368801785825359,FALSE,813,813
9295,-1.48961774709949,TRUE,159,239
9296,-0.0224598983379802,FALSE,718,718
9297,-0.927238281210885,FALSE,173,173
9298,-1.38652042532914,FALSE,195,195
9299,-1.15917075640814,FALSE,994,994
9300,-0.123430997248666,FALSE,98,98
9301,0.218780170521759,FALSE,909,909
9302,0.871948836241069,TRUE,962,602
9303,-1.960198087156,FALSE,762,762
9304,1.54586239576362,FALSE,432,432
9305,-0.902890459503686,FALSE,385,385
9306,0.334972187550828,FALSE,856,856
9307,0.984026281148403,FALSE,866,866
9308,-0.868241655580536,TRUE,317,729
9309,-0.953292218799364,FALSE,519,519
9310,0.217359613390943,FALSE,471,471
9311,-1.19747941386161,FALSE,548,548
9312,-0.407965040790188,FALSE,234,234
9313,-0.95550993719341,FALSE,130,130
9314,0.271008019551193,FALSE,716,716
9315,0.712934616629111,FALSE,786,786
9316,1.06180425143312,FALSE,668,668
9317,-0.316195157972198,FALSE,838,838
9318,-0.0880240957467753,FALSE,439,439
9319,-0.0796849921683568,FALSE,102,102
9320,-0.0501948755833782,FALSE,861,861
9321,-0.209034253375517,FALSE,41,41
9322,-0.761976899872655,TRUE,229,557
9323,0.189614562420076,FALSE,819,819
9324,-0.600127234744181,FALSE,941,941
9325,-0.034221239568543,TRUE,288,61
9326,-0.0878866637644295,TRUE,870,665
9327,-1.27091418665937,TRUE,288,578
9328,1.15802353891421,TRUE,333,910
9329,0.190795641104453,FALSE,491,491
9330,-0.358887269291022,FALSE,558,558
9331,0.511902703010455,TRUE,325,850
9332,-1.05907222915694,FALSE,845,845
9333,1.88144611621785,FALSE,383,383
9334,0.50353453675792,FALSE,528,528
9335,-0.28842457507049,FALSE,873,873
9336,1.1320007304553,FALSE,996,996
9337,0.167702416609913,FALSE,814,814
9338,-0.587688844477514,FALSE,124,124
9339,-1.40214194223294,FALSE,541,541
9340,-0.0407567735657095,FALSE,178,178
9341,0.62080922392487,FALSE,350,350
9342,0.326506447943823,FALSE,863,863
9343,-1.39688788966074,FALSE,593,593
9344,0.419340099152551,TRUE,954,115
9345,-0.554368233598434,TRUE,340,333
9346,0.00923235007480759,FALSE,610,610
9347,1.24722079517353,TRUE,781,677
9348,0.334538947956589,TRUE,796,491
9349,0.528365893331736,FALSE,288,288
9350,-0.830871491172083,TRUE,608,915
9351,0.223612481734376,TRUE,541,603
9352,-1.45412596549817,TRUE,66,894
9353,0.858150932568371,TRUE,763,934
9354,-0.760901110511738,FALSE,527,527
9355,-1.21049104230613,FALSE,807,807
9356,-0.859463003166384,FALSE,555,555
9357,0.650458344602447,FALSE,449,449
9358,0.185347792806808,FALSE,935,935
9359,-2.04381041883415,FALSE,296,296
9360,-2.17611139512561,FALSE,921,921
9361,-0.396248469533164,FALSE,119,119
9362,-0.887506795970201,FALSE,113,113
9363,0.041660916344768,FALSE,82,82
9364,-0.547550995150125,FALSE,520,520
9365,-0.433759528684946,FALSE,905,905
9366,0.286616164909266,TRUE,15,463
9367,0.654957323035016,TRUE,788,857
9368,-0.409712105369356,FALSE,445,445
9369,0.463385582088643,FALSE,977,977
9370,-1.82074096882308,TRUE,689,574
9371,-0.739163424385538,FALSE,276,276
9372,0.28035543019459,FALSE,431,431
9373,-0.375555790494756,FALSE,508,508
9374,0.6329324490232,FALSE,735,735
9375,-1.15102670336922,FALSE,133,133
9376,0.789033887907806,FALSE,559,559
9377,0.782209893486605,FALSE,8,8
9378,0.179126189648139,FALSE,134,134
9379,-0.0681510428488901,FALSE,73,73
9380,0.890872869947121,FALSE,689,689
9381,-0.222757479027716,FALSE,288,288
9382,0.289666792024323,FALSE,288,288
9383,-1.12751512523207,FALSE,565,565
9384,-0.688512368293608,FALSE,142,142
9385,0.386096528033124,TRUE,231,214
9386,-0.595013508563832,FALSE,911,911
9387,-0.322201199533701,TRUE,712,261
9388,1.08399999860691,FALSE,885,885
9389,0.170635436753064,TRUE,398,106
9390,0.504957384369937,TRUE,687,540
9391,1.01407224206668,FALSE,193,193
9392,-0.258084352699566,FALSE,749,749
9393,-0.316449025549578,FALSE,218,218
9394,1.04147104126466,FALSE,433,433
9395,-1.69682911453067,FALSE,926,926
9396,0.376149180553991,FALSE,32,32
9397,0.105297364443002,TRUE,611,476
9398,1.58348943852212,FALSE,293,293
9399,-0.178307545829416,FALSE,172,172
9400,0.202332217113348,FALSE,314,314
9401,-1.27585609068917,TRUE,89,217
9402,-0.345277937542351,FALSE,810,810
9403,-1.10241927400424,TRUE,697,466
9404,0.595435702652935,FALSE,453,453
9405,0.0821182602211673,FALSE,766,766
9406,-0.335863783095145,TRUE,249,892
9407,0.26073628635401,TRUE,102,369
9408,1.36236308964837,FALSE,565,565
9409,-0.662071868830573,FALSE,341,341
9410,0.524255375449068,FALSE,536,536
9411,0.0321332997736162,FALSE,26,26
9412,-1.06072548131257,FALSE,940,940
9413,-1.60656546264203,FALSE,473,473
9414,1.25853244423317,FALSE,761,761
9415,1.54366298645497,FALSE,273,273
9416,1.22649315953572,FALSE,808,808
9417,-0.981747032251174,FALSE,546,546
9418,-0.363498766874304,FALSE,985,985
9419,1.9397382112248,FALSE,54,54
9420,0.753133344268838,TRUE,147,289
9421,0.659715381126055,TRUE,744,148
9422,1.83338563927545,FALSE,10,10
9423,-1.12773975727151,FALSE,938,938
9424,-0.479468321246097,FALSE,976,976
9425,-0.529960426228721,FALSE,164,164
9426,-0.416411467120504,FALSE,845,845
9427,-1.08929797195475,FALSE,871,871
9428,0.0930274584041338,FALSE,483,483
9429,-0.203372516664839,FALSE,647,647
9430,-0.929463553541532,FALSE,997,997
9431,1.85310485514469,FALSE,508,508
9432,0.0611866912141704,TRUE,349,367
9433,-2.4022450006031,FALSE,224,224
9434,-0.322903378907228,FALSE,1,1
9435,-2.56288361445495,TRUE,69,934
9436,-0.242534860483436,TRUE,649,515
9437,0.376843997823719,FALSE,192,192
9438,-0.553859846756625,FALSE,295,295
9439,-0.0336485450885563,TRUE,797,266
9440,0.333204120174688,FALSE,983,983
9441,-0.384683790484067,FALSE,665,665
9442,1.37827697306184,FALSE,484,484
9443,1.87925888033808,TRUE,4,802
9444,0.813175288295526,FALSE,892,892
9445,0.965959015380923,TRUE,164,300
9446,2.33704462224211,FALSE,729,729
9447,-0.132883355270555,TRUE,343,985
9448,0.174188372701235,FALSE,234,234
9449,-1.55443055760649,FALSE,316,316
9450,-0.0631004897890033,FALSE,25,25
9451,-0.537828540251592,FALSE,335,335
9452,-0.140945406484342,FALSE,525,525
9453,0.125883201074421,FALSE,691,691
9454,-0.133209611269102,TRUE,382,467
9455,-0.284626370250634,FALSE,323,323
9456,-2.48136649975324,FALSE,25,25
9457,1.2177148424057,FALSE,726,726
9458,0.630501715779473,FALSE,867,867
9459,-1.80062446141038,FALSE,57,57
9460,0.0326423002521111,FALSE,390,390
9461,1.43410888088952,FALSE,334,334
9462,1.78030900479632,TRUE,309,415
9463,2.46498118464281,TRUE,902,644
9464,-0.555006355682593,FALSE,626,626
9465,0.952152257141813,TRUE,743,497
9466,1.41517118631539,TRUE,718,549
9467,-0.768205197130969,FALSE,127,127
9468,0.583194803930856,TRUE,629,210
9469,0.304565030630141,FALSE,481,481
9470,1.28051955049487,FALSE,246,246
9471,0.256226138368885,FALSE,582,582
9472,-0.246422434798604,FALSE,408,408
9473,0.486042211568252,TRUE,42,110
9474,-1.06561419174068,FALSE,301,301
9475,0.66338102445058,FALSE,407,407
9476,-0.363516601237867,FALSE,532,532
9477,0.455079666741384,FALSE,317,317
9478,0.230298394713335,FALSE,895,895
9479,0.281376331053815,FALSE,248,248
9480,-0.723796592811481,FALSE,360,360
9481,-0.108716629689404,FALSE,178,178
9482,-0.435721216865031,FALSE,60,60
9483,0.598600133304074,FALSE,275,275
9484,2.01610944062522,FALSE,540,540
9485,0.563476731622319,TRUE,637,632
9486,-1.21618332537868,TRUE,398,230
9487,-1.16957038076527,TRUE,788,375
9488,0.0257490726829556,FALSE,481,481
9489,1.00157006052556,FALSE,410,410
9490,1.41746832526845,FALSE,265,265
9491,-1.10770575620358,FALSE,552,552
9492,0.104173314026479,TRUE,926,252
9493,0.130189639728882,FALSE,342,342
9494,-0.110472152179726,FALSE,831,831
9495,-1.24000877378467,FALSE,262,262
9496,0.62527030651308,TRUE,891,958
9497,-1.91299361338521,FALSE,461,461
9498,0.688532605465397,TRUE,838,171
9499,-1.57936082726653,FALSE,122,122
9500,-0.33786205649429,FALSE,634,634
9501,-0.147132149218408,TRUE,396,981
9502,-0.673635433725076,TRUE,907,89
9503,-0.56862777638454,TRUE,748,349
9504,0.470856491744196,FALSE,793,793
9505,1.30133671890066,TRUE,591,906
9506,0.0367091285508964,FALSE,351,351
9507,-0.59489481967054,TRUE,51,194
9508,-0.665288295486097,FALSE,401,401
9509,0.716171020744132,FALSE,581,581
9510,-0.46372414490419,FALSE,351,351
9511,-1.54744029363507,FALSE,492,492
9512,0.0439291238351563,TRUE,384,929
9513,0.910228113381331,FALSE,540,540
9514,0.461405409517311,FALSE,705,705
9515,1.70969004834188,FALSE,76,76
9516,2.46837768986266,FALSE,667,667
9517,0.624965396265617,FALSE,129,129
9518,-0.178922411057878,TRUE,811,360
9519,1.26988761058271,FALSE,534,534
9520,0.746612801542564,FALSE,767,767
9521,2.12011465604253,FALSE,704,704
9522,0.346639842831973,TRUE,100,306
9523,-0.164468216305523,FALSE,858,858
9524,0.842020047405752,TRUE,484,798
9525,0.221226598435007,FALSE,991,991
9526,0.40502274460841,FALSE,933,933
9527,1.34542640770443,FALSE,447,447
9528,-1.27027219721358,FALSE,984,984
9529,-0.597198444968736,FALSE,713,713
9530,-0.717915565480712,FALSE,45,45
9531,-0.914485926976796,FALSE,245,245
9532,0.0573570002308713,FALSE,582,582
9533,-0.475388856936791,FALSE,731,731
9534,0.683932460581425,FALSE,918,918
9535,1.28805666267176,TRUE,10,763
9536,-0.682199457053933,FALSE,752,752
9537,0.41302089455888,FALSE,928,928
9538,0.315551383888632,TRUE,922,670
9539,-0.933241262679818,FALSE,159,159
9540,0.256015837873084,TRUE,397,531
9541,-0.785015750479333,FALSE,619,619
9542,-1.06360717929563,TRUE,308,55
9543,-1.83193106471071,TRUE,652,309
9544,1.71372829226929,FALSE,640,640
9545,-0.126452386770776,FALSE,834,834
9546,-0.333683776934348,FALSE,862,862
9547,1.43215449095927,FALSE,200,200
9548,2.1326311434083,FALSE,351,351
9549,-0.722358707119447,FALSE,803,803
9550,-1.21525913870257,FALSE,691,691
9551,-0.0780872618765368,TRUE,129,411
9552,-1.45260841246455,FALSE,987,987
9553,-0.620994710460696,FALSE,878,878
9554,-0.102232528260429,FALSE,375,375
9555,-0.524494562027447,FALSE,183,183
9556,1.68459299015518,FALSE,105,105
9557,0.233603929023991,FALSE,293,293
9558,0.122876092183552,FALSE,542,542
9559,1.67204034524049,FALSE,404,404
9560,1.51049750921047,TRUE,5,109
9561,-0.31692912084142,FALSE,618,618
9562,0.0120391744752761,FALSE,108,108
9563,-0.961403422541013,TRUE,365,53
9564,-0.686957110580948,FALSE,323,323
9565,-1.44621434077422,FALSE,161,161
9566,0.653788380431656,TRUE,131,767
9567,-0.227686995035828,TRUE,509,318
9568,0.562839998634633,FALSE,942,942
9569,-0.211542410101104,FALSE,624,624
9570,-1.46268213153585,TRUE,797,962
9571,-1.06079762249479,FALSE,478,478
9572,0.74609172904997,TRUE,837,935
9573,-0.76489475746182,FALSE,896,896
9574,-1.42357523909514,FALSE,84,84
9575,-1.61960383249504,FALSE,694,694
9576,-0.594152334385808,FALSE,132,132
9577,0.34502313809593,TRUE,864,358
9578,-0.346796365813345,FALSE,215,215
9579,-0.530880531088904,FALSE,524,524
9580,-0.0666646061664831,TRUE,128,45
9581,0.0794890652084485,FALSE,479,479
9582,0.940990236326795,FALSE,86,86
9583,0.0647066762840612,FALSE,690,690
9584,-0.130505868911008,FALSE,563,563
9585,-0.369873049860792,TRUE,802,462
9586,-1.00710117818137,FALSE,549,549
9587,-0.1257033524832,FALSE,752,752
9588,-1.35354251851651,FALSE,401,401
9589,1.46552871508473,FALSE,185,185
9590,0.203787276187021,TRUE,864,933
9591,-1.92000981436504,FALSE,326,326
9592,-1.27395335206445,FALSE,568,568
9593,0.702036338664699,TRUE,177,881
9594,-2.28536578865846,TRUE,354,381
9595,0.685716005889443,TRUE,28,52
9596,0.30202847008572,FALSE,972,972
9597,-0.716940986060072,FALSE,307,307
9598,-0.579153939323905,TRUE,861,353
9599,-1.3002266217832,FALSE,497,497
9600,-1.1834570898044,FALSE,816,816
9601,-0.37580209971237,TRUE,551,888
9602,-1.46715816851894,FALSE,606,606
9603,-0.29534071752365,FALSE,894,894
9604,-0.563146350959796,TRUE,362,117
9605,0.153260029111805,TRUE,991,21
9606,0.503901185897899,TRUE,622,248
9607,0.258476908578493,FALSE,336,336
9608,0.614697488208148,FALSE,384,384
9609,0.160094274201771,FALSE,649,649
9610,-0.640466491526046,FALSE,226,226
9611,-0.233938704629529,FALSE,816,816
9612,1.35888034274285,FALSE,111,111
9613,1.59687567752888,TRUE,737,411
9614,0.457860118821368,FALSE,434,434
9615,-1.04272333297973,TRUE,894,672
9616,0.329987877105239,FALSE,95,95
9617,1.21939120301322,FALSE,924,924
9618,-1.10075212823008,TRUE,830,543
9619,1.11498948343497,FALSE,795,795
9620,-1.53756366394407,FALSE,392,392
9621,-0.203313606686545,FALSE,51,51
9622,1.34150598090498,FALSE,125,125
9623,0.0351879419126054,FALSE,123,123
9624,0.681345263149107,FALSE,512,512
9625,-0.116591580815723,FALSE,102,102
9626,-0.786308081147235,TRUE,409,131
9627,1.31778834411764,FALSE,579,579
9628,0.350563246343412,FALSE,805,805
9629,-0.488563801389508,FALSE,382,382
9630,-1.25867113777206,FALSE,212,212
9631,0.312971588921384,FALSE,918,918
9632,-0.394710441345343,TRUE,387,205
9633,0.722693393080594,FALSE,583,583
9634,0.999897620171259,FALSE,21,21
9635,1.852233473603,TRUE,17,720
9636,0.0065404683838596,FALSE,814,814
9637,0.160221120293133,TRUE,348,86
9638,-0.395748429101235,FALSE,617,617
9639,-0.709500666830606,FALSE,527,527
9640,-2.36336321758309,TRUE,172,719
9641,-1.20439190211267,TRUE,493,142
9642,0.637169798815484,FALSE,456,456
9643,1.64665633701533,FALSE,652,652
9644,-1.3876894791056,TRUE,97,688
9645,0.746666457080023,FALSE,207,207
9646,-0.431940329300806,TRUE,723,540
9647,0.791188389379138,FALSE,713,713
9648,1.74346763310756,TRUE,432,128
9649,-0.959487015899567,FALSE,667,667
9650,-2.08079796010662,TRUE,19,180
9651,-0.297638918071916,FALSE,377,377
9652,0.690919985688462,TRUE,841,862
9653,0.95014908761975,FALSE,155,155
9654,0.487902117360953,FALSE,361,361
9655,-0.132968301590482,FALSE,371,371
9656,3.06750081588881,FALSE,34,34
9657,0.959280552944111,TRUE,112,191
9658,-0.383700947309097,FALSE,950,950
9659,0.175652378029223,FALSE,394,394
9660,0.805696063225057,TRUE,451,257
9661,0.456542885333157,FALSE,552,552
9662,-0.024970953910034,FALSE,495,495
9663,0.191131251914402,FALSE,87,87
9664,0.479133621148106,FALSE,566,566
9665,-0.590178420871036,TRUE,47,957
9666,-0.25368412277231,FALSE,896,896
9667,0.79568525238738,TRUE,309,211
9668,-0.421944354315324,FALSE,35,35
9669,0.633734912118758,FALSE,312,312
9670,-1.11392856485416,FALSE,41,41
9671,0.909549892158232,FALSE,733,733
9672,1.26902608418495,FALSE,502,502
9673,-0.455491778546619,TRUE,14,589
9674,-1.58409308552631,TRUE,836,603
9675,0.304244544102541,FALSE,738,738
9676,0.24477901538213,FALSE,616,616
9677,-1.5550097311235,FALSE,830,830
9678,0.597472620088279,TRUE,601,980
9679,-2.03372956095156,FALSE,220,220
9680,-0.766094428330236,TRUE,202,642
9681,1.64864074374536,FALSE,826,826
9682,0.781861255337272,FALSE,388,388
9683,0.107035271527543,TRUE,478,980
9684,-2.83903093066111,FALSE,537,537
9685,0.0840476020809131,FALSE,3,3
9686,-1.06849172575689,FALSE,718,718
9687,0.0415202331190237,FALSE,242,242
9688,0.12720360449926,FALSE,272,272
9689,0.455362146277283,TRUE,145,783
9690,-0.303942854249803,FALSE,657,657
9691,-0.152632610547037,FALSE,57,57
9692,-0.487440542541666,TRUE,117,355
9693,0.125658558849878,FALSE,941,941
9694,-0.651518021819425,FALSE,954,954
9695,0.60503255413826,FALSE,904,904
9696,-0.955708052511467,FALSE,187,187
9697,-1.30989688864828,FALSE,584,584
9698,-0.0863727918460192,TRUE,427,429
9699,-0.456971027534395,TRUE,330,221
9700,0.449581575940742,FALSE,543,543
9701,-1.52864361389056,TRUE,904,688
9702,0.26130411406513,FALSE,149,149
9703,0.97899893179748,TRUE,180,662
9704,-0.893565639606266,TRUE,469,173
9705,0.776499229731006,FALSE,262,262
9706,0.827098895919075,TRUE,405,976
9707,0.590025758779773,FALSE,641,641
9708,-1.0984178133503,TRUE,465,930
9709,-0.313327640434925,FALSE,342,342
9710,0.324346507000662,FALSE,948,948
9711,-1.43894606423409,FALSE,126,126
9712,-0.846363480797309,FALSE,483,483
9713,0.484003937416095,FALSE,962,962
9714,1.07368749601421,FALSE,50,50
9715,0.327073869682668,FALSE,758,758
9716,-0.496857969894198,FALSE,534,534
9717,-0.634803818308647,TRUE,288,558
9718,1.92527954101694,FALSE,185,185
9719,-0.340104692840173,TRUE,456,697
9720,0.692017584593959,TRUE,89,261
9721,-1.12924090478568,FALSE,397,397
9722,-1.00575084994086,FALSE,630,630
9723,-0.40048232230961,FALSE,932,932
9724,0.358030070460921,TRUE,967,673
9725,0.864536504615916,TRUE,874,705
9726,0.00845864220970071,FALSE,82,82
9727,0.471191590201957,FALSE,764,764
9728,-0.0986551362070355,FALSE,558,558
9729,0.343637505134219,FALSE,94,94
9730,-1.43961294443088,FALSE,257,257
9731,0.0559567804768863,TRUE,399,103
9732,-0.206529808885208,TRUE,879,118
9733,-0.183903248247375,FALSE,477,477
9734,-0.621611007571175,FALSE,927,927
9735,1.72797178396387,FALSE,853,853
9736,-0.83977325586013,FALSE,893,893
9737,-0.280588469964513,TRUE,636,517
9738,-0.837294519068898,FALSE,34,34
9739,-0.274834752576703,FALSE,794,794
9740,0.472344695962803,TRUE,916,101
9741,-2.22568790184561,TRUE,941,99
9742,-0.183591740182713,FALSE,28,28
9743,-0.294149680262832,TRUE,774,302
9744,-1.14399797961244,FALSE,286,286
9745,-0.162803767719323,FALSE,373,373
9746,0.267763744882344,TRUE,815,202
9747,0.256801397637298,TRUE,350,887
9748,-0.503576724463198,FALSE,97,97
9749,2.3136823981718,FALSE,419,419
9750,-0.328477396848018,FALSE,591,591
9751,-1.60069174231155,TRUE,35,54
9752,-0.550892250222815,FALSE,291,291
9753,0.95984090358391,FALSE,41,41
9754,-0.752463204114402,FALSE,425,425
9755,-0.0676954848686345,FALSE,897,897
9756,-0.39813194986707,FALSE,34,34
9757,-0.685446064697667,TRUE,110,533
9758,1.31922969719972,FALSE,820,820
9759,-1.85351462035094,FALSE,7,7
9760,-0.0208450711464503,FALSE,626,626
9761,-0.171017568105028,TRUE,981,376
9762,1.43355156758384,FALSE,596,596
9763,-0.0592521393499084,TRUE,360,472
9764,1.03451545170935,FALSE,110,110
9765,0.236448686656401,FALSE,588,588
9766,-0.836224475272863,FALSE,896,896
9767,0.379970091165424,FALSE,422,422
9768,-1.10460030213751,FALSE,107,107
9769,-1.187199766292,TRUE,974,810
9770,1.21382258885069,FALSE,828,828
9771,0.211379146945704,FALSE,462,462
9772,-1.5845710102469,FALSE,43,43
9773,-0.612073093229238,FALSE,189,189
9774,0.608394630605105,FALSE,653,653
9775,0.278458526700406,FALSE,360,360
9776,-0.444539226661303,FALSE,976,976
9777,-0.946679262166707,TRUE,245,85
9778,-0.267779268173179,TRUE,52,563
9779,0.906845380762695,FALSE,668,668
9780,-0.566815871674565,FALSE,912,912
9781,0.960784552176427,TRUE,62,703
9782,0.653310421565837,FALSE,723,723
9783,-0.260021621321324,FALSE,796,796
9784,-1.82078242379202,FALSE,812,812
9785,-0.825434380362193,TRUE,613,744
9786,0.652880796842404,TRUE,96,649
9787,1.81612262417402,FALSE,541,541
9788,0.83124485996798,FALSE,290,290
9789,-0.986910956637502,FALSE,596,596
9790,0.235971648630003,FALSE,297,297
9791,-0.39107262972413,FALSE,704,704
9792,-0.562844166532242,FALSE,391,391
9793,-1.096941997855,FALSE,281,281
9794,-0.766455873393538,TRUE,828,324
9795,0.841213688203962,TRUE,526,910
9796,1.88069370446266,TRUE,362,397
9797,0.64320351401576,FALSE,37,37
9798,-1.17495868175951,FALSE,927,927
9799,-0.707064511984902,TRUE,701,382
9800,2.10886887502703,FALSE,664,664
9801,-0.462387102048366,TRUE,130,870
9802,-0.787198296760632,FALSE,314,314
9803,-0.45889577310437,TRUE,88,298
9804,2.39224302467071,FALSE,939,939
9805,0.355842953570359,FALSE,938,938
9806,-0.289309959397291,FALSE,599,599
9807,1.08896230867381,FALSE,71,71
9808,-1.39507201580229,TRUE,663,205
9809,-0.11780715222447,TRUE,254,884
9810,0.701325333466092,FALSE,137,137
9811,-1.12083485307123,TRUE,492,928
9812,-0.485393915160034,FALSE,304,304
9813,0.422571271335969,TRUE,226,675
9814,-1.39032205465034,TRUE,884,519
9815,-2.02307866311819,FALSE,991,991
9816,-0.290768076022749,FALSE,472,472
9817,2.03583436909379,TRUE,732,980
9818,-0.796212504213896,FALSE,481,481
9819,-1.38233174744969,FALSE,386,386
9820,-0.122610698383884,FALSE,182,182
9821,1.23276415861198,TRUE,674,208
9822,-0.941158521456586,FALSE,578,578
9823,0.617050072157019,FALSE,778,778
9824,-0.282271825160748,FALSE,89,89
9825,-1.96730476909972,FALSE,813,813
9826,-0.0602495271598923,FALSE,721,721
9827,0.342110581527869,FALSE,912,912
9828,-0.22005957055813,FALSE,923,923
9829,0.126721384784114,TRUE,995,356
9830,-0.867487393748536,FALSE,169,169
9831,-0.695571940009547,FALSE,599,599
9832,-0.136493927160928,TRUE,516,900
9833,1.32213601549527,FALSE,309,309
9834,-1.34972916937413,FALSE,611,611
9835,-0.786217214105137,FALSE,514,514
9836,-0.0435465616008335,FALSE,296,296
9837,-1.23532310704265,FALSE,461,461
9838,-1.33858970572591,FALSE,682,682
9839,-0.288542802053845,FALSE,103,103
9840,-0.497587817746738,FALSE,956,956
9841,0.55438072402774,FALSE,650,650
9842,-0.389220440881234,FALSE,498,498
9843,-1.47460162257593,FALSE,910,910
9844,2.45690107208285,FALSE,68,68
9845,-0.487471142773177,FALSE,911,911
9846,2.39070819553544,FALSE,387,387
9847,-0.935035495706276,FALSE,730,730
9848,0.539162128762485,FALSE,598,598
9849,-0.646089022340935,FALSE,385,385
9850,1.06664751736022,FALSE,257,257
9851,-0.625039057680061,FALSE,58,58
9852,-0.0161802595633956,TRUE,315,911
9853,0.541146625819345,FALSE,388,388
9854,-0.334430286053997,FALSE,179,179
9855,-0.714840124518591,FALSE,546,546
9856,-0.204474635271085,FALSE,510,510
9857,-1.85817615589697,FALSE,621,621
9858,-0.203771242276033,FALSE,222,222
9859,-0.521922497721144,TRUE,320,717
9860,0.0219895902354585,TRUE,231,246
9861,-1.61561080874165,TRUE,796,448
9862,0.621139544974908,FALSE,92,92
9863,-0.0633874213995069,FALSE,179,179
9864,-1.07479145782257,FALSE,894,894
9865,1.27557246284008,TRUE,897,541
9866,-0.139930151074155,FALSE,720,720
9867,-1.72081681781116,FALSE,113,113
9868,1.5494297385514,TRUE,507,6
9869,-0.578191674025222,FALSE,958,958
9870,0.19332751608516,TRUE,940,904
9871,1.62171389334205,FALSE,600,600
9872,0.650310267796565,FALSE,640,640
9873,0.0609689206700981,FALSE,146,146
9874,0.263962522763769,FALSE,517,517
9875,-0.51818844088866,FALSE,697,697
9876,0.894870214644834,FALSE,545,545
9877,0.209166802531704,FALSE,937,937
9878,-0.626144578212546,FALSE,526,526
9879,-0.535410705180782,FALSE,566,566
9880,0.53271436563676,TRUE,661,709
9881,-0.947206472673011,FALSE,455,455
9882,0.714720385727716,TRUE,117,258
9883,0.837615765744166,FALSE,17,17
9884,-0.973333255302537,FALSE,58,58
9885,1.20300826038635,TRUE,873,256
9886,-0.35130999980726,FALSE,665,665
9887,1.45921637660912,TRUE,937,120
9888,0.429112848767409,FALSE,142,142
9889,-1.47862664196534,TRUE,871,110
9890,0.716358336317597,FALSE,559,559
9891,-0.80732728252893,FALSE,247,247
9892,-0.454706578541729,FALSE,304,304
9893,0.380421821511793,FALSE,307,307
9894,1.04457746532007,FALSE,807,807
9895,-0.477700811129172,FALSE,67,67
9896,0.126339421427552,FALSE,795,795
9897,-1.55525861001837,FALSE,760,760
9898,-2.11688156188244,FALSE,517,517
9899,-1.87957091175864,TRUE,127,19
9900,-0.805848935701737,FALSE,672,672
9901,1.02393205458164,TRUE,292,199
9902,-0.937558000824962,FALSE,485,485
9903,-0.971545994791127,FALSE,525,525
9904,-0.291357348658297,TRUE,642,747
9905,-1.0949147728468,FALSE,883,883
9906,0.591065362721384,FALSE,791,791
9907,0.201179559159097,FALSE,378,378
9908,0.692298414451174,FALSE,753,753
9909,-0.933112999682196,FALSE,635,635
9910,-0.0916764292702965,FALSE,494,494
9911,0.00937465255439048,FALSE,781,781
9912,0.411193851149111,FALSE,818,818
9913,0.119109955272306,FALSE,652,652
9914,-0.732340377702492,TRUE,866,483
9915,0.733146980945844,FALSE,27,27
9916,0.364444716088094,TRUE,399,607
9917,-0.118582879029263,TRUE,891,176
9918,-0.426453549691668,FALSE,874,874
9919,0.78455497298849,FALSE,601,601
9920,1.74607429293342,FALSE,246,246
9921,1.4697778124469,FALSE,341,341
9922,-0.463479239652754,TRUE,446,161
9923,-0.108818587018686,FALSE,108,108
9924,-0.473272732146784,FALSE,226,226
9925,0.17553477956171,FALSE,628,628
9926,-0.333345425746965,FALSE,103,103
9927,1.66668924645811,TRUE,332,508
9928,-0.346608415396621,FALSE,677,677
9929,-0.442139382112549,FALSE,659,659
9930,-0.115799965662378,TRUE,230,985
9931,-0.187580301055017,FALSE,505,505
9932,0.685333507516891,FALSE,609,609
9933,0.534629559226792,FALSE,623,623
9934,-1.57934369019036,FALSE,700,700
9935,-0.659888023578504,FALSE,975,975
9936,-0.431698806584561,FALSE,945,945
9937,0.943680170905876,TRUE,905,359
9938,-0.0205541217901166,FALSE,151,151
9939,0.499589693406767,FALSE,483,483
9940,-0.0784031998095674,FALSE,158,158
9941,-0.439351676618435,FALSE,641,641
9942,0.664590558712137,TRUE,202,694
9943,2.33326805168243,FALSE,296,296
9944,0.00703032259175865,FALSE,990,990
9945,-3.40202380435592,TRUE,310,254
9946,-0.957886086352753,FALSE,195,195
9947,-0.226493191282047,TRUE,111,192
9948,-1.5566266086941,FALSE,271,271
9949,0.316930444126918,FALSE,494,494
9950,-0.584147782524673,FALSE,33,33
9951,0.69695766608415,FALSE,845,845
9952,0.944522906044958,TRUE,571,422
9953,-1.81461068217308,FALSE,46,46
9954,0.563601402749299,FALSE,535,535
9955,0.97280698896353,FALSE,130,130
9956,-0.680483584218796,TRUE,235,350
9957,-0.926533647132229,TRUE,524,242
9958,-1.93596093473838,TRUE,749,299
9959,0.963541902693928,FALSE,167,167
9960,2.08368545314789,FALSE,773,773
9961,-0.11643781395344,FALSE,80,80
9962,1.10669459920306,FALSE,791,791
9963,1.2277428318739,FALSE,462,462
9964,0.101293752103079,FALSE,945,945
9965,0.0401718519647928,FALSE,967,967
9966,2.05214798922842,TRUE,901,803
9967,-0.447245537200564,TRUE,942,102
9968,-1.18161268028822,FALSE,659,659
9969,1.23872328136125,TRUE,266,495
9970,-0.598233690675221,FALSE,136,136
9971,-1.4757096969074,FALSE,233,233
9972,-0.336164840191767,FALSE,206,206
9973,-0.842040965601314,FALSE,442,442
9974,-0.994240964580995,TRUE,723,663
9975,2.27094389609834,FALSE,171,171
9976,0.0101879603666104,TRUE,824,165
9977,0.558212375940976,TRUE,26,754
9978,-2.10888712710612,FALSE,677,677
9979,0.103266169843979,FALSE,749,749
9980,-1.80014777891941,FALSE,416,416
9981,0.473502144516299,FALSE,929,929
9982,0.725034660594589,FALSE,78,78
9983,-0.426865426249103,FALSE,221,221
9984,-0.536773054798828,TRUE,540,748
9985,1.32386033170034,FALSE,446,446
9986,-1.09135313099825,FALSE,622,622
9987,0.309381106948007,FALSE,459,459
9988,0.492173973008798,FALSE,985,985
9989,0.739040639109675,FALSE,325,325
9990,-0.117926154118613,FALSE,503,503
9991,0.158641033633531,FALSE,442,442
9992,-0.975039590837087,TRUE,395,346
9993,0.940499387723458,FALSE,915,915
9994,-0.589638883691936,TRUE,642,775
9995,-1.02478395544898,FALSE,848,848
9996,-0.367116389551086,FALSE,918,918
9997,-0.757472903941856,FALSE,330,330
9998,1.07932886772481,TRUE,325,290
9999,-0.644924173032691,FALSE,570,570
10000,2.37072522047599,TRUE,945,885
10001,-0.166811957051551,FALSE,795,795
10002,0.926961395348714,FALSE,126,126
10003,-0.568151747750955,FALSE,823,823
10004,0.225090080591701,FALSE,20,20
10005,1.13198590550899,TRUE,745,545
10006,1.38048153537304,FALSE,433,433
10007,-0.232803414225492,FALSE,270,270
10008,-1.60064332725513,FALSE,196,196
10009,-0.298369177065937,FALSE,53,53
10010,-0.275624083392323,FALSE,438,438
10011,-0.0303255731712796,TRUE,493,842
10012,1.08934602068742,FALSE,215,215
10013,-1.00542176024774,FALSE,765,765
10014,-1.63253625507862,TRUE,557,553
10015,0.77354244519438,FALSE,921,921
10016,-0.0282083227394901,FALSE,488,488
10017,0.356261089792291,FALSE,484,484
10018,-1.32699311672804,FALSE,146,146
10019,-0.704537495814,FALSE,139,139
10020,-0.220218526282562,FALSE,50,50
10021,2.09328765920526,FALSE,668,668
10022,1.7304749495467,FALSE,998,998
10023,0.0358135490592385,TRUE,48,55
10024,1.06492992191758,FALSE,516,516
10025,-0.56778169799989,FALSE,529,529
10026,-0.377441251601803,FALSE,6,6
10027,-0.0891942767245945,FALSE,656,656
10028,-1.41729253214115,FALSE,784,784
10029,-0.007316741874337,FALSE,178,178
10030,0.232891077088258,TRUE,767,52
10031,-1.11888027660423,FALSE,117,117
10032,-1.47018010762783,FALSE,458,458
10033,3.0351846758287,FALSE,388,388
10034,-0.476539832807626,FALSE,389,389
10035,0.451313004452601,FALSE,910,910
10036,-0.517409128572129,TRUE,159,541
10037,1.54942502255037,TRUE,750,501
10038,-0.375973966375061,FALSE,581,581
10039,0.46441848670492,FALSE,845,845
10040,0.749278152617118,FALSE,810,810
10041,-0.536598333798959,FALSE,997,997
10042,-0.633883148618397,TRUE,23,109
10043,1.06539724788868,FALSE,963,963
10044,1.32270844365787,FALSE,750,750
10045,0.218300623553162,FALSE,581,581
10046,-1.25758472345198,FALSE,304,304
10047,0.825264714138557,FALSE,509,509
10048,-0.747180398477577,TRUE,487,997
10049,-0.164060635541832,FALSE,236,236
10050,1.36336539432535,FALSE,808,808
10051,-1.64386610115457,FALSE,45,45
10052,0.745335943704726,FALSE,984,984
10053,0.293044763909537,TRUE,421,66
10054,0.270188485333042,FALSE,712,712
10055,0.262238902740364,FALSE,702,702
10056,-0.302329376964921,FALSE,836,836
10057,0.152479166000392,TRUE,995,882
10058,-0.337628148828434,FALSE,596,596
10059,0.247955001704697,FALSE,491,491
10060,-0.617061868702469,FALSE,375,375
10061,0.314336730164334,FALSE,22,22
10062,1.47436414465498,FALSE,923,923
10063,-0.943039920232843,FALSE,696,696
10064,-0.474381486707947,TRUE,276,515
10065,-0.563278378062167,TRUE,905,952
10066,1.16893111543718,FALSE,84,84
10067,-0.333144354805185,FALSE,883,883
10068,0.985296971597555,FALSE,743,743
10069,-0.0547983326629928,FALSE,513,513
10070,-0.642077505990411,FALSE,290,290
10071,0.833390373912054,TRUE,889,251
10072,-0.646107131980149,FALSE,833,833
10073,-0.476858939111105,FALSE,108,108
10074,-0.474221834672128,TRUE,371,99
10075,0.955973461204215,FALSE,250,250
10076,2.1120634155689,FALSE,990,990
10077,-1.34707687784406,TRUE,645,700
10078,-0.862935063143699,FALSE,350,350
10079,-1.0367041683259,FALSE,477,477
10080,-1.27819556971995,FALSE,627,627
10081,0.183318133516458,FALSE,325,325
10082,0.147991982788714,FALSE,50,50
10083,-0.373175236860531,FALSE,452,452
10084,-0.507699841913519,FALSE,209,209
10085,0.629771137723966,FALSE,125,125
10086,-2.04073343595331,FALSE,882,882
10087,1.30794616991915,FALSE,562,562
10088,0.108779611126167,FALSE,125,125
10089,0.853662181475636,TRUE,538,136
10090,-0.0807684930122559,FALSE,610,610
10091,0.0266682271498944,FALSE,249,249
10092,-0.286406965481346,FALSE,528,528
10093,-0.560180821548426,FALSE,627,627
10094,1.00774592006759,FALSE,353,353
10095,0.0856700649115013,FALSE,527,527
10096,-1.21820991441122,TRUE,450,373
10097,0.412227108536377,FALSE,174,174
10098,-0.894853354942791,FALSE,672,672
10099,-2.15935920310234,FALSE,919,919
10100,-0.119772751645552,FALSE,893,893
10101,-0.0995904316390441,FALSE,599,599
10102,0.455416627732626,FALSE,872,872
10103,1.36998996885135,FALSE,163,163
10104,0.911347896947853,FALSE,550,550
10105,-0.767622849584543,TRUE,413,186
10106,0.565692873196115,FALSE,479,479
10107,0.0762636100436516,FALSE,293,293
10108,0.49980868854526,FALSE,870,870
10109,-0.390119955399545,TRUE,817,583
10110,-0.673173462420635,TRUE,843,612
10111,1.02716771572023,FALSE,949,949
10112,0.110861512209656,TRUE,173,191
10113,0.675508151078739,TRUE,291,784
10114,-0.641849369670802,TRUE,834,633
10115,-2.76780957091076,FALSE,70,70
10116,-0.468295912940763,FALSE,839,839
10117,0.143525212645844,FALSE,330,330
10118,2.00949205666946,FALSE,295,295
10119,-0.0309996347751117,TRUE,434,399
10120,-2.27916800857114,FALSE,495,495
10121,-0.481259088306004,FALSE,356,356
10122,-0.988807749463156,FALSE,32,32
10123,0.50329237491952,FALSE,950,950
10124,-0.255294615868917,FALSE,724,724
10125,0.642256488332133,TRUE,73,464
10126,0.90171809133088,FALSE,936,936
10127,-0.926949314576174,TRUE,827,951
10128,1.05683686737174,TRUE,740,568
10129,-0.721790393118678,TRUE,652,857
10130,-0.182977375774527,FALSE,292,292
10131,-0.359312181657399,FALSE,546,546
10132,-2.10300253136773,FALSE,550,550
10133,-0.357462049881763,FALSE,361,361
10134,-2.0726073895804,FALSE,707,707
10135,-1.49715044241428,FALSE,317,317
10136,0.200368707844315,TRUE,485,835
10137,0.334924230263071,FALSE,278,278
10138,0.682696072673157,FALSE,456,456
10139,-0.662787919096883,FALSE,981,981
10140,0.497335711039902,FALSE,545,545
10141,1.14737477277459,FALSE,736,736
10142,-0.459121419973224,FALSE,643,643
10143,0.565362047910318,TRUE,521,268
10144,-1.66866810832929,FALSE,749,749
10145,-0.38306246545579,TRUE,547,663
10146,-0.00847366732933724,FALSE,103,103
10147,0.510210369755388,FALSE,428,428
10148,-0.932011875536578,TRUE,589,798
10149,-0.257446180502955,TRUE,675,639
10150,0.117822917397573,FALSE,128,128
10151,0.904039400865661,FALSE,638,638
10152,0.795296129203478,FALSE,963,963
10153,-0.164666188582273,FALSE,626,626
10154,0.291882319300427,FALSE,815,815
10155,0.288420121493848,TRUE,847,933
10156,-0.782786964697379,FALSE,896,896
10157,2.38185237005017,TRUE,112,857
10158,0.209215616725302,FALSE,310,310
10159,0.480956832319122,FALSE,157,157
10160,-1.3313879315245,FALSE,590,590
10161,-0.23623050733255,TRUE,675,859
10162,-0.17850332055139,FALSE,435,435
10163,0.806967505105795,TRUE,477,219
10164,0.490977233638593,FALSE,876,876
10165,-0.204995392309063,FALSE,923,923
10166,0.482135402550063,FALSE,260,260
10167,0.380271942097618,TRUE,61,6
10168,1.04328854424831,FALSE,937,937
10169,1.13519074156665,TRUE,185,259
10170,0.505279341360395,FALSE,336,336
10171,-1.15111482854457,FALSE,33,33
10172,-0.309411644757202,FALSE,486,486
10173,-0.366424218527957,FALSE,432,432
10174,1.53129935755268,FALSE,352,352
10175,-0.211550544960911,FALSE,368,368
10176,-0.650891344601229,FALSE,212,212
10177,1.97608189676625,TRUE,2,95
10178,1.5693597790461,FALSE,717,717
10179,-0.113792498019096,FALSE,905,905
10180,0.510704124062367,TRUE,293,41
10181,-1.14067031082352,FALSE,518,518
10182,0.585067598005369,FALSE,386,386
10183,-0.563284077833947,FALSE,389,389
10184,-0.144310029876606,TRUE,625,321
10185,-0.837416429622936,FALSE,547,547
10186,-2.12838543121708,FALSE,254,254
10187,-1.39904620866278,TRUE,357,232
10188,0.842317921390649,FALSE,619,619
10189,-1.34952395669583,FALSE,149,149
10190,-0.598242476103812,FALSE,373,373
10191,-0.955832339971213,FALSE,333,333
10192,-0.144921389347245,FALSE,533,533
10193,0.593508865764569,TRUE,635,595
10194,-0.339270336014616,FALSE,125,125
10195,-0.959495227540805,FALSE,597,597
10196,0.593866190620004,FALSE,410,410
10197,0.114275460928116,TRUE,866,904
10198,1.43400702563628,FALSE,91,91
10199,-0.087559376766892,FALSE,233,233
10200,1.00789202515972,TRUE,724,447
10201,-0.381633376283053,TRUE,138,706
10202,0.935090159980893,FALSE,254,254
10203,0.104233166376613,FALSE,375,375
10204,-0.534854380219834,FALSE,90,90
10205,0.0707816771213585,FALSE,533,533
10206,0.240181805319765,FALSE,170,170
10207,1.68964793374587,FALSE,740,740
10208,1.02414917710077,FALSE,286,286
10209,-0.419739074384333,FALSE,109,109
10210,-0.0369867065743124,FALSE,615,615
10211,0.764976537359606,FALSE,94,94
10212,-1.5008257864076,FALSE,374,374
10213,0.214014312766981,TRUE,135,896
10214,0.244747538630604,FALSE,199,199
10215,1.17692742388951,FALSE,723,723
10216,0.633328387619904,FALSE,583,583
10217,0.773944993239029,FALSE,170,170
10218,0.404707156876292,FALSE,94,94
10219,0.883993973105919,FALSE,292,292
10220,2.5151541033524,FALSE,520,520
10221,0.129129684794276,FALSE,882,882
10222,0.944172076264082,TRUE,344,528
10223,1.1538120715818,FALSE,657,657
10224,-1.25639300507855,FALSE,169,169
10225,-0.0751955335848054,FALSE,476,476
10226,-0.377916070059594,FALSE,610,610
10227,-0.809359127441514,FALSE,415,415
10228,-0.79041802297243,TRUE,76,468
10229,-0.62868810865484,FALSE,122,122
10230,-0.637886706764605,FALSE,236,236
10231,0.919830435425396,FALSE,978,978
10232,0.680061627440306,TRUE,683,471
10233,-0.0759604115168596,FALSE,324,324
10234,0.0136117851637421,FALSE,455,455
10235,1.86726042151472,FALSE,619,619
10236,-1.33446963660132,FALSE,826,826
10237,0.18249599749111,FALSE,351,351
10238,0.651255241480495,FALSE,516,516
10239,0.259658852527213,TRUE,142,449
10240,-0.444577320351771,FALSE,598,598
10241,0.458059741101479,TRUE,700,27
10242,-0.191014994933891,FALSE,720,720
10243,-0.610708179654685,FALSE,564,564
10244,-0.00958353392819738,TRUE,127,31
10245,0.181466727279197,FALSE,803,803
10246,0.0269994384694014,FALSE,959,959
10247,1.18219101666966,TRUE,123,69
10248,0.925787976870365,FALSE,37,37
10249,0.841009820282554,FALSE,659,659
10250,-0.662610868541649,FALSE,451,451
10251,0.896689140266351,FALSE,365,365
10252,0.0529047314288295,FALSE,843,843
10253,0.845817573469817,TRUE,292,335
10254,0.355093881174994,FALSE,913,913
10255,-0.44358658805031,TRUE,202,92
10256,0.196855630797581,TRUE,418,420
10257,-0.549859995779002,FALSE,84,84
10258,-0.320303514255554,FALSE,556,556
10259,1.69941740178558,FALSE,997,997
10260,1.41005385066894,TRUE,230,452
10261,-0.418286387805029,TRUE,599,141
10262,-0.487959046791503,FALSE,876,876
10263,1.2090469230093,FALSE,94,94
10264,-0.0120161097220343,FALSE,665,665
10265,0.336074954898283,TRUE,263,347
10266,-0.062635941313421,FALSE,758,758
10267,1.1795813673444,FALSE,36,36
10268,0.291337289957027,FALSE,396,396
10269,-0.237791540686475,FALSE,353,353
10270,0.863979391649015,FALSE,910,910
10271,0.944293568577387,FALSE,433,433
10272,0.5018334404075,FALSE,523,523
10273,1.51691082297951,FALSE,521,521
10274,-0.408166800735112,FALSE,938,938
10275,-0.194906387356991,FALSE,364,364
10276,-0.439528464011452,FALSE,455,455
10277,0.911126439095812,FALSE,906,906
10278,-0.0350511842632905,FALSE,690,690
10279,-0.239201173144687,TRUE,314,284
10280,-2.98269562359039,FALSE,473,473
10281,0.130681014649672,FALSE,959,959
10282,-0.157137972601751,FALSE,918,918
10283,2.76047601791108,FALSE,313,313
10284,-1.12657664362351,FALSE,428,428
10285,0.819767299650629,FALSE,940,940
10286,0.570563100931501,FALSE,776,776
10287,-0.0232211708894189,FALSE,622,622
10288,0.409783671263781,FALSE,909,909
10289,0.876278016258507,FALSE,670,670
10290,-0.205999413722254,TRUE,670,704
10291,-0.621573830443012,FALSE,628,628
10292,-0.615400155181687,FALSE,766,766
10293,-2.18805274220316,FALSE,232,232
10294,-0.234911576739548,FALSE,411,411
10295,-0.0136346889626919,TRUE,194,948
10296,1.35423596071885,FALSE,335,335
10297,0.529815696106808,FALSE,573,573
10298,0.870229375110544,FALSE,707,707
10299,-1.1410846391639,FALSE,392,392
10300,0.507829491903781,TRUE,267,422
10301,-0.814478003804002,FALSE,271,271
10302,0.275380742358604,FALSE,65,65
10303,1.67252010175664,FALSE,312,312
10304,-1.31368875201348,FALSE,502,502
10305,-0.0172967864537416,FALSE,486,486
10306,-0.0760875408470228,TRUE,469,954
10307,0.617476455000004,FALSE,423,423
10308,2.03573439062658,FALSE,422,422
10309,-2.20255937835009,FALSE,358,358
10310,1.16661934623679,FALSE,477,477
10311,-0.708597802334391,FALSE,228,228
10312,0.0864216836867825,FALSE,170,170
10313,1.08454703842317,TRUE,254,97
10314,1.52950149857165,FALSE,184,184
10315,1.46835411596099,FALSE,407,407
10316,1.76746064517739,TRUE,46,791
10317,-2.08228278464891,FALSE,813,813
10318,-0.552207510249377,TRUE,920,720
10319,-0.314868219988754,TRUE,344,899
10320,0.574296337252268,FALSE,297,297
10321,-0.92233605632276,TRUE,650,338
10322,-0.455897297039547,TRUE,532,925
10323,-0.0273800296439427,FALSE,43,43
10324,-1.8246639556574,FALSE,971,971
10325,0.384072202233825,FALSE,146,146
10326,-0.0522482619773513,TRUE,89,193
10327,0.991514234997062,FALSE,946,946
10328,-1.04795091135148,FALSE,455,455
10329,-0.0775652009533576,FALSE,128,128
10330,1.12841437455081,FALSE,408,408
10331,-1.84058321358534,FALSE,847,847
10332,0.752368044369658,TRUE,272,898
10333,-0.0831924292139956,FALSE,491,491
10334,-1.30758410372434,TRUE,653,330
10335,-0.736455336294272,FALSE,34,34
10336,-0.896826704619056,TRUE,782,609
10337,0.22442431658117,FALSE,374,374
10338,1.58094871146837,FALSE,781,781
10339,0.239079764479267,FALSE,510,510
10340,-0.539006950152136,FALSE,851,851
10341,-0.312481443393862,FALSE,531,531
10342,0.467480097536413,FALSE,840,840
10343,0.0838066456898129,FALSE,219,219
10344,0.595684162711867,FALSE,450,450
10345,0.130015849640241,FALSE,466,466
10346,0.0392771213041178,TRUE,495,165
10347,-1.15712023960104,TRUE,80,362
10348,-1.16749535851437,TRUE,598,392
10349,-0.986224035428927,FALSE,591,591
10350,-0.0496702558263262,TRUE,901,533
10351,-0.087916195076764,FALSE,450,450
10352,2.13057831171355,FALSE,489,489
10353,1.19346804032095,FALSE,375,375
10354,1.18082140774021,FALSE,313,313
10355,0.703099483364176,FALSE,378,378
10356,-0.304788079825682,TRUE,143,493
10357,0.399495006270832,TRUE,45,514
10358,-0.0825670827469769,FALSE,100,100
10359,-0.918192213105982,FALSE,170,170
10360,0.322670141131869,FALSE,347,347
10361,-0.830974979963666,FALSE,416,416
10362,2.36981681267508,FALSE,324,324
10363,-0.300456514968028,FALSE,587,587
10364,-0.0267341411058984,TRUE,930,546
10365,-1.19366080142513,FALSE,114,114
10366,-1.29859014946584,FALSE,390,390
10367,0.665303040206519,FALSE,788,788
10368,0.520534700823332,TRUE,994,894
10369,1.29433579153921,FALSE,968,968
10370,-0.838437650148,TRUE,675,412
10371,-0.518975211912458,TRUE,750,774
10372,2.33706030864676,TRUE,85,344
10373,0.823750059177032,FALSE,890,890
10374,0.0322757976882348,TRUE,965,9
10375,-0.441745729086916,FALSE,496,496
10376,-0.507492500540969,TRUE,538,501
10377,-0.73473808698099,TRUE,716,3
10378,0.846669635181552,FALSE,828,828
10379,-0.185640362068286,FALSE,921,921
10380,-0.228984680112061,FALSE,845,845
10381,-1.11483526300817,TRUE,368,352
10382,1.84126191361468,FALSE,466,466
10383,0.41208244333947,TRUE,32,409
10384,-0.694884641588038,FALSE,366,366
10385,-0.14957123488079,FALSE,518,518
10386,-0.818342179111205,FALSE,902,902
10387,-0.419433723533225,FALSE,705,705
10388,-0.8194059130974,FALSE,969,969
10389,0.866075755055672,TRUE,556,497
10390,0.79907492506002,FALSE,292,292
10391,0.887742354939022,TRUE,309,847
10392,-0.252060650452816,FALSE,704,704
10393,-0.5607840741163,FALSE,842,842
10394,-3.26436129259309,FALSE,184,184
10395,0.680483644562793,FALSE,508,508
10396,-0.92856203294598,FALSE,453,453
10397,1.71791334346598,FALSE,195,195
10398,-0.233811562740612,FALSE,687,687
10399,0.122531224821939,FALSE,744,744
10400,0.952831162945516,FALSE,876,876
10401,-0.665051022688625,FALSE,267,267
10402,0.442861778894669,FALSE,483,483
10403,1.18245582695941,FALSE,810,810
10404,0.221204695176287,FALSE,301,301
10405,1.82496907634588,TRUE,34,288
10406,-0.411800598360526,FALSE,456,456
10407,0.844686614048027,FALSE,392,392
10408,0.723998844029858,TRUE,148,256
10409,0.223459652532174,FALSE,803,803
10410,1.30049113213102,TRUE,584,427
10411,-0.141744935417489,FALSE,831,831
10412,-0.162942824382517,FALSE,350,350
10413,0.131986820842733,FALSE,914,914
10414,0.683541635593746,FALSE,115,115
10415,-0.88782152817108,FALSE,829,829
10416,-1.25062722557201,FALSE,658,658
10417,-1.00240016638196,FALSE,0,0
10418,-0.509290993486405,TRUE,628,57
10419,0.864390633985018,FALSE,497,497
10420,0.387619480516435,FALSE,868,868
10421,0.0734557063491338,FALSE,149,149
10422,0.807510704756722,TRUE,335,292
10423,1.0787396471503,FALSE,714,714
10424,-1.57035885350109,FALSE,543,543
10425,-0.121469124840288,FALSE,5,5
10426,-0.210800225159767,FALSE,196,196
10427,1.29620039262549,FALSE,96,96
10428,-0.394161802089905,FALSE,149,149
10429,0.140743912641085,FALSE,640,640
10430,1.13886492106923,FALSE,498,498
10431,1.43703441916166,FALSE,757,757
10432,0.777637402028006,FALSE,717,717
10433,-0.0512979175650828,FALSE,656,656
10434,0.347398881337668,FALSE,602,602
10435,-2.09255789587269,TRUE,968,36
10436,-1.38129143725066,TRUE,740,473
10437,-1.65837181818745,FALSE,499,499
10438,1.05727916974428,FALSE,583,583
10439,0.794299372384835,TRUE,654,2
10440,1.10635721206228,FALSE,939,939
10441,0.739848732153563,TRUE,504,227
10442,-0.192644335621089,FALSE,287,287
10443,0.503703307776671,FALSE,572,572
10444,0.648591120927305,FALSE,525,525
10445,1.2613377609423,TRUE,573,393
10446,-0.770177293625457,FALSE,13,13
10447,0.351699795782618,FALSE,752,752
10448,-1.30573300895619,FALSE,81,81
10449,-1.84292673082857,FALSE,492,492
10450,-1.51604690235426,FALSE,702,702
10451,-1.9248554602129,FALSE,595,595
10452,-0.875451572792967,FALSE,122,122
10453,-1.26754547414993,TRUE,532,180
10454,1.82083309258907,FALSE,798,798
10455,0.770383742482311,FALSE,529,529
10456,-0.245255404482948,FALSE,968,968
10457,-0.398540757134088,FALSE,548,548
10458,1.47187991518849,FALSE,739,739
10459,0.258448633413326,FALSE,994,994
10460,-0.773611497590118,FALSE,80,80
10461,-0.126084417474142,FALSE,261,261
10462,0.0425578147695736,TRUE,102,951
10463,-0.109834423899592,FALSE,540,540
10464,2.22480081877303,FALSE,226,226
10465,0.974420224833761,FALSE,406,406
10466,0.590224361638857,FALSE,174,174
10467,-0.516315670560838,FALSE,690,690
10468,1.54770718873206,TRUE,191,287
10469,0.822201514669598,FALSE,728,728
10470,-1.66999707610473,FALSE,680,680
10471,-0.681197060148308,FALSE,892,892
10472,1.61939710660986,FALSE,94,94
10473,-1.86759045532203,FALSE,212,212
10474,-0.440752907266762,FALSE,407,407
10475,0.134821540345589,TRUE,453,979
10476,-1.13356493290285,FALSE,162,162
10477,1.26076791778482,TRUE,131,966
10478,-0.544524758193246,FALSE,669,669
10479,-0.400822962764539,FALSE,944,944
10480,-1.60126756343439,FALSE,757,757
10481,0.0195806808467541,FALSE,192,192
10482,-0.58622290572834,TRUE,872,681
10483,-0.442929936262037,FALSE,120,120
10484,-0.218075755810981,FALSE,626,626
10485,1.12769242726484,FALSE,265,265
10486,-0.669406751300409,FALSE,521,521
10487,-0.638481126777752,FALSE,946,946
10488,0.0794081309748186,FALSE,220,220
10489,0.335468576836845,FALSE,386,386
10490,-1.82818804651428,FALSE,665,665
10491,-1.36864417290599,FALSE,850,850
10492,0.044063621077813,FALSE,894,894
10493,0.873987453359499,FALSE,91,91
10494,0.209025651705873,FALSE,228,228
10495,-0.612991646632199,FALSE,891,891
10496,-0.209447604573074,FALSE,694,694
10497,0.969859161114395,FALSE,650,650
10498,0.762869600205836,FALSE,433,433
10499,-1.15287906265819,FALSE,93,93
10500,0.986316651610666,FALSE,472,472
10501,-0.662967350872686,FALSE,462,462
10502,0.576721095275666,FALSE,279,279
10503,-0.137837766229678,FALSE,622,622
10504,-0.16817673667416,FALSE,878,878
10505,0.57619298881224,FALSE,359,359
10506,2.48356723710774,FALSE,653,653
10507,-0.0321732234653198,TRUE,491,505
10508,-0.809538126372768,FALSE,220,220
10509,1.03809864161255,FALSE,680,680
10510,-0.308130235682242,FALSE,164,164
10511,-0.0438239778552511,FALSE,485,485
10512,-0.935428125974046,TRUE,895,537
10513,0.435475732280363,FALSE,133,133
10514,-1.4339765327321,FALSE,655,655
10515,-1.18437487077313,FALSE,783,783
10516,0.466978091389648,FALSE,617,617
10517,1.37245071049548,TRUE,416,550
10518,0.891390334549842,FALSE,558,558
10519,0.755817256413849,FALSE,505,505
10520,-1.55961175321549,FALSE,722,722
10521,0.455421258883168,FALSE,405,405
10522,-0.722021190584968,TRUE,403,221
10523,0.0640311615053511,FALSE,452,452
10524,1.33781613034269,FALSE,547,547
10525,-1.54030721335937,FALSE,487,487
10526,0.885322802880875,TRUE,120,569
10527,-1.82323613674189,FALSE,7,7
10528,-1.37906989544683,FALSE,715,715
10529,0.223940254457225,TRUE,363,859
10530,1.63379703883488,FALSE,812,812
10531,-0.561448218079469,FALSE,989,989
10532,-0.902847278578098,TRUE,262,995
10533,-0.0203457611404163,FALSE,473,473
10534,0.99721599245308,TRUE,237,620
10535,0.853053787629553,TRUE,161,868
10536,-0.0902317780716566,FALSE,956,956
10537,1.0042347285402,FALSE,672,672
10538,0.181566042547825,FALSE,934,934
10539,-0.0768710667590332,FALSE,296,296
10540,0.0433313463789009,FALSE,100,100
10541,1.14001166590257,FALSE,911,911
10542,-0.798052378208839,FALSE,469,469
10543,-1.0192331826039,FALSE,323,323
10544,-0.310268868942546,TRUE,821,677
10545,-0.109987880800955,FALSE,162,162
10546,0.573746706431817,FALSE,58,58
10547,0.39766836427612,TRUE,503,189
10548,1.78033911120586,FALSE,43,43
10549,-0.287608958130344,FALSE,688,688
10550,1.90680471607652,FALSE,681,681
10551,1.40378143864409,TRUE,964,105
10552,0.837104051729313,FALSE,57,57
10553,0.309084944947345,FALSE,274,274
10554,0.207685466226526,FALSE,373,373
10555,-1.85366102274029,FALSE,538,538
10556,-1.51231253448322,FALSE,611,611
10557,-0.790613259523706,TRUE,394,952
10558,0.083766798408262,FALSE,890,890
10559,1.25935057108037,FALSE,716,716
10560,-0.956575187843633,FALSE,340,340
10561,0.307097345266483,TRUE,83,488
10562,-2.1677138989077,FALSE,798,798
10563,2.45283578152427,FALSE,692,692
10564,-0.194542153187551,FALSE,820,820
10565,-1.89254745527694,TRUE,404,37
10566,1.04294795599579,FALSE,635,635
10567,1.23182241772421,FALSE,901,901
10568,0.773085825702324,TRUE,183,917
10569,0.935995671639187,FALSE,101,101
10570,-0.214930168395309,FALSE,228,228
10571,1.3217123045673,TRUE,973,926
10572,-0.233979688913327,FALSE,988,988
10573,-1.89823820148877,FALSE,732,732
10574,1.89969733291589,TRUE,58,148
10575,1.19185347151963,FALSE,702,702
10576,0.734370140695934,TRUE,597,902
10577,-1.27111474343939,FALSE,486,486
10578,0.924610646634951,TRUE,130,911
10579,-0.135797819167665,FALSE,291,291
10580,1.16963174591003,TRUE,411,71
10581,1.96369389087108,TRUE,514,677
10582,-0.50458830156285,FALSE,635,635
10583,0.5294604726246,TRUE,49,665
10584,1.36610401449397,FALSE,512,512
10585,1.10428654508333,FALSE,424,424
10586,0.0507649386429138,TRUE,623,270
10587,-0.569063134689783,TRUE,215,867
10588,0.62927119718869,FALSE,42,42
10589,0.681987925127966,FALSE,816,816
10590,-0.828339552836448,FALSE,424,424
10591,-1.57003210932533,FALSE,958,958
10592,0.5590555113877,FALSE,892,892
10593,-0.0213331048688559,FALSE,229,229
10594,-0.75116981210796,FALSE,843,843
10595,0.00353364827217656,FALSE,56,56
10596,1.00673511580679,FALSE,657,657
10597,0.285653622887703,FALSE,865,865
10598,-0.199600545971138,FALSE,347,347
10599,-0.708129661971503,TRUE,323,489
10600,0.0527316428946401,TRUE,647,732
10601,-0.24555617738294,TRUE,491,544
10602,0.0348079133059089,TRUE,413,929
10603,0.818676379367284,FALSE,254,254
10604,1.03479967976114,FALSE,558,558
10605,-1.40806600304095,FALSE,442,442
10606,0.545764625120462,FALSE,132,132
10607,-0.378845497975486,FALSE,271,271
10608,0.611884935403442,TRUE,844,984
10609,-2.15347385049988,FALSE,213,213
10610,2.56425841348438,FALSE,963,963
10611,-0.0415778079670667,TRUE,169,428
10612,-0.208587193274977,TRUE,494,818
10613,0.271651975441411,TRUE,575,642
10614,-0.892852513844904,FALSE,872,872
10615,0.027607611677051,FALSE,891,891
10616,0.433572178117828,FALSE,722,722
10617,-0.334484629186323,TRUE,608,286
10618,0.919668000079733,TRUE,263,307
10619,-0.467572061194503,FALSE,751,751
10620,0.581129996694497,TRUE,79,933
10621,-0.267146951423783,FALSE,458,458
10622,-1.78468380672686,FALSE,902,902
10623,0.312331247260409,FALSE,262,262
10624,0.116892430440387,FALSE,413,413
10625,0.748640762059923,FALSE,874,874
10626,1.61453726139819,FALSE,689,689
10627,0.0360229251250465,FALSE,930,930
10628,1.23074877736792,TRUE,344,964
10629,0.0384598937698323,TRUE,998,978
10630,-0.512092943348635,FALSE,128,128
10631,-0.477126576884751,FALSE,810,810
10632,0.971366075170993,FALSE,623,623
10633,0.0383144446027285,FALSE,277,277
10634,0.766862946773386,TRUE,381,599
10635,0.111959583972888,TRUE,657,211
10636,-0.942372708381095,FALSE,437,437
10637,0.12084126729857,TRUE,290,439
10638,-0.912624848872442,FALSE,419,419
10639,-2.02011741669774,TRUE,194,30
10640,-0.894342749431855,FALSE,568,568
10641,-1.47436869993154,FALSE,315,315
10642,-1.20147154261364,TRUE,423,766
10643,-0.726196805673238,FALSE,257,257
10644,0.793145323451523,FALSE,617,617
10645,-0.41622918347275,TRUE,394,692
10646,-0.467476306359998,FALSE,451,451
10647,-1.11863017976629,FALSE,998,998
10648,-0.149141181245982,FALSE,565,565
10649,0.956406943581219,FALSE,324,324
10650,0.778589187495162,FALSE,182,182
10651,0.754984938819398,FALSE,675,675
10652,0.453982202380462,FALSE,439,439
10653,-1.19060475722415,TRUE,716,128
10654,0.26429170181016,FALSE,597,597
10655,-0.60861471401376,FALSE,575,575
10656,-0.185333570444502,FALSE,798,798
10657,1.16923044224215,TRUE,319,977
10658,0.0800480399026051,FALSE,952,952
10659,0.392073912422111,FALSE,43,43
10660,0.456990774123588,FALSE,250,250
10661,0.532590775983243,FALSE,297,297
10662,-1.07355640887183,FALSE,141,141
10663,0.384197576890263,FALSE,608,608
10664,0.838443679140926,TRUE,444,531
10665,-0.970428108383226,FALSE,172,172
10666,-0.518376979975741,FALSE,619,619
10667,-2.0539454013983,FALSE,805,805
10668,0.275321680513181,FALSE,981,981
10669,-0.128687925184869,FALSE,737,737
10670,-1.12932407772789,FALSE,860,860
10671,-0.462036614957025,FALSE,428,428
10672,-1.43021208631901,TRUE,291,154
10673,0.888309738628058,FALSE,746,746
10674,-0.766266039420025,FALSE,533,533
10675,0.530292738255426,FALSE,765,765
10676,-0.264820995169732,TRUE,459,628
10677,0.437332079163073,FALSE,903,903
10678,-0.642784278613871,TRUE,545,321
10679,0.891883220557739,FALSE,155,155
10680,-0.0890087000730499,FALSE,662,662
10681,0.461687075822696,FALSE,592,592
10682,0.471730233724218,TRUE,399,632
10683,0.746606051481751,FALSE,281,281
10684,0.0702588608724182,FALSE,422,422
10685,0.428132269444687,FALSE,996,996
10686,-0.557156368550731,FALSE,158,158
10687,-2.17338254785377,FALSE,750,750
10688,0.936154259243359,FALSE,692,692
10689,0.0704292096271274,FALSE,182,182
10690,-0.809102873245837,FALSE,922,922
10691,-0.916059519509019,FALSE,307,307
10692,-0.0611797974767041,TRUE,206,391
10693,-1.88193297880601,FALSE,605,605
10694,1.26899915864648,FALSE,750,750
10695,-0.230947422716418,TRUE,662,358
10696,0.0849678922434273,TRUE,81,776
10697,0.429591831137476,TRUE,175,304
10698,-1.65775076771501,FALSE,637,637
10699,1.63215881326579,FALSE,401,401
10700,1.72387456056887,FALSE,923,923
10701,-1.57449711394856,FALSE,810,810
10702,-1.26676788042923,FALSE,653,653
10703,0.309272206782858,FALSE,52,52
10704,0.733603489858819,FALSE,494,494
10705,-2.6381572318086,FALSE,18,18
10706,2.55197203166135,TRUE,208,264
10707,-0.951247965691289,TRUE,61,216
10708,-0.248479372941319,FALSE,811,811
10709,-0.0406881205101022,FALSE,358,358
10710,-0.398490471846819,FALSE,115,115
10711,-0.630675545844059,FALSE,730,730
10712,0.0562216773777784,FALSE,85,85
10713,1.42233148790096,FALSE,898,898
10714,1.33707705112016,FALSE,842,842
10715,-1.35716901815309,FALSE,880,880
10716,-0.489283726728961,FALSE,707,707
10717,1.74382898245475,FALSE,991,991
10718,1.55173083652324,FALSE,124,124
10719,-1.02038672905355,FALSE,899,899
10720,1.86345273917072,FALSE,116,116
10721,-0.982660639729565,TRUE,818,725
10722,-0.628163656527314,TRUE,652,281
10723,0.201231672817771,FALSE,120,120
10724,-0.191308560236068,FALSE,491,491
10725,-1.87483100549287,FALSE,903,903
10726,-1.22879342112491,TRUE,409,631
10727,0.819352400125067,TRUE,968,513
10728,-2.53705118744872,FALSE,682,682
10729,0.446756555341712,FALSE,834,834
10730,-1.42150267660051,TRUE,557,225
10731,-0.157720779641765,FALSE,641,641
10732,-0.0378629507805657,TRUE,645,336
10733,1.2545223354215,TRUE,225,586
10734,-0.471992807900692,FALSE,620,620
10735,-0.543791518525735,FALSE,871,871
10736,0.84202992586467,FALSE,511,511
10737,-0.397512273945224,TRUE,416,644
10738,0.490873104387214,TRUE,12,66
10739,1.02986937117261,FALSE,464,464
10740,-0.742336173897072,TRUE,687,982
10741,0.748520223498826,FALSE,170,170
10742,-0.369223050961594,FALSE,609,609
10743,0.475246295435334,FALSE,786,786
10744,-0.424877621240791,FALSE,381,381
10745,1.63999156503918,FALSE,846,846
10746,1.00576281999863,TRUE,774,237
10747,-0.194290883362495,FALSE,163,163
10748,-2.63392040087345,FALSE,537,537
10749,1.29021721283904,TRUE,990,681
10750,-0.181742974164195,FALSE,913,913
10751,-1.33486962071789,TRUE,603,788
10752,0.118438527605872,FALSE,712,712
10753,0.0214367050481476,TRUE,405,763
10754,-0.459485627191494,TRUE,907,104
10755,1.02916728376905,FALSE,904,904
10756,-0.840093919173065,FALSE,548,548
10757,0.182458042532446,TRUE,211,216
10758,-1.25514209702667,TRUE,493,91
10759,0.375841778978792,FALSE,646,646
10760,0.317336108376773,TRUE,182,216
10761,-1.48114357249549,FALSE,386,386
10762,-0.368364517642981,FALSE,457,457
10763,0.691049564694023,FALSE,142,142
10764,1.20029445464933,FALSE,280,280
10765,0.547214752831438,FALSE,568,568
10766,-0.350190447683565,FALSE,722,722
10767,2.20023847840029,FALSE,112,112
10768,-0.468121702278836,TRUE,419,280
10769,-1.15712645061381,FALSE,826,826
10770,-0.668499712171342,TRUE,821,122
10771,1.3465003787089,TRUE,185,313
10772,-0.401895607991856,TRUE,221,256
10773,0.525567192959613,TRUE,817,907
10774,1.64155823740255,FALSE,857,857
10775,-0.339663296152943,TRUE,439,454
10776,-0.653210250007749,FALSE,888,888
10777,-0.48991119493716,FALSE,229,229
10778,2.80216089605463,FALSE,812,812
10779,-0.776270775245074,TRUE,837,801
10780,0.319638993452885,FALSE,910,910
10781,0.881039288394281,TRUE,52,980
10782,-1.13354222026815,FALSE,167,167
10783,0.424104461698053,TRUE,851,433
10784,0.954328469072376,FALSE,341,341
10785,-0.0188344692007226,TRUE,183,876
10786,-0.797317733525216,FALSE,324,324
10787,-0.194002083549795,FALSE,924,924
10788,0.36858349507726,FALSE,835,835
10789,-0.504698006739927,TRUE,743,502
10790,0.693274564712351,TRUE,656,732
10791,-0.249961965696045,FALSE,672,672
10792,-0.656194768797264,TRUE,68,754
10793,1.500783849659,TRUE,119,384
10794,-1.44956104212849,FALSE,300,300
10795,0.321623247233901,FALSE,495,495
10796,-0.263388281550438,FALSE,25,25
10797,-0.107180510122984,FALSE,227,227
10798,-0.101721386235634,FALSE,68,68
10799,-0.816716043671703,TRUE,834,355
10800,-0.635309797406451,FALSE,551,551
10801,-0.511268802344212,FALSE,473,473
10802,0.943912514607942,FALSE,536,536
10803,0.969908826597275,FALSE,373,373
10804,0.771317478176237,FALSE,678,678
10805,0.921733611960978,TRUE,925,44
10806,2.2008881590897,FALSE,554,554
10807,2.76418639661541,FALSE,158,158
10808,-0.447284641747853,FALSE,145,145
10809,-1.72822044763922,FALSE,725,725
10810,0.545196883433574,FALSE,851,851
10811,-0.731223195338029,FALSE,296,296
10812,0.370456695265621,FALSE,972,972
10813,-1.14246261935168,FALSE,436,436
10814,0.502180411980123,FALSE,124,124
10815,-1.21809765953348,FALSE,321,321
10816,1.94126301925149,FALSE,955,955
10817,-0.918862196108237,TRUE,143,724
10818,1.12432746304308,FALSE,756,756
10819,-0.931403728036877,FALSE,919,919
10820,0.398282284514217,FALSE,234,234
10821,-0.451498276485733,FALSE,85,85
10822,0.679362892863526,FALSE,881,881
10823,1.34043204027576,FALSE,76,76
10824,1.73704306196515,FALSE,243,243
10825,0.232555686036486,FALSE,348,348
10826,-1.10481677783402,TRUE,619,95
10827,-0.744329655466602,FALSE,62,62
10828,1.97569391811184,FALSE,431,431
10829,0.128675725425314,TRUE,917,168
10830,-0.432848469079535,TRUE,546,155
10831,0.513078113012005,FALSE,754,754
10832,-1.41832519329453,FALSE,129,129
10833,-0.419389727633926,TRUE,85,675
10834,-0.824528084886083,FALSE,552,552
10835,-2.52925330739536,FALSE,696,696
10836,0.474413380278143,TRUE,738,862
10837,-0.53755238315941,FALSE,421,421
10838,0.225129714875405,TRUE,120,900
10839,0.858773828666142,FALSE,898,898
10840,-0.0438345558528673,FALSE,210,210
10841,1.0101447888933,FALSE,937,937
10842,-0.921719960067878,TRUE,968,559
10843,0.0262025485315122,FALSE,256,256
10844,-1.00685666565912,FALSE,143,143
10845,1.29647197817124,TRUE,969,492
10846,0.791865987768324,TRUE,930,749
10847,-1.22344782422974,TRUE,726,254
10848,0.645610549801391,FALSE,749,749
10849,0.421205304496677,TRUE,709,834
10850,0.6523764030111,FALSE,833,833
10851,2.16122882083053,TRUE,442,180
10852,-0.803047499123773,FALSE,424,424
10853,0.27204055573532,FALSE,731,731
10854,0.812614581450197,TRUE,65,449
10855,-0.15075478542441,FALSE,688,688
10856,-0.384643010791425,FALSE,868,868
10857,0.349099401801275,TRUE,106,626
10858,0.823806858325438,FALSE,748,748
10859,-1.18563007346905,FALSE,150,150
10860,-0.167762178332584,TRUE,620,156
10861,-0.263968941429066,FALSE,806,806
10862,0.0509817355922006,FALSE,628,628
10863,1.57498862820488,TRUE,742,19
10864,-0.834887992482381,FALSE,768,768
10865,-0.133464250187388,FALSE,423,423
10866,-1.5393885213113,TRUE,472,38
10867,-0.634778543470461,FALSE,641,641
10868,-0.156662651098129,FALSE,391,391
10869,-0.413280154144216,FALSE,120,120
10870,-0.595171336805373,FALSE,403,403
10871,0.353493189583698,FALSE,58,58
10872,-0.0625474221067618,FALSE,891,891
10873,-0.698820747127521,FALSE,324,324
10874,-1.13653808697738,FALSE,37,37
10875,0.697019659118036,FALSE,245,245
10876,-1.117092217892,FALSE,653,653
10877,0.840173113775297,FALSE,28,28
10878,-0.0970279774103012,TRUE,513,979
10879,0.407546082286762,FALSE,896,896
10880,-1.57359893709898,FALSE,768,768
10881,-0.0312608368003928,FALSE,306,306
10882,0.194676851368289,FALSE,393,393
10883,1.80590441866928,FALSE,41,41
10884,1.0185356959288,TRUE,780,839
10885,-0.412111982730268,TRUE,413,230
10886,2.15858879012581,FALSE,757,757
10887,-1.31453882659669,FALSE,888,888
10888,0.399377852281126,TRUE,937,748
10889,0.334319291267584,FALSE,521,521
10890,1.0568158079115,FALSE,620,620
10891,0.518619006430888,TRUE,176,368
10892,-0.0659467754383401,TRUE,328,109
10893,-0.440970444821094,TRUE,212,226
10894,-1.32777972854305,FALSE,275,275
10895,1.18273202444679,FALSE,860,860
10896,-0.0214705588523568,FALSE,458,458
10897,-0.608709344124092,TRUE,728,839
10898,0.924139874752361,FALSE,277,277
10899,0.804350975080961,FALSE,779,779
10900,0.279320746874352,FALSE,428,428
10901,-1.66272335321296,FALSE,789,789
10902,0.477518183220547,FALSE,717,717
10903,2.5806526908609,FALSE,435,435
10904,-1.48563310127688,TRUE,913,570
10905,-0.586176811045058,FALSE,894,894
10906,1.13819306503437,FALSE,438,438
10907,0.164595828796166,TRUE,358,436
10908,0.448191625485234,FALSE,433,433
10909,0.332372704401165,FALSE,362,362
10910,-0.368255750478121,FALSE,201,201
10911,0.58957739910496,FALSE,481,481
10912,0.241277489362624,FALSE,747,747
10913,-1.06143443654311,FALSE,271,271
10914,-1.72936150066612,FALSE,829,829
10915,-0.0295592990725893,TRUE,897,234
10916,-2.20258612632975,FALSE,569,569
10917,-0.539816583816239,FALSE,13,13
10918,-0.0967318665253926,FALSE,274,274
10919,2.48794520724546,FALSE,656,656
10920,-2.55418616811636,TRUE,709,675
10921,0.986983885790677,FALSE,755,755
10922,-0.712658699281149,TRUE,864,586
10923,-1.96150080231654,FALSE,449,449
10924,-1.25494872994457,FALSE,756,756
10925,0.580494591832429,TRUE,656,930
10926,-0.203463056389231,FALSE,140,140
10927,0.0507923242732363,FALSE,67,67
10928,-0.400148582512666,FALSE,68,68
10929,-0.133561998301612,TRUE,721,509
10930,-1.48978604201467,TRUE,783,8
10931,0.883319416939335,FALSE,782,782
10932,1.19584395609907,FALSE,170,170
10933,0.690597401520781,TRUE,360,886
10934,-1.24232285414443,FALSE,959,959
10935,-0.320429242801516,FALSE,315,315
10936,0.596378265207579,TRUE,911,15
10937,0.515894466812632,FALSE,140,140
10938,-2.24568915528305,TRUE,63,615
10939,-1.51411570067871,FALSE,103,103
10940,-0.756406259478971,FALSE,749,749
10941,-1.86338067138838,FALSE,560,560
10942,0.845944699947492,TRUE,947,953
10943,-0.390085144058439,FALSE,643,643
10944,0.945009824224586,FALSE,551,551
10945,-0.163828824036553,FALSE,919,919
10946,1.31249307935843,FALSE,97,97
10947,-2.7837200140212,TRUE,842,543
10948,-0.73379516580692,FALSE,40,40
10949,0.911163404517428,FALSE,2,2
10950,0.30904492619712,TRUE,741,123
10951,-0.261404599347179,FALSE,503,503
10952,1.49635455121099,FALSE,896,896
10953,-0.380455825543864,FALSE,334,334
10954,2.61804426122899,TRUE,480,871
10955,-0.0296801488267941,FALSE,289,289
10956,-0.825207994998044,TRUE,481,284
10957,-0.159248826142607,FALSE,661,661
10958,0.705236225382433,FALSE,257,257
10959,1.28424770393881,FALSE,790,790
10960,0.974226323714498,FALSE,918,918
10961,-0.888310415002617,FALSE,71,71
10962,-1.93607885995311,FALSE,111,111
10963,0.560440103784749,FALSE,143,143
10964,0.115656774237573,FALSE,330,330
10965,1.72953320201896,FALSE,580,580
10966,0.350347186382407,TRUE,651,157
10967,1.41509429696759,FALSE,984,984
10968,-0.229330092412263,FALSE,5,5
10969,-0.0366532628401963,FALSE,83,83
10970,-0.186885983760585,TRUE,367,201
10971,1.54367577819898,FALSE,631,631
10972,0.737971217893342,FALSE,265,265
10973,-0.658739396051618,FALSE,990,990
10974,0.0991084996907048,FALSE,399,399
10975,-0.854624897207522,FALSE,788,788
10976,-2.63078975537585,FALSE,842,842
10977,-0.696361472593264,FALSE,284,284
10978,-0.455356546290135,TRUE,704,195
10979,-0.56694670533326,FALSE,618,618
10980,0.845934498418982,FALSE,584,584
10981,-1.5401288947611,FALSE,907,907
10982,-0.319142992044907,TRUE,933,241
10983,0.312449097852212,TRUE,921,205
10984,0.12426405736897,FALSE,85,85
10985,-0.614220681307666,FALSE,842,842
10986,1.2149766482331,FALSE,813,813
10987,2.67216919214594,TRUE,443,523
10988,0.0281144977959849,FALSE,14,14
10989,0.145636264614111,TRUE,636,483
10990,1.35973973731487,FALSE,534,534
10991,0.747889992058458,FALSE,0,0
10992,0.550660689672687,FALSE,231,231
10993,-1.24723300803573,TRUE,49,458
10994,-0.421979777892305,FALSE,965,965
10995,-1.29949663155509,FALSE,246,246
10996,-0.969806863175914,FALSE,986,986
10997,-1.04150635547274,FALSE,285,285
10998,0.896289895769245,FALSE,673,673
10999,-1.57831466549582,FALSE,587,587
11000,0.267790437180746,FALSE,504,504
11001,-0.399360881921485,TRUE,733,402
11002,0.27688382469893,FALSE,391,391
11003,-1.23367340708577,TRUE,831,875
11004,0.75357491871566,TRUE,991,103
11005,0.289261020656838,FALSE,764,764
11006,0.675136077100762,TRUE,18,953
11007,-0.775135103508584,FALSE,919,919
11008,-1.0098992344292,FALSE,863,863
11009,-1.63655876306266,FALSE,315,315
11010,-0.597320774650209,FALSE,410,410
11011,-0.825307644524054,TRUE,161,69
11012,0.106474515557641,FALSE,783,783
11013,-0.217414375574229,TRUE,148,838
11014,0.49246276734501,TRUE,583,388
11015,0.605719058942466,TRUE,179,918
11016,0.00745278383487472,FALSE,548,548
11017,0.731433020343089,TRUE,370,713
11018,1.31702094116468,FALSE,424,424
11019,0.616626397015683,TRUE,72,387
11020,0.994443039431021,FALSE,312,312
11021,1.47529893738686,FALSE,386,386
11022,0.339493889388284,FALSE,204,204
11023,-0.0442079900591391,FALSE,779,779
11024,0.52761755399525,TRUE,780,71
11025,0.469960397697178,FALSE,61,61
11026,0.127009596021746,FALSE,612,612
11027,-0.604434608404726,FALSE,913,913
11028,0.596818586080259,FALSE,741,741
11029,-0.828977736485789,FALSE,93,93
11030,-0.595158479042155,FALSE,942,942
11031,-0.269232754662,TRUE,119,994
11032,-0.72902946403527,FALSE,396,396
11033,-0.25406540219004,TRUE,485,181
11034,2.36635417116471,TRUE,963,1
11035,0.952528420348608,FALSE,167,167
11036,-0.76214320102614,FALSE,485,485
11037,2.60453202331699,FALSE,498,498
11038,-0.611651343749789,FALSE,394,394
11039,0.22048739456419,TRUE,190,109
11040,1.25888766964456,TRUE,461,170
11041,1.1645649411449,TRUE,41,755
11042,1.04219718529503,TRUE,351,819
11043,-0.850146832109176,TRUE,961,583
11044,-1.34676611463529,TRUE,377,718
11045,1.41100753821192,FALSE,623,623
11046,-0.0559145688235691,TRUE,78,764
11047,0.254670045601216,FALSE,253,253
11048,0.457574849650397,FALSE,721,721
11049,-1.74948761699163,TRUE,262,234
11050,-0.123183323251137,FALSE,326,326
11051,0.894270265898345,FALSE,652,652
11052,0.535061252000606,FALSE,110,110
11053,1.25294531768643,FALSE,841,841
11054,-0.438882168070288,FALSE,728,728
11055,-0.0760959072597549,FALSE,718,718
11056,0.0388503611335693,FALSE,975,975
11057,-0.257695602565683,FALSE,621,621
11058,-0.464519887852948,FALSE,767,767
11059,-0.960114933396772,FALSE,694,694
11060,-0.252179812146942,FALSE,918,918
11061,-1.32568780685943,FALSE,252,252
11062,-1.47402986423476,FALSE,175,175
11063,-0.538214312814516,FALSE,701,701
11064,-1.31656795920386,FALSE,99,99
11065,2.29015242053053,FALSE,667,667
11066,0.347130830959287,TRUE,474,284
11067,0.903781653991018,FALSE,617,617
11068,-0.515223073166218,FALSE,570,570
11069,-1.50194074394056,TRUE,940,513
11070,-0.478039104563162,FALSE,239,239
11071,1.17958616303281,FALSE,211,211
11072,1.0762718602451,FALSE,362,362
11073,-0.830665922130581,FALSE,536,536
11074,-1.96432479796314,FALSE,504,504
11075,-0.353773300476928,FALSE,832,832
11076,-0.296088156467521,FALSE,729,729
11077,0.832714210208246,TRUE,712,341
11078,-0.622948668471996,FALSE,326,326
11079,-1.56494758215447,FALSE,218,218
11080,0.679359157091456,FALSE,394,394
11081,-0.749466090829345,FALSE,38,38
11082,0.316927966278654,FALSE,257,257
11083,-0.187144120343053,FALSE,560,560
11084,-0.444513538884691,FALSE,406,406
11085,0.307533163662043,TRUE,402,544
11086,0.49882690842387,FALSE,735,735
11087,-0.933308725618722,FALSE,492,492
11088,-0.294278741644632,FALSE,845,845
11089,1.08109424179818,FALSE,973,973
11090,-0.268128091621884,FALSE,310,310
11091,-1.4995862506493,FALSE,67,67
11092,-1.1797146245166,TRUE,369,578
11093,0.75223220118687,TRUE,430,153
11094,-0.454721428321007,FALSE,326,326
11095,0.19011293216017,FALSE,974,974
11096,1.5001833406126,FALSE,225,225
11097,1.15893790561497,FALSE,154,154
11098,0.1243548227961,FALSE,701,701
11099,-0.288201541712263,FALSE,823,823
11100,0.313205561018685,TRUE,41,531
11101,-0.601102619355156,FALSE,305,305
11102,0.173076072274255,FALSE,405,405
11103,1.04037095274877,FALSE,245,245
11104,-0.62299901033185,FALSE,959,959
11105,0.954348314139582,FALSE,422,422
11106,0.882753092281798,FALSE,621,621
11107,0.718559617100722,FALSE,23,23
11108,0.652242387255895,FALSE,420,420
11109,-0.459653720182662,FALSE,362,362
11110,0.922822509910655,FALSE,310,310
11111,0.510415885453541,FALSE,787,787
11112,-2.51438298362692,FALSE,127,127
11113,0.329713236911024,FALSE,799,799
11114,0.535864349275993,TRUE,711,358
11115,0.32238546519489,TRUE,129,977
11116,-0.0687108305258113,FALSE,453,453
11117,0.608668001700655,FALSE,457,457
11118,-0.5437009475062,FALSE,471,471
11119,1.31028710917763,FALSE,105,105
11120,0.443627790719485,FALSE,29,29
11121,-0.463161459932212,FALSE,479,479
11122,0.859972366935374,FALSE,672,672
11123,1.32810363891631,FALSE,418,418
11124,-0.783486982599745,TRUE,880,412
11125,-0.901448680579803,FALSE,181,181
11126,-0.78851901308991,FALSE,278,278
11127,-1.90306717429583,TRUE,748,655
11128,-0.233165815755455,TRUE,180,19
11129,-1.64559419470843,TRUE,651,435
11130,1.20890174088062,TRUE,714,464
11131,0.431186559682187,FALSE,735,735
11132,-0.347494859624533,FALSE,718,718
11133,-1.00111019292456,TRUE,779,843
11134,0.677987068014562,FALSE,349,349
11135,0.498629103709437,FALSE,285,285
11136,-0.265753409503318,FALSE,151,151
11137,1.5641733191483,FALSE,308,308
11138,-1.77050810784424,TRUE,170,843
11139,-0.0174661616738813,FALSE,246,246
11140,0.205464770577046,FALSE,249,249
11141,0.606211059949494,FALSE,481,481
11142,-1.04683274489841,FALSE,978,978
11143,0.933505265946082,FALSE,243,243
11144,-0.444819656361051,FALSE,478,478
11145,0.771340157880037,FALSE,773,773
11146,-0.482796020355272,FALSE,197,197
11147,-1.09740652327724,FALSE,782,782
11148,-1.26683537677495,FALSE,776,776
11149,1.16656606703849,FALSE,844,844
11150,0.032233465256746,FALSE,723,723
11151,-1.27403453946496,TRUE,372,365
11152,-0.128391192980474,FALSE,241,241
11153,-0.775772854325774,FALSE,555,555
11154,-1.35074515292715,TRUE,882,116
11155,0.296969340145102,FALSE,493,493
11156,-0.612971583571387,FALSE,107,107
11157,-0.853729502899082,TRUE,636,915
11158,1.19533598680608,FALSE,311,311
11159,0.185251365206731,FALSE,590,590
11160,0.403404011743455,FALSE,211,211
11161,1.57359256245169,FALSE,790,790
11162,0.213092279498704,FALSE,29,29
11163,-1.50125706978639,TRUE,14,823
11164,0.442650752025778,TRUE,187,735
11165,1.51944032687936,FALSE,4,4
11166,-0.517784448578737,FALSE,554,554
11167,2.54520601355036,FALSE,592,592
11168,0.243442040413004,TRUE,40,330
11169,0.251134451233268,FALSE,558,558
11170,0.424318735883183,FALSE,709,709
11171,1.08448534432276,TRUE,457,813
11172,-1.00754436922229,FALSE,534,534
11173,1.42475842731415,FALSE,103,103
11174,1.5423961329405,TRUE,857,22
11175,1.44873643510109,FALSE,336,336
11176,0.370924349639411,FALSE,251,251
11177,-2.53589416437461,FALSE,256,256
11178,-0.00206388873151643,FALSE,441,441
11179,0.613370691906423,FALSE,416,416
11180,0.800779584950544,FALSE,945,945
11181,0.269632359325748,TRUE,413,470
11182,1.41833809828716,FALSE,930,930
11183,0.839731823875442,FALSE,857,857
11184,0.000811529367983618,TRUE,489,126
11185,-0.61304243769244,FALSE,960,960
11186,-0.886181577645275,FALSE,730,730
11187,1.40593776293364,TRUE,353,542
11188,0.28209593370666,FALSE,52,52
11189,1.35620889909136,FALSE,130,130
11190,-1.94042639327398,FALSE,447,447
11191,-0.668804839804161,FALSE,837,837
11192,-2.06166848584919,FALSE,463,463
11193,0.56732745293274,FALSE,520,520
11194,0.799150075099551,FALSE,205,205
11195,-0.809332005802021,TRUE,597,891
11196,0.966102407624775,TRUE,94,443
11197,1.18228487325432,FALSE,659,659
11198,1.2031121165131,FALSE,802,802
11199,-0.819505216429085,FALSE,602,602
11200,-0.284036509609855,FALSE,425,425
11201,1.23108208263474,TRUE,637,570
11202,0.0401650614097703,TRUE,766,580
11203,1.64772821080525,FALSE,282,282
11204,1.22889207471798,TRUE,507,632
11205,1.07311828848281,FALSE,288,288
11206,-1.03851895054598,TRUE,943,139
11207,0.798922758867952,FALSE,141,141
11208,0.0922089842953983,FALSE,310,310
11209,1.38691146868402,FALSE,781,781
11210,-0.932689440820044,FALSE,737,737
11211,0.0690104443908761,FALSE,712,712
11212,0.370624511355599,FALSE,778,778
11213,0.491180001901603,TRUE,154,849
11214,-0.345318497232943,FALSE,580,580
11215,1.95871738160004,FALSE,528,528
11216,0.471505835519246,FALSE,845,845
11217,-1.1294535244064,FALSE,867,867
11218,-2.42498159092147,FALSE,325,325
11219,0.0999982667892401,FALSE,391,391
11220,0.795534482185088,FALSE,824,824
11221,0.696133764519312,FALSE,327,327
11222,0.0261145897138333,FALSE,503,503
11223,-0.376915718065559,FALSE,707,707
11224,-0.322838308023174,TRUE,255,792
11225,0.798079698148998,FALSE,836,836
11226,-0.340340454716673,FALSE,228,228
11227,1.5857867320496,FALSE,842,842
11228,-0.530057638555606,FALSE,326,326
11229,1.94475078464316,FALSE,587,587
11230,0.365942605947246,FALSE,11,11
11231,0.0717652799138269,FALSE,270,270
11232,-1.39904118842245,FALSE,387,387
11233,1.11550333786715,TRUE,298,555
11234,-0.118232692943543,TRUE,276,369
11235,-0.718385360300887,FALSE,358,358
11236,-1.10446961590556,FALSE,857,857
11237,-0.00790055935338612,FALSE,943,943
11238,-0.46206711584021,TRUE,104,151
11239,0.977700009702307,FALSE,470,470
11240,0.383761463345476,FALSE,210,210
11241,-1.02303440933919,TRUE,19,167
11242,-0.474203746061126,FALSE,96,96
11243,-0.0378012593949961,FALSE,891,891
11244,0.278057648466928,FALSE,284,284
11245,-0.65031257160433,FALSE,993,993
11246,1.25944580751475,FALSE,340,340
11247,-0.494572480392259,FALSE,432,432
11248,-0.135970470622594,FALSE,901,901
11249,0.323478989780038,FALSE,270,270
11250,0.193847965706737,FALSE,244,244
11251,-0.770288009135083,FALSE,122,122
11252,0.0534261027363287,FALSE,648,648
11253,1.02325123482573,FALSE,891,891
11254,-1.37612124507185,TRUE,643,683
11255,-0.72583944912264,FALSE,200,200
11256,1.37309455527624,FALSE,68,68
11257,1.77916376218504,FALSE,344,344
11258,0.468510069013963,FALSE,936,936
11259,-2.61282769758743,FALSE,782,782
11260,0.594146598383368,FALSE,866,866
11261,-0.0729361948342147,FALSE,85,85
11262,0.810027436075086,TRUE,30,522
11263,-0.24144383123764,FALSE,233,233
11264,-1.1769014078447,FALSE,382,382
11265,-0.464772694524624,FALSE,608,608
11266,-0.21469996447969,FALSE,58,58
11267,-0.772764648326812,FALSE,181,181
11268,0.850308035526373,FALSE,875,875
11269,-0.0209424435947078,FALSE,785,785
11270,0.0839978428590354,FALSE,127,127
11271,-0.732426038476528,FALSE,618,618
11272,0.652926531416257,FALSE,302,302
11273,-0.110631963552333,FALSE,768,768
11274,0.996086313549223,FALSE,626,626
11275,-0.413734310553966,FALSE,571,571
11276,-0.376937992853078,FALSE,709,709
11277,-0.128225912611266,FALSE,331,331
11278,-1.13394682390906,FALSE,920,920
11279,1.41482422910169,FALSE,427,427
11280,1.70168068818704,FALSE,421,421
11281,-0.558305612121813,TRUE,153,710
11282,0.353356814190146,FALSE,927,927
11283,0.224968219495194,FALSE,138,138
11284,-0.152111064876625,FALSE,854,854
11285,0.338418957355371,FALSE,650,650
11286,0.318361340070027,FALSE,856,856
11287,-0.493568911817002,TRUE,392,647
11288,-0.156628987415832,FALSE,285,285
11289,0.565905817064873,FALSE,656,656
11290,0.477408482909135,TRUE,726,985
11291,-0.960202640788004,FALSE,983,983
11292,1.49137811820636,FALSE,612,612
11293,0.109502576008931,TRUE,41,442
11294,1.00640413762453,FALSE,788,788
11295,-0.637613922789247,TRUE,504,726
11296,-0.439302274359089,FALSE,262,262
11297,0.162423085557688,FALSE,622,622
11298,0.346911744794849,TRUE,26,558
11299,0.49739595233599,FALSE,470,470
11300,0.53961063403162,FALSE,781,781
11301,-0.855512206661853,TRUE,497,765
11302,0.813239825157289,FALSE,346,346
11303,-0.236422225082713,FALSE,41,41
11304,0.331957349549086,FALSE,649,649
11305,-1.96203154800104,FALSE,815,815
11306,0.0771690458236874,FALSE,824,824
11307,0.018767421105966,FALSE,675,675
11308,-0.399642004163855,FALSE,456,456
11309,0.964352508804463,FALSE,109,109
11310,-0.440868818136143,TRUE,60,949
11311,1.39461808935259,FALSE,712,712
11312,-0.387054295373588,FALSE,664,664
11313,0.0349808523397247,FALSE,581,581
11314,-0.584770987106885,FALSE,529,529
11315,0.619438162846032,FALSE,584,584
11316,0.693172094759333,TRUE,507,624
11317,0.377379911811885,FALSE,247,247
11318,-0.761897115569361,TRUE,365,807
11319,-0.962253719569806,FALSE,213,213
11320,0.0141228252272481,TRUE,39,26
11321,-0.654872111078839,TRUE,408,326
11322,-0.53994466810648,FALSE,989,989
11323,1.10560055627078,FALSE,509,509
11324,0.586847945763599,FALSE,629,629
11325,1.86218641590374,FALSE,23,23
11326,0.624910396807029,FALSE,405,405
11327,-0.0334578039119534,FALSE,113,113
11328,-1.28264915993209,FALSE,771,771
11329,0.854623762112934,FALSE,835,835
11330,-0.833054032614971,TRUE,264,491
11331,1.30866883995742,FALSE,234,234
11332,2.06222074720553,TRUE,78,44
11333,-0.931974921988098,FALSE,179,179
11334,-0.889507423564614,FALSE,84,84
11335,0.851867790224157,FALSE,441,441
11336,-0.1158347577777,FALSE,401,401
11337,0.952132956007699,FALSE,447,447
11338,0.803580491159644,FALSE,255,255
11339,-0.0187853930190893,TRUE,64,406
11340,-0.83047254701744,FALSE,570,570
11341,1.25664736529684,FALSE,861,861
11342,-0.674077577372723,FALSE,483,483
11343,0.956032614692837,FALSE,425,425
11344,0.782793154646776,FALSE,186,186
11345,-2.06203707940647,TRUE,98,999
11346,-1.91874489502058,FALSE,821,821
11347,-0.829086236792996,TRUE,269,655
11348,1.62687905923875,FALSE,76,76
11349,-0.524244593834486,TRUE,52,987
11350,-0.25269724752354,FALSE,546,546
11351,-0.460620504973451,TRUE,777,785
11352,-2.64195831666654,TRUE,290,956
11353,1.32488006444277,FALSE,722,722
11354,0.859203183850819,FALSE,807,807
11355,0.242014316052544,TRUE,21,803
11356,-1.27840610586696,FALSE,136,136
11357,1.34535476923453,FALSE,467,467
11358,0.642485098954966,FALSE,216,216
11359,0.624396563676758,FALSE,69,69
11360,0.805018489459841,TRUE,360,629
11361,0.11426620015684,FALSE,262,262
11362,0.658725245659547,FALSE,328,328
11363,0.0934065075781848,FALSE,549,549
11364,1.09632127334393,TRUE,827,873
11365,0.625168430193947,FALSE,719,719
11366,0.664044180961489,FALSE,714,714
11367,0.714687772651995,FALSE,533,533
11368,-0.334783550667283,FALSE,771,771
11369,0.635957680001029,FALSE,78,78
11370,1.06121527547122,TRUE,510,768
11371,0.39704383193827,FALSE,695,695
11372,-0.935518095038537,TRUE,665,217
11373,-0.535841604001426,TRUE,389,165
11374,-0.642077459318771,FALSE,108,108
11375,0.913798039723033,FALSE,292,292
11376,0.409431201355167,TRUE,22,704
11377,-0.487024941838433,TRUE,963,784
11378,1.15343506635659,FALSE,87,87
11379,0.354732313161471,FALSE,635,635
11380,0.206602506804957,FALSE,203,203
11381,-0.0690442798133543,FALSE,985,985
11382,-1.64862003746423,FALSE,237,237
11383,2.76003767632054,FALSE,304,304
11384,-0.661184626344032,FALSE,134,134
11385,-0.160240889777608,TRUE,42,211
11386,-0.670832501929864,FALSE,838,838
11387,0.700525347810683,FALSE,733,733
11388,0.508631635102827,FALSE,395,395
11389,-0.375571172415556,TRUE,145,430
11390,-0.297372337893304,TRUE,517,566
11391,-1.77126004981374,TRUE,288,106
11392,1.35517205980793,FALSE,362,362
11393,-0.607007611556191,FALSE,964,964
11394,-0.340092309747003,TRUE,489,594
11395,0.618246468653724,FALSE,43,43
11396,-0.568170876213515,FALSE,159,159
11397,-0.495363780380371,FALSE,199,199
11398,-1.87787137498976,TRUE,585,270
11399,-0.321209798555675,FALSE,5,5
11400,-1.36145292263426,FALSE,207,207
11401,0.800478255227892,FALSE,782,782
11402,-0.106167297305213,FALSE,582,582
11403,0.048431911338667,FALSE,350,350
11404,1.66645387447216,FALSE,318,318
11405,-2.6428339448088,FALSE,17,17
11406,-0.273676210843415,FALSE,515,515
11407,-0.195979357503594,FALSE,728,728
11408,0.783144788393512,FALSE,164,164
11409,-0.974396329518992,FALSE,938,938
11410,-0.425829521867198,FALSE,775,775
11411,-0.615572197845815,FALSE,751,751
11412,0.311234107323444,FALSE,766,766
11413,-0.025239530461859,FALSE,818,818
11414,0.461003359443583,FALSE,543,543
11415,-0.548563288116446,TRUE,74,114
11416,-0.294459852194053,FALSE,639,639
11417,-0.154015176977312,FALSE,561,561
11418,-0.238094022467546,TRUE,28,400
11419,-1.22666258271937,FALSE,128,128
11420,1.74463197252053,FALSE,920,920
11421,1.30241593169018,FALSE,301,301
11422,-0.13783935232908,TRUE,14,708
11423,0.0500403041382638,TRUE,661,831
11424,-0.718926297779586,FALSE,202,202
11425,0.312320411218684,FALSE,732,732
11426,-1.43706419986456,FALSE,240,240
11427,0.505786468654388,FALSE,329,329
11428,-2.01183883311263,FALSE,125,125
11429,-1.03654962902512,FALSE,519,519
11430,1.95457612714575,TRUE,307,904
11431,-0.0780441801891742,FALSE,258,258
11432,-0.258349263555798,FALSE,109,109
11433,-0.116950661064614,FALSE,208,208
11434,-0.519635442175371,FALSE,125,125
11435,0.948763902596588,TRUE,650,668
11436,-0.237489729165051,FALSE,969,969
11437,0.715270301542728,TRUE,986,657
11438,1.82472140566931,FALSE,865,865
11439,1.55278145266229,FALSE,229,229
11440,-0.467769576112919,FALSE,941,941
11441,-0.0451727256556514,FALSE,84,84
11442,0.798515711061966,FALSE,761,761
11443,-0.796221862956151,FALSE,606,606
11444,-0.979549950322809,FALSE,377,377
11445,0.320776203317533,FALSE,871,871
11446,1.3952756625689,FALSE,283,283
11447,-0.301497249252888,TRUE,95,596
11448,0.163300291994334,FALSE,152,152
11449,-1.66977290166289,FALSE,393,393
11450,1.05126810371485,FALSE,674,674
11451,-0.574106160292821,TRUE,396,201
11452,0.441898878699047,FALSE,307,307
11453,-0.971707493581416,FALSE,893,893
11454,-0.634704431446322,FALSE,940,940
11455,2.21208088443568,FALSE,888,888
11456,1.94978815033207,FALSE,794,794
11457,-0.778587323966595,FALSE,26,26
11458,0.755944794568798,FALSE,190,190
11459,-0.784016267481247,TRUE,249,2
11460,-0.406304141894481,FALSE,26,26
11461,0.878503260607816,FALSE,104,104
11462,-0.138233413547457,FALSE,234,234
11463,1.52898507758977,FALSE,128,128
11464,1.10406113947864,TRUE,774,320
11465,-1.48912134920689,FALSE,763,763
11466,-0.78172915179239,TRUE,278,563
11467,-0.920030223865207,FALSE,721,721
11468,0.792522928997877,FALSE,115,115
11469,-0.692880593263064,TRUE,927,880
11470,-0.977304890608712,FALSE,891,891
11471,-0.276083458437946,FALSE,723,723
11472,-0.835674666860704,FALSE,474,474
11473,-0.764843919026666,FALSE,428,428
11474,1.20351145277148,FALSE,249,249
11475,-1.02933872530995,FALSE,47,47
11476,-1.69450676771615,FALSE,831,831
11477,1.19256924824882,FALSE,163,163
11478,1.53777474620017,FALSE,996,996
11479,1.31133280552621,FALSE,331,331
11480,-0.498706157471154,FALSE,80,80
11481,1.18313182849571,FALSE,614,614
11482,-0.28205850222591,TRUE,786,410
11483,0.312963554413319,FALSE,824,824
11484,-1.06127519916363,FALSE,295,295
11485,0.755073455308359,FALSE,51,51
11486,-1.46730766517471,FALSE,17,17
11487,-1.17450654525821,TRUE,736,737
11488,-1.42360171925956,FALSE,46,46
11489,1.26166529950172,FALSE,171,171
11490,-1.76081238542513,FALSE,634,634
11491,0.493723542481987,TRUE,673,856
11492,0.929568839257542,FALSE,102,102
11493,1.44351224254409,TRUE,340,21
11494,1.97867015205877,FALSE,911,911
11495,-1.40387880466348,TRUE,55,550
11496,1.02928845935746,TRUE,845,686
11497,-1.40795857953357,FALSE,777,777
11498,-0.0535756192762636,FALSE,459,459
11499,0.955676101230106,TRUE,503,59
11500,-0.558281042189095,TRUE,160,868
11501,0.12542631621394,FALSE,693,693
11502,1.81511034313144,FALSE,847,847
11503,0.16303681543884,FALSE,21,21
11504,-0.723466370823095,FALSE,380,380
11505,0.58095493099741,FALSE,424,424
11506,-0.809712986500423,FALSE,978,978
11507,-0.165147767241416,FALSE,339,339
11508,0.836162359017029,FALSE,724,724
11509,-0.833893244494015,FALSE,691,691
11510,1.41633927354237,FALSE,896,896
11511,1.06741234200225,TRUE,488,537
11512,-0.123098649901635,FALSE,126,126
11513,0.744243160333179,TRUE,216,614
11514,1.3279956204239,FALSE,434,434
11515,-1.38994686810402,FALSE,805,805
11516,0.626394641991997,TRUE,737,759
11517,-1.37147095205002,FALSE,935,935
11518,-0.432736025769362,TRUE,651,23
11519,1.4999060611579,FALSE,281,281
11520,0.695649627489354,FALSE,247,247
11521,1.78014328277439,FALSE,665,665
11522,0.615249894812748,FALSE,746,746
11523,0.949346023460546,FALSE,145,145
11524,-2.51960414061821,FALSE,851,851
11525,-1.38705136059625,FALSE,958,958
11526,0.277700099829746,FALSE,499,499
11527,-2.22931218352533,FALSE,853,853
11528,-0.341318263845092,FALSE,133,133
11529,-0.624016649692437,FALSE,886,886
11530,0.458406735643962,FALSE,703,703
11531,0.0279662216711338,FALSE,952,952
11532,0.944940006904508,FALSE,475,475
11533,-0.659666771160296,FALSE,72,72
11534,0.088428778921485,FALSE,581,581
11535,-1.25474074819052,FALSE,42,42
11536,0.636958103574844,FALSE,812,812
11537,-1.21051913335789,FALSE,108,108
11538,0.726023750922598,FALSE,771,771
11539,2.66691339361251,FALSE,466,466
11540,-0.0399824399747291,TRUE,24,857
11541,0.579088672728815,FALSE,785,785
11542,1.1961487795466,FALSE,997,997
11543,0.494905657532661,FALSE,10,10
11544,1.30079265062077,TRUE,250,90
11545,-0.954316122278628,FALSE,375,375
11546,-1.83618672823884,FALSE,683,683
11547,0.548612599360357,TRUE,14,887
11548,-0.135980686583043,FALSE,149,149
11549,-0.439371736220692,FALSE,981,981
11550,0.179973504829463,FALSE,558,558
11551,-1.06883169278547,FALSE,195,195
11552,-1.13745004422874,TRUE,483,887
11553,1.09750040833503,FALSE,491,491
11554,1.13978326624453,TRUE,605,772
11555,-0.206208642252029,FALSE,268,268
11556,1.27402200627055,FALSE,527,527
11557,0.692754454926555,FALSE,548,548
11558,0.25377945485667,FALSE,982,982
11559,-1.77079530213525,FALSE,660,660
11560,1.13946923468818,FALSE,910,910
11561,1.64805100906503,FALSE,999,999
11562,0.202055371615294,TRUE,434,579
11563,-0.0976922012087332,FALSE,438,438
11564,0.136824228761311,FALSE,957,957
11565,0.0983028731527731,FALSE,826,826
11566,-1.39418657767692,FALSE,82,82
11567,-0.795856340742365,TRUE,889,320
11568,1.21855838647802,FALSE,900,900
11569,-0.0838599672275483,FALSE,620,620
11570,-0.298583970732391,FALSE,670,670
11571,0.668717655518443,TRUE,273,398
11572,1.24595581100546,FALSE,734,734
11573,-0.821321166297879,FALSE,625,625
11574,0.0629278990729388,FALSE,452,452
11575,-0.599247027185416,FALSE,851,851
11576,0.274581559032773,TRUE,122,663
11577,1.50683982855656,FALSE,969,969
11578,1.23266074095039,FALSE,570,570
11579,0.257905520749768,FALSE,517,517
11580,-0.118943640183549,FALSE,548,548
11581,-0.557176200488897,FALSE,933,933
11582,-1.96506984884872,TRUE,820,43
11583,-1.03678291661103,FALSE,144,144
11584,0.194714425167294,FALSE,193,193
11585,-1.44385176695516,FALSE,759,759
11586,0.456115030672721,FALSE,241,241
11587,0.491070311811091,FALSE,374,374
11588,-0.789069051540202,FALSE,268,268
11589,0.240205961000344,FALSE,440,440
11590,0.616637110721209,FALSE,117,117
11591,-1.15259631874388,TRUE,822,575
11592,-1.94169650498854,FALSE,311,311
11593,0.682500995214322,FALSE,857,857
11594,1.20467788237077,FALSE,793,793
11595,2.02779635506774,TRUE,814,808
11596,0.454527157037913,FALSE,484,484
11597,-1.52399706722696,FALSE,934,934
11598,-1.09554026128101,TRUE,727,736
11599,-0.46505385243132,FALSE,814,814
11600,0.816265266891657,FALSE,533,533
11601,0.32173021267203,FALSE,896,896
11602,-0.184401778223894,TRUE,808,109
11603,-0.934639036477955,FALSE,253,253
11604,0.725210515294587,FALSE,555,555
11605,0.882652445404807,TRUE,932,578
11606,0.979086918821922,TRUE,526,435
11607,-1.34884196391166,FALSE,704,704
11608,0.883279047394551,TRUE,282,63
11609,-1.26941511447253,FALSE,734,734
11610,0.420671026680054,TRUE,336,451
11611,1.17398376800112,TRUE,116,410
11612,-0.655707833868671,FALSE,536,536
11613,0.897306041803554,FALSE,121,121
11614,-0.407914339344744,FALSE,833,833
11615,0.31376022096899,FALSE,918,918
11616,2.2572657179578,TRUE,266,769
11617,-0.0771229404609852,FALSE,469,469
11618,-0.769400377996211,FALSE,635,635
11619,-0.410945387947415,FALSE,884,884
11620,-0.405782150409051,FALSE,749,749
11621,0.766105736700216,TRUE,988,423
11622,-1.1895092369534,FALSE,733,733
11623,-0.630365761752379,FALSE,160,160
11624,0.810225366106596,FALSE,85,85
11625,0.129241212853255,TRUE,945,694
11626,2.47366514885843,FALSE,292,292
11627,0.246081185137931,FALSE,427,427
11628,-0.678353102319725,FALSE,906,906
11629,-0.974270804070611,FALSE,450,450
11630,1.2619730379927,FALSE,494,494
11631,-0.781673183496275,FALSE,858,858
11632,0.152241255267042,FALSE,978,978
11633,-0.638031079743575,FALSE,706,706
11634,1.18349740442027,FALSE,579,579
11635,0.686608449874847,TRUE,571,389
11636,0.0986581828408654,TRUE,381,172
11637,1.47435300652694,FALSE,463,463
11638,-1.55685551952421,TRUE,992,632
11639,-0.130681218859771,FALSE,768,768
11640,-1.31405232229086,TRUE,816,922
11641,0.233166062471506,FALSE,855,855
11642,0.87432139268893,FALSE,428,428
11643,0.359950086019225,FALSE,624,624
11644,-0.857966273478318,FALSE,13,13
11645,-0.335087666477442,FALSE,587,587
11646,-0.553742633533302,FALSE,815,815
11647,-0.444079027124276,TRUE,586,356
11648,-0.206425962517665,FALSE,305,305
11649,0.730148090171579,FALSE,481,481
11650,-1.02285413179485,TRUE,783,324
11651,-0.454723429115083,FALSE,889,889
11652,1.41978954020454,FALSE,508,508
11653,0.812676912261048,TRUE,427,758
11654,0.829639214293056,FALSE,619,619
11655,1.31916832878955,FALSE,95,95
11656,0.276913902068892,FALSE,606,606
11657,0.935645200192314,TRUE,744,272
11658,-0.536092490752764,TRUE,449,489
11659,-1.13888447518215,FALSE,147,147
11660,-0.951225048313443,TRUE,548,329
11661,-0.784154588579406,FALSE,351,351
11662,-1.57219420256506,FALSE,336,336
11663,1.04034138483832,TRUE,996,713
11664,-0.689218636270736,FALSE,754,754
11665,-1.76813797404422,TRUE,111,948
11666,-1.08317263234423,FALSE,281,281
11667,-1.16530463822622,FALSE,491,491
11668,-1.91306054163915,TRUE,349,988
11669,0.430220673495473,FALSE,409,409
11670,0.231260041121705,FALSE,86,86
11671,-1.77528111714159,FALSE,795,795
11672,1.60951707046383,TRUE,50,957
11673,-0.682258050097425,FALSE,854,854
11674,-0.495871635555719,TRUE,706,537
11675,-0.47186918160595,FALSE,112,112
11676,-2.57414367289252,FALSE,532,532
11677,0.315443090531431,FALSE,297,297
11678,-0.202189899566559,FALSE,49,49
11679,-0.335555288882723,FALSE,903,903
11680,0.702646443620457,FALSE,265,265
11681,0.314334956761227,FALSE,909,909
11682,-0.646763096796466,FALSE,597,597
11683,-0.317482980454064,FALSE,789,789
11684,-1.59505812787142,FALSE,805,805
11685,2.84299579922489,FALSE,241,241
11686,-1.06175268091363,FALSE,346,346
11687,-0.711522481960975,FALSE,860,860
11688,1.63766383136668,FALSE,436,436
11689,0.33657973485862,FALSE,609,609
11690,-1.33129409422823,FALSE,992,992
11691,0.493352243818293,TRUE,191,40
11692,-0.635728906115521,FALSE,566,566
11693,-0.245383789508977,FALSE,13,13
11694,0.90733608717862,FALSE,389,389
11695,-1.00881279770205,FALSE,325,325
11696,-0.887885047961877,FALSE,994,994
11697,0.0571740093442175,FALSE,133,133
11698,-1.29298209138725,FALSE,683,683
11699,-0.0265714102279512,FALSE,265,265
11700,-1.55663878769542,TRUE,693,828
11701,-0.771046568746703,TRUE,40,309
11702,1.95696487654005,FALSE,575,575
11703,0.567244241726587,FALSE,869,869
11704,-0.152767922022342,FALSE,883,883
11705,-1.15956013132652,FALSE,411,411
11706,0.79459777642812,FALSE,505,505
11707,-1.06586353060855,TRUE,926,693
11708,-0.513292069823521,TRUE,286,958
11709,-1.06590987482196,TRUE,51,766
11710,-0.643175787437826,TRUE,150,377
11711,0.817414048095855,FALSE,131,131
11712,-0.629111341041525,FALSE,156,156
11713,1.49106647715451,FALSE,860,860
11714,0.233849803781046,FALSE,539,539
11715,-0.00779940469138597,FALSE,489,489
11716,-1.31491680501081,FALSE,844,844
11717,0.335385777734641,TRUE,419,91
11718,-0.0931673471056493,FALSE,705,705
11719,0.646596213783363,FALSE,160,160
11720,-0.969331732161617,FALSE,518,518
11721,1.68119118718415,FALSE,916,916
11722,0.357307412587064,TRUE,552,886
11723,-0.94019914142887,FALSE,798,798
11724,0.0595560264317151,TRUE,507,683
11725,0.0986465287434092,FALSE,163,163
11726,0.324442235722563,FALSE,106,106
11727,-1.41463318738123,FALSE,945,945
11728,0.850281850630581,FALSE,384,384
11729,-0.94089367248082,FALSE,295,295
11730,-0.518758750749041,FALSE,559,559
11731,0.524663647066704,TRUE,910,120
11732,-0.422794383595679,TRUE,496,328
11733,-0.17390202456361,FALSE,348,348
11734,-0.848576851835234,FALSE,990,990
11735,-0.832919679211164,FALSE,541,541
11736,0.604547477501536,FALSE,182,182
11737,0.975441869563043,TRUE,139,532
11738,-1.15576227860804,FALSE,275,275
11739,-0.713799007265085,FALSE,553,553
11740,-0.650206630037684,FALSE,793,793
11741,-1.7003173958916,FALSE,383,383
11742,-0.216608095957807,FALSE,733,733
11743,0.239704211237647,TRUE,230,292
11744,-0.0459065403009179,FALSE,267,267
11745,-0.32252048883557,FALSE,202,202
11746,0.640966858668473,FALSE,737,737
11747,2.73927385800919,TRUE,737,801
11748,-2.32238540226561,FALSE,953,953
11749,-1.75584041428257,TRUE,200,732
11750,0.266237290940039,FALSE,799,799
11751,1.48229367948265,FALSE,293,293
11752,-1.55909961667285,FALSE,373,373
11753,-0.104030466700563,TRUE,729,928
11754,1.23504499126224,FALSE,186,186
11755,0.885353571319344,FALSE,459,459
11756,0.109290240476927,FALSE,102,102
11757,0.038337639939938,FALSE,427,427
11758,0.613507364508639,FALSE,445,445
11759,-0.215483887354058,FALSE,917,917
11760,1.65352267872229,FALSE,256,256
11761,-0.557507154692367,FALSE,276,276
11762,-0.675592852974489,TRUE,560,240
11763,0.948145873342988,FALSE,108,108
11764,0.410451992772142,FALSE,161,161
11765,1.30379686134697,FALSE,91,91
11766,-2.11904366924109,TRUE,899,84
11767,-0.141419495127464,FALSE,410,410
11768,-0.405090596205424,FALSE,914,914
11769,-0.37286589221625,FALSE,776,776
11770,1.03100251539801,FALSE,685,685
11771,-1.40382828294742,FALSE,617,617
11772,0.127560308307144,TRUE,274,38
11773,1.14014933061942,FALSE,654,654
11774,0.702146665922958,FALSE,783,783
11775,-1.82184504113897,TRUE,805,423
11776,-0.513557518266675,TRUE,363,239
11777,-0.978208191975224,TRUE,7,73
11778,-0.925527200280866,TRUE,250,366
11779,-0.86727597584991,FALSE,903,903
11780,0.71568147695989,TRUE,694,337
11781,-1.04405558970566,FALSE,844,844
11782,0.799605874844139,FALSE,192,192
11783,0.0280693897319254,FALSE,188,188
11784,-1.19736130173556,FALSE,657,657
11785,0.247476199530727,TRUE,214,805
11786,1.13860710437698,FALSE,9,9
11787,0.359040812869342,FALSE,230,230
11788,0.966047224355612,FALSE,86,86
11789,0.378185412930163,FALSE,429,429
11790,0.128149845284955,TRUE,317,323
11791,-2.14471269824329,FALSE,393,393
11792,1.00774210087195,TRUE,171,943
11793,-1.55719089367062,FALSE,863,863
11794,-1.37485410917248,TRUE,232,647
11795,0.484094593414599,FALSE,308,308
11796,0.41921772299392,FALSE,437,437
11797,0.329083267988458,FALSE,135,135
11798,1.68275249817925,FALSE,528,528
11799,0.955724820066245,FALSE,796,796
11800,-0.600582317725531,FALSE,533,533
11801,-1.09145585285803,FALSE,185,185
11802,1.53020806705285,FALSE,757,757
11803,-0.268507020646499,TRUE,389,35
11804,-0.0210811931828601,FALSE,195,195
11805,1.21913844242898,FALSE,750,750
11806,-0.395270076929037,FALSE,259,259
11807,-0.423502131607827,FALSE,390,390
11808,-0.769326756187376,TRUE,571,731
11809,0.753619651074455,FALSE,222,222
11810,-0.856719339887791,FALSE,417,417
11811,-2.15307931479826,FALSE,196,196
11812,-1.06944609400903,TRUE,703,843
11813,-0.117933106665012,FALSE,609,609
11814,-0.942034068639586,TRUE,717,588
11815,0.280872535587194,FALSE,197,197
11816,0.313023071531276,TRUE,486,565
11817,-1.61054701590728,FALSE,999,999
11818,-0.258239469804211,TRUE,395,80
11819,0.90362020137728,FALSE,188,188
11820,0.386283209544877,TRUE,938,569
11821,0.106030438368904,TRUE,701,869
11822,-1.78701668612159,FALSE,530,530
11823,0.136867523945138,TRUE,125,35
11824,1.39028159972082,TRUE,53,380
11825,1.25310723078363,FALSE,324,324
11826,-0.467190525841476,FALSE,245,245
11827,0.910865417441358,FALSE,967,967
11828,0.882817296853655,FALSE,297,297
11829,1.40656745022881,FALSE,777,777
11830,0.817612316839589,TRUE,526,509
11831,-1.41333756118896,FALSE,975,975
11832,0.759253751263531,FALSE,513,513
11833,-2.05198866278075,FALSE,407,407
11834,1.12118633068811,FALSE,445,445
11835,1.28365900221593,TRUE,144,197
11836,0.245416766558549,FALSE,820,820
11837,-1.94260240385201,FALSE,658,658
11838,1.06787014667391,TRUE,400,16
11839,0.9220602147129,FALSE,362,362
11840,1.29580840826716,FALSE,574,574
11841,-0.163097573415994,FALSE,365,365
11842,-0.0509562293185318,TRUE,86,720
11843,1.34784864203916,FALSE,593,593
11844,0.585007018674145,TRUE,205,394
11845,-1.08411742032739,FALSE,457,457
11846,0.631431848690978,FALSE,894,894
11847,0.42221268124275,FALSE,349,349
11848,0.692813231023617,TRUE,139,483
11849,0.523756798950708,TRUE,971,572
11850,0.520337025704725,FALSE,375,375
11851,0.743740573971396,FALSE,690,690
11852,-0.292717927760914,FALSE,577,577
11853,1.43813481744454,FALSE,215,215
11854,-0.897517675469201,FALSE,677,677
11855,0.521582853361193,TRUE,176,817
11856,-2.01326756481285,FALSE,355,355
11857,0.0757178102349771,TRUE,606,416
11858,-0.044534235633752,FALSE,809,809
11859,-0.514981450140545,FALSE,177,177
11860,-1.5703752756446,TRUE,382,69
11861,-1.94586133083539,TRUE,9,16
11862,-0.141384130364892,FALSE,108,108
11863,-1.79238824043226,FALSE,612,612
11864,-0.109971042354063,FALSE,801,801
11865,-1.0102510495708,FALSE,175,175
11866,1.01383790919444,FALSE,492,492
11867,0.763021801598356,FALSE,792,792
11868,-0.562909441800322,TRUE,300,186
11869,0.950086879444533,FALSE,874,874
11870,2.03690497378464,FALSE,50,50
11871,0.725339104677446,FALSE,205,205
11872,0.456811236368881,TRUE,522,659
11873,-0.652773693482435,FALSE,306,306
11874,-0.851281717836986,FALSE,872,872
11875,-0.102961421549036,FALSE,771,771
11876,0.76101105093758,FALSE,287,287
11877,-0.918176964369304,TRUE,117,551
11878,-0.821618796742792,FALSE,973,973
11879,-0.500551993427151,TRUE,787,655
11880,-0.687828642294581,FALSE,711,711
11881,-0.134638962841209,FALSE,326,326
11882,-1.17578830937602,FALSE,887,887
11883,-1.51017019597306,FALSE,307,307
11884,1.45243574938515,FALSE,864,864
11885,0.586412053152102,TRUE,663,461
11886,0.349712061807419,FALSE,401,401
11887,-1.62033593852788,TRUE,412,79
11888,-2.79869816972233,FALSE,259,259
11889,0.952201262427621,TRUE,11,846
11890,0.687914127542976,FALSE,472,472
11891,0.550253334334798,FALSE,328,328
11892,0.725513115303438,FALSE,513,513
11893,0.889742205352727,FALSE,492,492
11894,0.0510564490929476,FALSE,715,715
11895,-1.58743172074196,FALSE,19,19
11896,-0.149090656434247,FALSE,576,576
11897,1.5934470621653,FALSE,50,50
11898,-0.583052034902539,FALSE,724,724
11899,-1.07570619078323,FALSE,161,161
11900,-1.89230719310006,FALSE,941,941
11901,0.323341983367843,FALSE,942,942
11902,0.717549356720922,FALSE,13,13
11903,0.892392029694064,FALSE,341,341
11904,0.600426997990332,TRUE,936,211
11905,1.00516171620007,FALSE,491,491
11906,1.31590436042304,FALSE,567,567
11907,-0.464420506524517,FALSE,869,869
11908,-0.796710090274296,FALSE,941,941
11909,0.784223733852386,FALSE,148,148
11910,1.80683639154714,FALSE,406,406
11911,0.0954684041074178,FALSE,47,47
11912,0.89333271004283,FALSE,522,522
11913,0.991144026939049,FALSE,917,917
11914,-0.462587254239144,FALSE,930,930
11915,0.145192337940531,FALSE,437,437
11916,0.437247246394411,FALSE,861,861
11917,0.699617544353776,FALSE,469,469
11918,-0.435239284624948,FALSE,436,436
11919,-1.21897868351808,FALSE,884,884
11920,0.670515637082656,TRUE,774,522
11921,-1.50710086938011,FALSE,488,488
11922,-0.472642602857836,TRUE,287,10
11923,1.01290873991771,FALSE,885,885
11924,-0.48322043237618,FALSE,167,167
11925,0.19874898736895,FALSE,812,812
11926,-0.854473933288782,FALSE,924,924
11927,0.286365448361139,FALSE,587,587
11928,0.733599526597262,FALSE,609,609
11929,1.14638901526947,FALSE,627,627
11930,0.58794821477731,TRUE,571,70
11931,-0.123022367106393,TRUE,527,877
11932,-0.878551938399482,FALSE,330,330
11933,-0.270783105840257,FALSE,235,235
11934,0.719181374272694,FALSE,857,857
11935,1.73672083864967,FALSE,860,860
11936,0.259300699741724,FALSE,100,100
11937,-0.520594076824039,TRUE,566,216
11938,-1.14965472106946,FALSE,216,216
11939,-0.336264923960264,TRUE,149,869
11940,1.57906933758637,FALSE,144,144
11941,-1.45994480737384,FALSE,863,863
11942,-1.00591945825303,FALSE,899,899
11943,0.313529003557367,FALSE,149,149
11944,-3.10081544733344,FALSE,385,385
11945,1.38527761951034,FALSE,945,945
11946,-0.263253991210478,TRUE,9,267
11947,-0.234787716390368,TRUE,584,930
11948,0.566987068505727,FALSE,131,131
11949,2.75359291363067,TRUE,317,822
11950,-1.00038595770904,FALSE,833,833
11951,-0.67006754452081,FALSE,902,902
11952,0.561308076707618,FALSE,462,462
11953,-1.5755222990964,TRUE,661,439
11954,-0.0397434929297792,FALSE,811,811
11955,0.224932785710879,FALSE,377,377
11956,0.248199001899066,FALSE,165,165
11957,0.0539513629798608,TRUE,565,768
11958,0.700225724746293,TRUE,857,707
11959,-0.377459988838623,FALSE,316,316
11960,0.234903561189003,TRUE,228,617
11961,0.944441723293741,TRUE,613,877
11962,0.584734141720419,FALSE,890,890
11963,0.215064002844092,FALSE,317,317
11964,0.100327203725653,FALSE,721,721
11965,2.41430570825886,TRUE,609,788
11966,-0.262291236715308,FALSE,536,536
11967,-0.240088466395096,TRUE,883,508
11968,0.239866735198364,TRUE,132,498
11969,0.971971854796723,FALSE,993,993
11970,-0.00845436681912273,FALSE,656,656
11971,0.0401609372061594,FALSE,818,818
11972,-0.768470345090566,TRUE,779,20
11973,1.3925628540876,FALSE,890,890
11974,-0.405739371739195,FALSE,450,450
11975,0.314001786513158,FALSE,133,133
11976,1.19935562994858,FALSE,8,8
11977,-1.64842460758216,FALSE,377,377
11978,1.35445520553462,FALSE,116,116
11979,0.558091442361505,TRUE,677,701
11980,-0.252772816029414,FALSE,227,227
11981,0.639309084430817,FALSE,481,481
11982,-0.576420783156381,FALSE,105,105
11983,-0.00942830586639381,FALSE,266,266
11984,-0.816597740887029,FALSE,741,741
11985,0.481049145650598,FALSE,244,244
11986,-0.264037358548824,TRUE,591,35
11987,-0.230222558651579,FALSE,617,617
11988,1.40370557004679,FALSE,549,549
11989,1.4791034230017,FALSE,740,740
11990,-0.698744964954042,TRUE,121,23
11991,0.860911662067879,FALSE,553,553
11992,0.490106712389221,FALSE,479,479
11993,0.740470852019787,FALSE,273,273
11994,0.629040529558862,FALSE,588,588
11995,-0.594829557679583,FALSE,508,508
11996,0.00209155428519222,FALSE,119,119
11997,-0.656208334534476,FALSE,400,400
11998,-0.30571271204535,TRUE,725,126
11999,-0.503665041910418,TRUE,480,569
12000,-0.150629960444101,FALSE,58,58
12001,0.800940558387889,FALSE,958,958
12002,-1.18671784824664,FALSE,838,838
12003,0.430636363736109,FALSE,239,239
12004,0.216747094443226,FALSE,418,418
12005,0.961292345517448,FALSE,829,829
12006,-1.55656431030924,TRUE,974,711
12007,0.544843926460806,FALSE,781,781
12008,0.327768822410872,FALSE,553,553
12009,-0.488809232804017,FALSE,596,596
12010,0.124061212674077,FALSE,506,506
12011,-0.373938119775673,FALSE,356,356
12012,1.66964674817633,TRUE,783,762
12013,0.304418251135568,FALSE,118,118
12014,-0.129661250884983,FALSE,380,380
12015,-0.0614056054424501,TRUE,742,997
12016,-0.604183705656452,TRUE,368,111
12017,0.269262247626327,TRUE,838,5
12018,-0.96858313337448,FALSE,542,542
12019,0.190657518428592,FALSE,30,30
12020,-1.86597326098004,TRUE,691,169
12021,-0.291141880810867,FALSE,569,569
12022,1.10530977677517,TRUE,616,180
12023,-0.408348810733532,FALSE,188,188
12024,0.66964530986992,TRUE,272,637
12025,2.06528923788075,FALSE,134,134
12026,1.02663108946843,FALSE,634,634
12027,0.638331846421192,TRUE,966,317
12028,0.779955035238633,FALSE,577,577
12029,-1.36533951913371,FALSE,204,204
12030,-0.91963558155934,FALSE,332,332
12031,2.03849386927678,FALSE,638,638
12032,-0.52682880926582,FALSE,119,119
12033,1.14208013538799,TRUE,64,394
12034,0.485492824862778,TRUE,534,700
12035,-1.29757137375826,TRUE,600,353
12036,0.732456439186754,TRUE,513,250
12037,-0.521015837388732,FALSE,861,861
12038,-0.446028623417949,TRUE,596,899
12039,-0.555405845015943,TRUE,320,400
12040,1.0135102100717,FALSE,788,788
12041,0.760511004792329,FALSE,906,906
12042,0.515606075631556,FALSE,198,198
12043,0.703772350408912,TRUE,814,5
12044,-1.8705803178203,TRUE,181,553
12045,-0.0426224717091766,FALSE,533,533
12046,-0.580333760960829,TRUE,575,658
12047,-0.765195867451319,FALSE,327,327
12048,-0.825692103905698,FALSE,449,449
12049,-0.392132246106756,FALSE,140,140
12050,-0.814464750576459,FALSE,254,254
12051,-1.04896881717259,FALSE,652,652
12052,-1.49800313472532,FALSE,555,555
12053,1.8754449999876,FALSE,768,768
12054,0.471965431682863,TRUE,722,981
12055,0.101917080159456,FALSE,604,604
12056,1.38851610194636,FALSE,732,732
12057,-1.02062904671337,FALSE,957,957
12058,0.0318538483486216,FALSE,329,329
12059,0.994622667246874,FALSE,887,887
12060,-0.446426530955318,FALSE,867,867
12061,-1.28952949407893,FALSE,357,357
12062,-0.5803432748902,TRUE,34,502
12063,-0.739221128036138,FALSE,289,289
12064,0.457757469726081,FALSE,715,715
12065,0.888011838745243,TRUE,585,458
12066,0.019957132345329,TRUE,122,382
12067,-0.371331509156777,FALSE,410,410
12068,-2.26091250328135,TRUE,484,361
12069,-0.240435875126252,FALSE,360,360
12070,0.677716886832238,TRUE,686,819
12071,-0.960054740411522,TRUE,907,498
12072,0.259146015871318,FALSE,669,669
12073,0.220976052037295,FALSE,156,156
12074,-1.2077298951659,FALSE,478,478
12075,1.48340930712977,FALSE,424,424
12076,0.533265347876546,TRUE,550,585
12077,0.837739565979143,TRUE,526,381
12078,-0.486926273303882,FALSE,863,863
12079,1.49662448139402,FALSE,520,520
12080,-0.579360171804034,TRUE,301,379
12081,0.195710060361437,FALSE,342,342
12082,-1.29513596299738,TRUE,820,402
12083,-0.787456101361411,FALSE,448,448
12084,-0.128123165404554,FALSE,474,474
12085,0.732029770375811,FALSE,522,522
12086,-0.490321894479721,FALSE,438,438
12087,-0.635537866712807,FALSE,997,997
12088,-0.0203026480728,FALSE,333,333
12089,-1.78574030895321,TRUE,999,705
12090,-1.07383926931824,FALSE,537,537
12091,-1.57090353287607,FALSE,22,22
12092,1.12604749004013,FALSE,493,493
12093,-0.126580117022206,FALSE,991,991
12094,0.0528409582510012,FALSE,34,34
12095,-0.116528112417953,FALSE,762,762
12096,-1.38458609129384,FALSE,908,908
12097,-0.781132677033532,FALSE,653,653
12098,0.72933820964955,FALSE,567,567
12099,0.175111483065577,TRUE,552,862
12100,0.855533164521198,FALSE,873,873
12101,0.334850020961827,TRUE,598,565
12102,-0.108529874214463,TRUE,511,41
12103,-0.44974613716595,FALSE,922,922
12104,1.86817878395297,TRUE,593,483
12105,-0.317541156931268,FALSE,326,326
12106,-0.241496789582845,FALSE,863,863
12107,0.333186531907172,FALSE,197,197
12108,0.214775377630061,FALSE,809,809
12109,-1.4322688758732,FALSE,173,173
12110,-0.196080218025818,FALSE,196,196
12111,0.578954070452965,FALSE,192,192
12112,-1.23851485535283,FALSE,343,343
12113,1.1872954085899,FALSE,372,372
12114,-1.05598822527035,FALSE,466,466
12115,-1.88165751401439,FALSE,758,758
12116,-1.33231470099253,FALSE,921,921
12117,1.20945073301126,TRUE,973,220
12118,1.00965151734779,FALSE,164,164
12119,2.07451834027279,FALSE,813,813
12120,-0.117647138501049,FALSE,210,210
12121,-0.450038363625214,FALSE,753,753
12122,1.01203773214142,FALSE,215,215
12123,0.979332497028785,FALSE,794,794
12124,-1.7573406505175,FALSE,648,648
12125,-0.165597451776538,FALSE,464,464
12126,-0.120607896713876,FALSE,987,987
12127,-1.72322294043448,TRUE,847,856
12128,-0.263115336142614,FALSE,354,354
12129,-0.913028772884858,TRUE,591,588
12130,0.235127002090626,TRUE,615,19
12131,0.82695531860974,FALSE,875,875
12132,-0.72468864295142,FALSE,40,40
12133,0.240226404870602,TRUE,103,941
12134,-0.28805416480241,FALSE,142,142
12135,-0.268587183086092,FALSE,428,428
12136,1.67327705513208,TRUE,579,91
12137,-0.453095230965119,FALSE,809,809
12138,0.201432679538149,FALSE,532,532
12139,-0.443926192797612,FALSE,45,45
12140,0.354496197150052,FALSE,754,754
12141,2.414924743698,FALSE,865,865
12142,-0.865470347247734,FALSE,754,754
12143,-1.02318024969011,TRUE,592,816
12144,-0.348224328259306,FALSE,354,354
12145,-0.849923120427803,FALSE,901,901
12146,-0.237001827437735,FALSE,434,434
12147,-1.47521058037124,FALSE,62,62
12148,0.0717121656283101,FALSE,365,365
12149,-1.94740597075287,TRUE,956,701
12150,-0.820605963196813,FALSE,570,570
12151,-0.240444802575717,TRUE,882,234
12152,-1.15556624755688,FALSE,896,896
12153,0.291973129478715,FALSE,580,580
12154,-1.0656473570545,TRUE,612,774
12155,-0.0956847295793767,FALSE,570,570
12156,0.271708659606424,FALSE,136,136
12157,-0.84342438483173,FALSE,395,395
12158,-0.81356663836575,FALSE,371,371
12159,1.00269994321644,TRUE,651,657
12160,-0.532540539411741,FALSE,853,853
12161,1.04980628511168,FALSE,300,300
12162,-0.980258799174485,TRUE,563,776
12163,-1.38912464180295,TRUE,724,300
12164,0.618205754701307,FALSE,135,135
12165,0.0573838872018155,FALSE,389,389
12166,0.0804246257378406,FALSE,847,847
12167,-1.30659620372524,FALSE,901,901
12168,1.39038599617606,FALSE,693,693
12169,0.0229338925588531,FALSE,372,372
12170,0.0343420400670102,FALSE,484,484
12171,-0.819450845900508,FALSE,169,169
12172,-2.49749510433214,FALSE,757,757
12173,-0.78563321750104,FALSE,617,617
12174,-0.531567975274847,FALSE,552,552
12175,0.349905927022351,TRUE,583,143
12176,-0.55538277546915,FALSE,561,561
12177,1.18977290983713,FALSE,414,414
12178,-0.0662044561146614,FALSE,303,303
12179,0.394505846567028,FALSE,664,664
12180,0.514431098288697,FALSE,360,360
12181,0.270877411795897,TRUE,424,5
12182,0.223966589284363,TRUE,16,388
12183,1.06439319565683,FALSE,511,511
12184,0.295684352088708,TRUE,212,613
12185,-0.47096015176416,FALSE,600,600
12186,2.28921256091298,FALSE,653,653
12187,1.02964616481002,TRUE,301,830
12188,-0.216722559383865,FALSE,948,948
12189,0.41637209643793,FALSE,137,137
12190,1.26427092770204,FALSE,289,289
12191,-0.255076835741981,FALSE,69,69
12192,1.1184452686726,FALSE,92,92
12193,0.717774267679461,FALSE,950,950
12194,-0.763623997851172,FALSE,216,216
12195,-1.68806820088176,FALSE,248,248
12196,1.07070971244277,TRUE,297,675
12197,2.71924247803751,TRUE,316,682
12198,1.50798163776749,TRUE,235,796
12199,0.153245994133012,FALSE,884,884
12200,0.408452752283474,TRUE,797,479
12201,2.84615910691811,TRUE,642,84
12202,1.82122937157117,FALSE,912,912
12203,0.461572979506669,FALSE,662,662
12204,0.186493713750628,FALSE,443,443
12205,1.09607063792032,FALSE,649,649
12206,1.27204158459232,TRUE,785,570
12207,0.0998279509307027,FALSE,326,326
12208,-1.22006999320058,FALSE,530,530
12209,-0.264299864129181,TRUE,832,322
12210,-2.95717099737463,FALSE,863,863
12211,-0.439850887595192,FALSE,666,666
12212,-0.617346630090634,FALSE,836,836
12213,0.016416573859158,FALSE,360,360
12214,-1.9044316467548,FALSE,454,454
12215,-1.67740305565452,FALSE,142,142
12216,0.945067047462514,FALSE,41,41
12217,-0.378994242373767,FALSE,73,73
12218,0.588993551762156,FALSE,771,771
12219,0.818058864905111,FALSE,808,808
12220,1.94719203371028,TRUE,996,725
12221,-0.621953769983214,FALSE,857,857
12222,0.125024917999127,TRUE,487,920
12223,2.91947380131073,TRUE,149,13
12224,0.463781570151652,TRUE,532,431
12225,1.61866996388101,FALSE,319,319
12226,1.05578570939887,FALSE,701,701
12227,-0.802581761280662,TRUE,608,700
12228,0.548168110935353,FALSE,876,876
12229,-1.52619206761251,FALSE,761,761
12230,1.72143724068198,FALSE,181,181
12231,0.233040294437111,FALSE,21,21
12232,-0.624630172599895,FALSE,30,30
12233,-0.457182645748709,FALSE,752,752
12234,1.86440228998656,FALSE,302,302
12235,0.325233153112611,TRUE,766,746
12236,2.14151934013487,FALSE,424,424
12237,-0.78036930365218,FALSE,462,462
12238,1.02025729042043,FALSE,197,197
12239,-1.08601943601228,TRUE,791,112
12240,-0.294480887677448,FALSE,103,103
12241,1.36148277591632,FALSE,817,817
12242,0.684102567052817,TRUE,631,646
12243,0.408123545050895,FALSE,754,754
12244,1.40905362030893,FALSE,847,847
12245,1.68121339182695,TRUE,241,601
12246,0.327218018770692,FALSE,151,151
12247,0.0850418708929588,FALSE,567,567
12248,-0.250897720844666,TRUE,488,111
12249,0.0986859182550671,FALSE,735,735
12250,-0.377251462807175,FALSE,340,340
12251,-1.3956077491784,FALSE,844,844
12252,-0.338197937084209,FALSE,305,305
12253,-0.681098182928233,FALSE,50,50
12254,-0.0441530616542476,FALSE,716,716
12255,-0.689825746517302,TRUE,27,612
12256,-1.02167794142721,FALSE,848,848
12257,-0.41540939181012,FALSE,325,325
12258,0.389317942070061,TRUE,13,432
12259,-0.411479951269973,FALSE,977,977
12260,-1.42423091749104,FALSE,41,41
12261,0.741060317007823,FALSE,666,666
12262,-0.974529110841298,TRUE,756,845
12263,-2.27400171753857,FALSE,927,927
12264,-0.131242960910397,FALSE,362,362
12265,-0.238453323435656,FALSE,696,696
12266,-0.00704102353778934,TRUE,240,874
12267,-3.10648443717189,FALSE,781,781
12268,-0.786348320924561,FALSE,571,571
12269,-2.81367222969614,TRUE,345,142
12270,-0.95565292488849,FALSE,306,306
12271,0.474993467578643,FALSE,513,513
12272,1.16621335126948,FALSE,264,264
12273,0.257740431339078,FALSE,207,207
12274,-0.800828830971239,TRUE,539,908
12275,0.348514957499862,TRUE,478,535
12276,0.194937083398553,TRUE,467,70
12277,0.293686275950037,TRUE,279,943
12278,-1.32688845208815,TRUE,980,827
12279,-0.804291725514589,TRUE,808,102
12280,-0.241902187222694,FALSE,629,629
12281,0.413943722780819,FALSE,612,612
12282,0.875947042483976,FALSE,312,312
12283,-2.3335125315889,TRUE,660,235
12284,0.381418576995337,FALSE,530,530
12285,-0.428488933077656,TRUE,634,246
12286,-0.583197390771797,TRUE,901,886
12287,-0.502078824968931,FALSE,400,400
12288,-0.0539750845823659,FALSE,107,107
12289,-0.155194901609538,FALSE,552,552
12290,0.0343099163787528,FALSE,346,346
12291,1.4680141009645,TRUE,907,394
12292,-0.133881904504806,FALSE,161,161
12293,0.184655020260185,FALSE,960,960
12294,-0.67990336449381,FALSE,929,929
12295,1.03910089440806,FALSE,570,570
12296,-0.752739331493546,TRUE,725,302
12297,-0.0274853807778274,FALSE,319,319
12298,-0.686284324856764,FALSE,658,658
12299,0.878468695279774,FALSE,949,949
12300,0.261881548337336,FALSE,176,176
12301,2.22703702988099,TRUE,554,964
12302,-0.620133497034257,FALSE,42,42
12303,1.13239505318859,FALSE,299,299
12304,-0.618684010780002,FALSE,502,502
12305,-0.838756723030099,FALSE,561,561
12306,-0.682460068787329,TRUE,315,741
12307,-0.871485883234438,TRUE,546,534
12308,-0.550534482529005,FALSE,495,495
12309,0.410294198596371,FALSE,658,658
12310,-1.0210777174321,FALSE,145,145
12311,0.544943138255877,FALSE,95,95
12312,-0.805742299176357,FALSE,367,367
12313,1.14046684613887,TRUE,155,520
12314,-0.30821739469878,FALSE,597,597
12315,-0.221739052346975,FALSE,26,26
12316,1.68982217003067,TRUE,786,500
12317,1.12099246177963,TRUE,865,3
12318,0.817426682823403,FALSE,807,807
12319,-1.29168175624841,FALSE,139,139
12320,1.34196890193784,FALSE,427,427
12321,0.756946003766945,FALSE,242,242
12322,-1.23986692887063,FALSE,705,705
12323,-1.24063301275434,FALSE,690,690
12324,1.48490516027842,TRUE,194,772
12325,1.3770109027241,FALSE,692,692
12326,0.376801326023817,FALSE,436,436
12327,0.36414518560325,FALSE,957,957
12328,1.60769656943749,FALSE,239,239
12329,-1.5196877168524,FALSE,482,482
12330,0.00395312553577807,FALSE,789,789
12331,-0.157476632932461,TRUE,606,55
12332,0.44767670291585,FALSE,921,921
12333,-0.44919612493635,FALSE,908,908
12334,0.544007290133286,TRUE,937,873
12335,-0.0160705067382597,TRUE,849,570
12336,-0.430021919441724,FALSE,251,251
12337,1.75138402986579,FALSE,797,797
12338,-1.63916403397134,TRUE,594,424
12339,-0.0247267865659582,FALSE,899,899
12340,-0.951672135676316,FALSE,988,988
12341,-0.522286470546874,TRUE,656,764
12342,1.14644338784929,FALSE,308,308
12343,1.54100027623725,FALSE,79,79
12344,-1.22655357361283,TRUE,806,270
12345,0.573499313406249,FALSE,262,262
12346,-2.16462194833333,TRUE,298,235
12347,-2.79944049683275,FALSE,161,161
12348,-0.962761155680945,FALSE,801,801
12349,0.172454643394807,FALSE,512,512
12350,-1.12308570929511,TRUE,748,930
12351,-0.198871946054345,FALSE,397,397
12352,-1.79854657479576,FALSE,871,871
12353,1.4772575152199,TRUE,898,473
12354,-1.84696192888893,FALSE,714,714
12355,-0.710705386546302,TRUE,12,917
12356,-0.445259709642626,FALSE,653,653
12357,-0.962087979961452,FALSE,799,799
12358,-0.446885875645234,FALSE,51,51
12359,-0.617612621023906,FALSE,3,3
12360,-0.295905023898113,FALSE,628,628
12361,-1.65070823247515,FALSE,201,201
12362,0.543054954855686,TRUE,802,447
12363,-1.42305712956734,TRUE,660,483
12364,-0.583374109853549,TRUE,423,946
12365,1.0203725300625,TRUE,167,625
12366,-0.393841897282922,FALSE,524,524
12367,-0.0815326566760316,FALSE,248,248
12368,-0.206356159991049,FALSE,114,114
12369,-0.183142588704389,TRUE,555,231
12370,1.42712751437914,TRUE,406,604
12371,1.93713713542,FALSE,673,673
12372,-1.08049999216467,FALSE,333,333
12373,0.34547181166486,FALSE,648,648
12374,-0.576252657052615,FALSE,996,996
12375,-0.469830879999165,TRUE,335,891
12376,-0.408892669903645,FALSE,436,436
12377,-1.26500531916922,FALSE,970,970
12378,-0.023434354092446,FALSE,735,735
12379,0.490516654265106,TRUE,243,210
12380,0.518797879461434,TRUE,880,179
12381,-0.90089052957416,FALSE,180,180
12382,0.740964680818156,FALSE,306,306
12383,-1.59384343969197,TRUE,527,148
12384,-1.48876342394912,FALSE,445,445
12385,0.97636076661837,FALSE,784,784
12386,0.697848467399625,FALSE,698,698
12387,-0.741393896829097,FALSE,411,411
12388,-0.474619077515512,FALSE,299,299
12389,-0.149478144027594,FALSE,615,615
12390,-1.18689372995714,FALSE,286,286
12391,-0.578242777117217,TRUE,148,111
12392,-0.4724759747223,FALSE,773,773
12393,-0.904151782035468,FALSE,135,135
12394,-0.552027719304294,FALSE,979,979
12395,-0.945726070647033,FALSE,132,132
12396,-0.437328043473851,FALSE,314,314
12397,-0.726361416186941,FALSE,282,282
12398,0.961074786261412,FALSE,207,207
12399,1.71660673257551,TRUE,209,106
12400,-0.706859902277359,FALSE,842,842
12401,1.60654717937619,FALSE,701,701
12402,-0.171584457271833,FALSE,99,99
12403,-1.5981121175745,TRUE,296,279
12404,-0.647321269589118,FALSE,251,251
12405,0.590723386570179,FALSE,170,170
12406,-0.356351580000971,TRUE,291,474
12407,0.887005457505042,TRUE,516,78
12408,-0.161455693096072,FALSE,704,704
12409,-2.00531347926449,FALSE,346,346
12410,-1.68412431420301,FALSE,803,803
12411,1.86521545533383,FALSE,174,174
12412,1.02597895123057,FALSE,610,610
12413,0.269400473646899,FALSE,713,713
12414,-0.854780901166963,TRUE,592,202
12415,0.607412086495088,FALSE,580,580
12416,-1.6250425711917,FALSE,186,186
12417,1.02255506018182,FALSE,23,23
12418,0.389260148844935,FALSE,944,944
12419,-0.588626784838669,FALSE,262,262
12420,-0.397194890364654,FALSE,606,606
12421,-0.933405410801591,TRUE,44,210
12422,0.443110295011294,TRUE,965,120
12423,-0.902279737832866,FALSE,675,675
12424,-1.3616690130833,FALSE,111,111
12425,0.622906660196073,FALSE,312,312
12426,-0.0768052339094131,FALSE,450,450
12427,0.341267841173304,TRUE,710,172
12428,-1.3904235095492,FALSE,289,289
12429,0.437442882374954,FALSE,465,465
12430,0.705185373421634,FALSE,115,115
12431,0.211887088787304,FALSE,109,109
12432,-1.22661429165899,FALSE,330,330
12433,1.14079880041417,FALSE,563,563
12434,-0.387589355040817,FALSE,905,905
12435,1.10751747329643,TRUE,385,198
12436,1.58805361109754,FALSE,100,100
12437,0.225558570554305,TRUE,366,428
12438,0.102096857392341,FALSE,694,694
12439,1.54163195468303,FALSE,930,930
12440,-0.829655727191398,FALSE,977,977
12441,0.790268963808162,FALSE,298,298
12442,0.377414310996902,FALSE,925,925
12443,-0.297011057685264,FALSE,195,195
12444,-1.62912689749943,TRUE,956,115
12445,1.03028322471671,FALSE,855,855
12446,0.754261594912219,FALSE,257,257
12447,-0.17766114957514,FALSE,844,844
12448,0.428876292579336,TRUE,548,924
12449,-0.960665371956097,FALSE,579,579
12450,0.295840412233023,FALSE,784,784
12451,-0.387695070222156,FALSE,259,259
12452,0.00873332119721563,FALSE,919,919
12453,-0.0418800000255994,FALSE,183,183
12454,-0.865036019006051,FALSE,634,634
12455,0.350351165141388,FALSE,473,473
12456,-0.458396567117685,FALSE,316,316
12457,0.85672706860777,FALSE,457,457
12458,1.97728937118057,FALSE,332,332
12459,-0.208982658592631,FALSE,945,945
12460,-0.323066979536599,FALSE,893,893
12461,-0.306428447549164,FALSE,17,17
12462,0.710582786186298,FALSE,308,308
12463,-0.262514596126327,TRUE,233,821
12464,0.295185196118034,FALSE,264,264
12465,-1.00880417504463,FALSE,828,828
12466,0.509187398902319,FALSE,565,565
12467,-0.103734071193328,TRUE,636,986
12468,-0.964501355407011,FALSE,491,491
12469,-0.667532935189074,FALSE,479,479
12470,0.530939206894733,FALSE,745,745
12471,-1.15224957555355,TRUE,578,853
12472,-1.07989512600753,FALSE,997,997
12473,0.539395391122745,FALSE,619,619
12474,-0.436228040727348,FALSE,88,88
12475,-1.86168330556059,FALSE,456,456
12476,0.903665802195412,FALSE,136,136
12477,-0.426301134592904,FALSE,513,513
12478,-1.00285802115108,FALSE,252,252
12479,1.54320000135717,FALSE,944,944
12480,-1.99576114796244,FALSE,897,897
12481,-0.967298503258083,FALSE,807,807
12482,0.642650639132149,FALSE,353,353
12483,-2.2639149136375,FALSE,75,75
12484,1.00420635196813,FALSE,376,376
12485,-0.128934096571679,FALSE,741,741
12486,-0.331855568312924,FALSE,807,807
12487,-0.0599670435231431,FALSE,485,485
12488,-1.31121438344035,TRUE,575,964
12489,-0.657647590948287,FALSE,591,591
12490,-1.17617256761232,FALSE,458,458
12491,-0.116316205068109,TRUE,405,104
12492,-0.516849821673601,TRUE,495,293
12493,-0.128626789357961,TRUE,348,711
12494,-0.0836065886624141,FALSE,583,583
12495,-0.880373938770265,TRUE,595,157
12496,-2.7014006616314,FALSE,543,543
12497,0.766591510628653,FALSE,490,490
12498,2.40553565650551,FALSE,800,800
12499,0.46011963144969,FALSE,798,798
12500,0.0101478929415063,FALSE,451,451
12501,1.56213812037827,FALSE,248,248
12502,0.412846045461375,TRUE,48,734
12503,-1.18886219188327,FALSE,996,996
12504,0.714549932099743,FALSE,474,474
12505,0.585076173862136,TRUE,847,178
12506,-1.25196116891899,TRUE,942,283
12507,-1.87956654908924,FALSE,735,735
12508,0.0120830674316974,FALSE,198,198
12509,-0.708108894277591,FALSE,907,907
12510,0.380096481093087,FALSE,274,274
12511,0.0663082947838724,FALSE,106,106
12512,1.74011670294428,TRUE,717,758
12513,1.62957411256175,FALSE,885,885
12514,0.554810072461919,FALSE,507,507
12515,-0.66677797276689,TRUE,395,818
12516,-1.43855324599311,FALSE,881,881
12517,-0.532122378589908,FALSE,242,242
12518,-1.21821619176631,FALSE,835,835
12519,0.845542465756615,FALSE,232,232
12520,-0.657796552032739,FALSE,720,720
12521,0.26520020368201,FALSE,522,522
12522,0.614049678801283,TRUE,357,669
12523,1.07761850174053,FALSE,613,613
12524,1.01009540810859,FALSE,461,461
12525,-0.126615111240188,FALSE,234,234
12526,0.147833017797974,FALSE,665,665
12527,-0.492480970481469,TRUE,595,794
12528,0.105833422495397,FALSE,322,322
12529,-1.62713039422519,TRUE,134,399
12530,-1.45682717673073,FALSE,679,679
12531,0.495748999826259,TRUE,852,920
12532,0.0604757964385504,FALSE,285,285
12533,0.192022765234594,FALSE,728,728
12534,-1.15888481392383,TRUE,552,351
12535,0.286194788665791,FALSE,562,562
12536,2.37726562611118,FALSE,364,364
12537,1.31186851003724,FALSE,843,843
12538,-0.532430866934913,TRUE,185,99
12539,-0.934693200014643,FALSE,675,675
12540,1.4904537092388,FALSE,160,160
12541,0.22756126682971,FALSE,645,645
12542,-0.548393922429268,FALSE,860,860
12543,-1.67319559232013,FALSE,570,570
12544,-0.467122029293923,FALSE,560,560
12545,-1.06733854725975,FALSE,882,882
12546,-1.60326687003921,FALSE,54,54
12547,0.65515338358574,FALSE,209,209
12548,0.745458404159359,FALSE,396,396
12549,0.522493194464307,FALSE,66,66
12550,0.235064916565629,FALSE,599,599
12551,-0.883941912184621,FALSE,89,89
12552,0.403798988925767,TRUE,382,817
12553,0.770401677210099,FALSE,377,377
12554,0.197758114653897,TRUE,160,355
12555,2.12796398585982,FALSE,754,754
12556,-0.688994959596743,FALSE,429,429
12557,0.651166677914118,FALSE,850,850
12558,-1.74241163199467,TRUE,290,937
12559,2.69244102394467,FALSE,660,660
12560,-0.810309808776208,FALSE,912,912
12561,-1.27420021003345,FALSE,768,768
12562,-0.937593259773779,FALSE,782,782
12563,0.246395938617687,FALSE,955,955
12564,-1.03055911734689,TRUE,405,844
12565,-0.532785185171711,TRUE,23,599
12566,0.2403826585792,FALSE,693,693
12567,-0.24374446594479,FALSE,38,38
12568,0.0586465223392025,TRUE,571,481
12569,-0.928381418202209,FALSE,748,748
12570,-0.530798674263668,FALSE,818,818
12571,-0.487353005967518,TRUE,204,504
12572,1.63574929695891,FALSE,727,727
12573,-0.345503958230036,FALSE,372,372
12574,-0.648086100702782,FALSE,122,122
12575,0.686176846771982,FALSE,28,28
12576,0.838349455071418,FALSE,924,924
12577,0.0344838095319345,FALSE,25,25
12578,0.959133780596116,TRUE,240,466
12579,-0.713563582484869,FALSE,751,751
12580,1.35407241973063,FALSE,165,165
12581,-0.817497164197308,FALSE,358,358
12582,0.768808277704727,FALSE,317,317
12583,-0.709645657333254,FALSE,214,214
12584,1.31167152889206,FALSE,920,920
12585,-0.0201066193296767,TRUE,172,18
12586,-1.04816476583171,TRUE,492,862
12587,-0.439745551586426,FALSE,930,930
12588,0.277314760567181,TRUE,662,9
12589,0.025963052015571,TRUE,53,556
12590,-1.67567955573018,FALSE,206,206
12591,1.30365944267725,FALSE,164,164
12592,-0.0995079582800252,FALSE,959,959
12593,-1.74132723314552,FALSE,560,560
12594,0.63803109182248,FALSE,388,388
12595,-0.478252658307972,TRUE,830,331
12596,0.673945873503189,TRUE,870,494
12597,0.647983984274655,FALSE,762,762
12598,-1.71001132282658,TRUE,145,353
12599,0.598883147444585,FALSE,449,449
12600,-0.537560692015106,FALSE,994,994
12601,-0.398002988003173,TRUE,766,867
12602,0.0135198863242752,TRUE,885,960
12603,0.238845262223161,FALSE,709,709
12604,-0.113318366971148,TRUE,257,997
12605,0.736228878191029,TRUE,415,53
12606,-1.37300411238467,FALSE,976,976
12607,-0.548254784734123,FALSE,508,508
12608,0.264802741880008,TRUE,286,693
12609,0.0486528773262721,FALSE,302,302
12610,1.44228122801527,FALSE,913,913
12611,0.0282839738725768,FALSE,172,172
12612,1.17925079170996,FALSE,487,487
12613,-1.66947149232859,FALSE,716,716
12614,-0.0536494835998959,FALSE,230,230
12615,0.0729190203898084,FALSE,367,367
12616,-1.0551997902795,FALSE,188,188
12617,1.57882646310512,TRUE,702,396
12618,-0.615659955348118,FALSE,646,646
12619,0.513110559795734,FALSE,426,426
12620,1.00836594026664,FALSE,51,51
12621,1.88013452067401,FALSE,205,205
12622,0.498925631597321,FALSE,90,90
12623,-0.420630812911644,FALSE,303,303
12624,-2.51390424387428,FALSE,846,846
12625,0.0728487268942732,TRUE,842,456
12626,-0.373313893277696,FALSE,55,55
12627,0.856937735268222,FALSE,967,967
12628,1.50999715277372,FALSE,422,422
12629,-1.62247431413672,FALSE,531,531
12630,0.140226694919078,FALSE,339,339
12631,-0.974288820317594,TRUE,12,70
12632,1.10130994107812,TRUE,233,110
12633,0.00546102508559725,TRUE,380,675
12634,0.488797057645407,FALSE,691,691
12635,-0.337907395895035,TRUE,950,308
12636,1.43359658143532,FALSE,893,893
12637,-1.39014434853987,FALSE,803,803
12638,1.11023928977076,TRUE,737,911
12639,2.09038488059711,FALSE,386,386
12640,0.771070740608785,FALSE,494,494
12641,-0.180583910689635,FALSE,885,885
12642,-0.379356771700465,TRUE,202,166
12643,-0.163581886605107,FALSE,8,8
12644,0.0795826527185117,FALSE,349,349
12645,0.377531007262679,FALSE,654,654
12646,1.58085031004863,TRUE,575,168
12647,0.409114683701565,FALSE,825,825
12648,0.296343371325752,FALSE,625,625
12649,0.436672843136606,FALSE,459,459
12650,1.24522912992202,TRUE,396,975
12651,1.1399515648827,FALSE,15,15
12652,-0.568215806112446,FALSE,756,756
12653,0.116019103833036,FALSE,728,728
12654,-0.278618513041039,TRUE,30,622
12655,-0.771949248441266,TRUE,236,847
12656,-0.454758752994852,FALSE,285,285
12657,0.0627009825883551,FALSE,435,435
12658,-1.75962930701084,FALSE,170,170
12659,0.113144177978698,FALSE,434,434
12660,-1.74466081688041,FALSE,629,629
12661,-0.00571124448057672,TRUE,112,257
12662,-0.719228647756081,TRUE,897,707
12663,-0.624166459634448,FALSE,602,602
12664,-0.765841827840974,FALSE,96,96
12665,-0.859475195721393,TRUE,781,332
12666,0.955607724906105,FALSE,34,34
12667,-0.463765500282963,TRUE,72,823
12668,0.0514518631350536,FALSE,828,828
12669,0.990747997860366,FALSE,817,817
12670,0.167566706886692,FALSE,204,204
12671,0.0960374245908292,FALSE,446,446
12672,-1.05706851808391,FALSE,401,401
12673,0.765747957612312,FALSE,765,765
12674,1.37347731842169,FALSE,81,81
12675,0.504127721544879,FALSE,732,732
12676,-0.402609834539998,FALSE,918,918
12677,0.707128620191003,FALSE,420,420
12678,-2.5456574237759,FALSE,755,755
12679,-0.648837511211769,FALSE,570,570
12680,0.0789334190805224,TRUE,981,484
12681,2.07019019909212,FALSE,577,577
12682,-1.15574481586887,FALSE,556,556
12683,-0.729721481446873,TRUE,319,66
12684,-0.507511419855573,FALSE,198,198
12685,-0.497393391695976,FALSE,916,916
12686,0.223981752938083,FALSE,994,994
12687,0.411686901648379,FALSE,760,760
12688,-0.517257324958655,FALSE,383,383
12689,0.0988315757533838,FALSE,682,682
12690,0.114195420708222,TRUE,793,985
12691,-0.980424274609714,FALSE,127,127
12692,-1.43607841428819,TRUE,921,20
12693,0.224297285030193,FALSE,636,636
12694,-0.108354136137966,TRUE,370,44
12695,-0.125879802209296,FALSE,577,577
12696,1.60344334398016,TRUE,200,406
12697,1.0214210308409,FALSE,938,938
12698,0.489050723693276,FALSE,794,794
12699,-1.40382184743839,FALSE,349,349
12700,-0.95476401597327,TRUE,257,88
12701,1.45660366192456,FALSE,244,244
12702,1.26196714742037,FALSE,765,765
12703,-1.50882543955635,FALSE,615,615
12704,0.82753464529632,FALSE,652,652
12705,-0.807882998876682,TRUE,62,913
12706,1.52631848417153,FALSE,877,877
12707,-0.150446762773506,TRUE,136,805
12708,0.518924257233902,TRUE,577,502
12709,1.35083162860961,FALSE,282,282
12710,1.14463658791934,TRUE,202,111
12711,-0.0837748980418391,FALSE,707,707
12712,1.17595739804752,FALSE,294,294
12713,-0.635155442268737,FALSE,980,980
12714,0.311234498741318,FALSE,55,55
12715,-0.542745942827856,TRUE,959,813
12716,0.403799278736178,FALSE,937,937
12717,-1.31737638043248,FALSE,314,314
12718,0.598355214359557,TRUE,390,409
12719,1.23801370075047,TRUE,210,340
12720,1.27814891989824,TRUE,458,825
12721,-0.134163849173458,FALSE,924,924
12722,2.35986623069626,FALSE,318,318
12723,-0.565393629886806,FALSE,718,718
12724,0.343093784412856,FALSE,453,453
12725,-1.32304894460773,FALSE,991,991
12726,0.363631734760087,TRUE,329,593
12727,0.251295835459898,FALSE,885,885
12728,-1.47248607830501,FALSE,981,981
12729,0.0387935235415553,TRUE,44,412
12730,0.319269277373277,FALSE,678,678
12731,0.492448885902941,FALSE,328,328
12732,0.196957164006102,TRUE,237,656
12733,-0.728699814078242,FALSE,40,40
12734,-1.3713024830817,FALSE,865,865
12735,1.47797309505065,FALSE,944,944
12736,-0.317995657772192,TRUE,318,295
12737,1.23964115986045,FALSE,788,788
12738,-1.99285916128155,FALSE,826,826
12739,2.02097745537357,TRUE,67,180
12740,-1.07805222691592,TRUE,12,226
12741,-0.277328503053143,FALSE,856,856
12742,0.801512953813225,TRUE,562,380
12743,0.253281664142214,FALSE,917,917
12744,-0.720383188951653,FALSE,219,219
12745,-2.35841529852654,FALSE,270,270
12746,0.040607558483195,FALSE,437,437
12747,-0.8839613295211,TRUE,624,491
12748,-2.9657185898159,TRUE,970,305
12749,-0.4090414740652,FALSE,305,305
12750,0.408056088067469,TRUE,239,774
12751,-0.637596572033545,FALSE,440,440
12752,-0.0282480482031304,FALSE,239,239
12753,0.393716023999008,TRUE,633,765
12754,-1.75540588354937,TRUE,646,58
12755,1.26188369101427,FALSE,227,227
12756,-0.0757767364330347,TRUE,579,566
12757,2.78944322022268,FALSE,809,809
12758,1.23387276485911,FALSE,611,611
12759,1.83935136093132,FALSE,839,839
12760,-0.294464864357709,FALSE,21,21
12761,-0.567243705522694,FALSE,873,873
12762,0.440973573348988,FALSE,451,451
12763,0.198768336501073,FALSE,261,261
12764,-1.43703629290611,FALSE,474,474
12765,0.923776580562528,FALSE,804,804
12766,0.59609627959775,TRUE,906,894
12767,0.379804686539844,FALSE,447,447
12768,-0.0314403789918698,TRUE,418,179
12769,-0.697995839763524,FALSE,175,175
12770,-0.939915597409738,FALSE,338,338
12771,-0.961914896599376,FALSE,695,695
12772,-2.35488585844651,FALSE,835,835
12773,1.9186951504925,FALSE,491,491
12774,1.06182828120605,FALSE,441,441
12775,-0.953332482549991,FALSE,749,749
12776,-0.126222494837503,TRUE,465,265
12777,-0.29861457798324,FALSE,80,80
12778,-0.26094161391976,FALSE,926,926
12779,-0.227863839282363,FALSE,873,873
12780,0.687742189190782,FALSE,901,901
12781,-0.161203683918347,TRUE,166,316
12782,0.278517210097632,FALSE,214,214
12783,0.740872100970869,FALSE,44,44
12784,0.467529996975401,FALSE,167,167
12785,-0.1186862918386,FALSE,160,160
12786,0.406052776370243,FALSE,210,210
12787,-2.3921645734745,TRUE,977,359
12788,-0.505326282273176,FALSE,681,681
12789,1.48747780944964,FALSE,624,624
12790,0.309696975734833,FALSE,957,957
12791,1.44297304997456,TRUE,17,374
12792,-0.326138074675164,FALSE,596,596
12793,-1.0136404825199,FALSE,360,360
12794,-0.941078979966413,FALSE,14,14
12795,0.0496497433020877,FALSE,688,688
12796,-1.31833005026384,FALSE,213,213
12797,1.19764494436533,FALSE,975,975
12798,0.271441100243064,FALSE,979,979
12799,-0.335284761747492,FALSE,381,381
12800,1.2544093431643,TRUE,944,411
12801,0.240993548982543,TRUE,155,583
12802,-0.297543067105499,FALSE,947,947
12803,-1.72572551362349,TRUE,160,47
12804,-1.38367316890516,FALSE,673,673
12805,-0.518510483849649,FALSE,915,915
12806,-0.43930092720356,FALSE,733,733
12807,0.238973288103992,TRUE,706,30
12808,-1.26325239845917,FALSE,392,392
12809,-1.67902012270426,FALSE,706,706
12810,-0.708645891345727,FALSE,565,565
12811,1.42084464014029,FALSE,611,611
12812,-0.699187406577556,TRUE,834,84
12813,0.182709845095956,TRUE,857,423
12814,-0.0941646022647608,TRUE,620,32
12815,-0.688660178650385,FALSE,317,317
12816,-1.01715981588409,FALSE,698,698
12817,-0.694670372471697,TRUE,179,479
12818,-1.14553949100393,FALSE,314,314
12819,0.858818853523449,FALSE,286,286
12820,-0.0178144374134341,FALSE,178,178
12821,0.145307430955974,TRUE,628,512
12822,-0.0753706569331759,FALSE,882,882
12823,-0.234553123933625,FALSE,244,244
12824,0.191711414782532,FALSE,363,363
12825,0.0816452991029548,TRUE,63,561
12826,-0.41436962255936,FALSE,168,168
12827,1.20119567677691,FALSE,184,184
12828,1.02092204406994,TRUE,934,894
12829,-0.306038909045788,FALSE,907,907
12830,0.0214588031156312,TRUE,650,464
12831,-0.0328439276513474,FALSE,229,229
12832,0.463346103356993,FALSE,111,111
12833,1.04825782393139,FALSE,630,630
12834,-1.10103863530637,TRUE,961,202
12835,-0.305512402232615,FALSE,440,440
12836,-1.45960605026074,FALSE,649,649
12837,-0.475540772322962,FALSE,585,585
12838,0.29658655805866,FALSE,184,184
12839,-0.235784716520134,FALSE,81,81
12840,-0.951813189660791,TRUE,977,354
12841,-0.00772379233213613,FALSE,574,574
12842,-0.513202141214347,FALSE,415,415
12843,-0.126587040398756,FALSE,454,454
12844,-0.37437482284549,FALSE,182,182
12845,-0.658521303336464,TRUE,307,598
12846,1.22032024177743,FALSE,404,404
12847,-2.08525634531991,FALSE,823,823
12848,-0.0245956551918814,TRUE,441,677
12849,0.358137795453747,FALSE,162,162
12850,-0.429065235895232,FALSE,269,269
12851,-0.136459201803494,TRUE,489,980
12852,0.0336505321628274,TRUE,728,839
12853,0.0887762332515705,TRUE,835,572
12854,-0.0165266533390564,FALSE,544,544
12855,-1.4684593679377,TRUE,597,943
12856,1.80838663324564,TRUE,518,431
12857,0.159795332431695,FALSE,877,877
12858,-0.34957277046491,FALSE,293,293
12859,-1.00124424195225,FALSE,781,781
12860,0.931142983546169,FALSE,217,217
12861,0.192429289375088,FALSE,240,240
12862,0.490655927835181,FALSE,496,496
12863,0.292267638703789,FALSE,678,678
12864,1.01843228641258,TRUE,417,613
12865,0.470395837624842,FALSE,300,300
12866,-0.0240766613694158,FALSE,708,708
12867,-0.0553027309159831,TRUE,235,92
12868,0.777568710980952,TRUE,218,638
12869,0.202309018133026,FALSE,468,468
12870,-0.435432872944953,FALSE,316,316
12871,0.694581969748361,FALSE,155,155
12872,-0.363310866958545,TRUE,534,73
12873,-1.37768490583107,FALSE,652,652
12874,2.22296589056049,TRUE,198,936
12875,-0.20884932894668,FALSE,617,617
12876,-0.34044823216018,FALSE,386,386
12877,1.87615437992782,TRUE,272,553
12878,1.57733179143023,FALSE,828,828
12879,-1.87932580182162,TRUE,536,760
12880,-0.247085870734137,FALSE,759,759
12881,-2.34112951857508,FALSE,417,417
12882,-0.576744564497246,FALSE,297,297
12883,-0.191491544793446,FALSE,664,664
12884,-0.209666773844512,TRUE,481,796
12885,-1.2990625137291,TRUE,569,487
12886,-0.442782324820863,FALSE,79,79
12887,-0.178329290182591,TRUE,809,80
12888,-0.957347941645611,TRUE,323,476
12889,-0.263473306300618,FALSE,753,753
12890,-1.16341175913754,FALSE,283,283
12891,-2.78712875824832,TRUE,907,987
12892,-0.133775219900761,FALSE,17,17
12893,-0.161518153475487,FALSE,291,291
12894,-1.57435230509629,FALSE,366,366
12895,0.520209696076609,FALSE,533,533
12896,0.999996058146212,FALSE,230,230
12897,0.221678411008498,FALSE,927,927
12898,0.340737773372372,TRUE,183,487
12899,-0.11847162733664,FALSE,106,106
12900,-0.288406576156098,FALSE,401,401
12901,0.457482090366394,FALSE,537,537
12902,-0.565902634258149,FALSE,291,291
12903,0.821732090816313,TRUE,835,480
12904,-0.316586001704371,FALSE,15,15
12905,0.660503534097658,FALSE,142,142
12906,2.09589303162018,TRUE,746,468
12907,0.00371514351001284,FALSE,820,820
12908,-0.669403893292739,FALSE,667,667
12909,0.968898946917788,FALSE,351,351
12910,-0.511503901290451,TRUE,730,754
12911,0.641846096680094,TRUE,594,944
12912,-0.536100539203618,FALSE,298,298
12913,0.0137257108518989,FALSE,414,414
12914,0.188534955015981,FALSE,154,154
12915,-0.381462071982128,FALSE,185,185
12916,1.74027557015569,TRUE,858,429
12917,-0.308042097518185,FALSE,85,85
12918,-0.00266626991209013,FALSE,63,63
12919,0.679343468111705,FALSE,918,918
12920,0.70904735680558,FALSE,818,818
12921,0.133388791091669,FALSE,182,182
12922,-0.140668994613043,FALSE,620,620
12923,1.01490104979486,FALSE,135,135
12924,0.349409141564894,FALSE,60,60
12925,0.998466501476161,FALSE,71,71
12926,-0.462254435688721,FALSE,52,52
12927,2.10580729105023,FALSE,990,990
12928,1.63944901726989,FALSE,521,521
12929,-0.923638370588678,FALSE,631,631
12930,-0.310004976687858,FALSE,536,536
12931,-0.725524288995276,TRUE,448,304
12932,1.27963995629297,FALSE,288,288
12933,0.309090332089012,TRUE,638,435
12934,0.18488932840946,TRUE,92,588
12935,-0.771478472171254,FALSE,196,196
12936,1.76581727671695,FALSE,844,844
12937,1.16939699105723,TRUE,982,300
12938,0.419243561448987,FALSE,429,429
12939,1.69721456484334,FALSE,276,276
12940,0.163339503581311,FALSE,659,659
12941,-0.395100847335786,TRUE,740,785
12942,-2.52448920522367,TRUE,315,43
12943,-0.928537605030405,FALSE,435,435
12944,-1.75925077385886,FALSE,457,457
12945,-2.34419533002935,FALSE,428,428
12946,-2.61589114561932,FALSE,511,511
12947,-0.569051635488182,TRUE,230,976
12948,0.348775786164002,FALSE,353,353
12949,-0.888018672393197,TRUE,689,570
12950,0.220390945235588,FALSE,521,521
12951,-1.11545609745279,FALSE,242,242
12952,1.27106212498676,FALSE,419,419
12953,-1.25330424483474,FALSE,813,813
12954,1.09504287273718,TRUE,76,897
12955,-0.222103941422885,FALSE,91,91
12956,-1.2994023883439,FALSE,235,235
12957,0.498382847446822,FALSE,118,118
12958,1.41976096872757,FALSE,308,308
12959,-0.224309271296319,TRUE,300,929
12960,0.576726053740585,FALSE,434,434
12961,-0.000447033653375204,TRUE,686,961
12962,0.224857534349148,FALSE,915,915
12963,-0.299490369170022,TRUE,584,595
12964,-0.479304713787154,TRUE,221,219
12965,-0.870727399079225,FALSE,195,195
12966,0.0549283796922109,TRUE,829,782
12967,-0.91450103640144,FALSE,406,406
12968,0.472308456635559,FALSE,187,187
12969,-0.0746029025117608,FALSE,903,903
12970,-2.17550837577061,FALSE,237,237
12971,-2.99404366238138,FALSE,909,909
12972,-1.80309330455921,FALSE,210,210
12973,-1.21397019719181,TRUE,513,836
12974,-0.559034732474352,FALSE,515,515
12975,0.380007061329318,TRUE,402,586
12976,-1.29290223786372,FALSE,413,413
12977,-2.06485913677683,TRUE,334,184
12978,0.299987722655013,FALSE,888,888
12979,0.191329939238907,TRUE,704,241
12980,-0.770506407397534,FALSE,339,339
12981,0.227956513828151,TRUE,57,622
12982,-0.34755654986475,FALSE,673,673
12983,1.61906756414827,FALSE,608,608
12984,-0.186414614363406,FALSE,414,414
12985,-1.11689718623153,TRUE,669,933
12986,0.846478389659375,TRUE,906,36
12987,0.878604089606388,FALSE,424,424
12988,0.880519347265291,FALSE,848,848
12989,0.779270603208138,FALSE,152,152
12990,-1.38286573052683,FALSE,498,498
12991,0.356057952999586,TRUE,388,994
12992,-1.2069602606565,TRUE,429,47
12993,-0.000929922306602976,FALSE,194,194
12994,0.0171269271136333,TRUE,890,595
12995,-0.0101030007117489,FALSE,293,293
12996,-0.746299776721679,FALSE,404,404
12997,-0.677787062018475,FALSE,365,365
12998,-0.730270983018981,FALSE,132,132
12999,1.20104058063386,FALSE,55,55
13000,-1.41006994015072,FALSE,930,930
13001,-1.72126496974681,FALSE,148,148
13002,0.665444916759445,TRUE,379,198
13003,-0.430806717748039,TRUE,300,110
13004,-0.329038718826338,FALSE,408,408
13005,1.56330946569212,FALSE,707,707
13006,-2.59587353465405,FALSE,124,124
13007,-0.942469684661196,FALSE,407,407
13008,-0.0516215156808825,FALSE,58,58
13009,0.638954546096488,TRUE,421,111
13010,1.02914233944032,FALSE,661,661
13011,1.38098237920341,FALSE,213,213
13012,0.253639998558237,FALSE,834,834
13013,0.564873924689296,FALSE,599,599
13014,0.567841189726443,FALSE,936,936
13015,1.2830282417643,FALSE,9,9
13016,0.147752798538407,FALSE,724,724
13017,0.524539167207897,FALSE,953,953
13018,0.019613450294547,TRUE,80,984
13019,0.585404404617625,FALSE,473,473
13020,0.985036967135535,FALSE,865,865
13021,-0.00369233694602668,TRUE,855,388
13022,-0.581377376699713,FALSE,872,872
13023,-1.08314229565257,TRUE,292,775
13024,-1.25845266090089,TRUE,899,705
13025,-1.12422706500934,FALSE,726,726
13026,-0.0252494236623436,TRUE,782,11
13027,-1.26250490693325,FALSE,77,77
13028,-2.86655913310991,TRUE,37,871
13029,1.64359894708529,FALSE,438,438
13030,1.08262743599625,FALSE,296,296
13031,0.0072528482881149,TRUE,392,952
13032,0.325580279469279,FALSE,543,543
13033,0.0820095708402532,TRUE,90,147
13034,0.300555920795019,FALSE,278,278
13035,-0.204049551447405,FALSE,768,768
13036,0.701710573925252,FALSE,122,122
13037,0.669385076281828,FALSE,660,660
13038,2.01740948686677,FALSE,773,773
13039,0.736558777134564,FALSE,989,989
13040,2.34695802482338,TRUE,30,593
13041,0.843500091497801,FALSE,733,733
13042,1.7177083947929,FALSE,921,921
13043,0.470769583351359,TRUE,623,977
13044,0.104437505876076,FALSE,48,48
13045,0.40361974347412,FALSE,920,920
13046,1.49524386208464,FALSE,579,579
13047,0.5512903660687,TRUE,871,4
13048,0.835632439414148,FALSE,571,571
13049,-2.0727006495852,FALSE,238,238
13050,-0.292728268160846,FALSE,807,807
13051,0.376835555663793,FALSE,121,121
13052,-0.304660935718406,TRUE,759,471
13053,0.301981691146168,FALSE,732,732
13054,1.03783740459173,FALSE,746,746
13055,0.769629970804908,TRUE,533,790
13056,0.044934095019962,TRUE,786,66
13057,0.788201532984276,FALSE,503,503
13058,0.0658996768452389,FALSE,623,623
13059,1.42741392801265,TRUE,663,965
13060,-1.11174421751041,FALSE,455,455
13061,2.13902318000637,FALSE,914,914
13062,-1.54824442307181,FALSE,300,300
13063,-0.645310638963772,FALSE,541,541
13064,0.46004167412138,TRUE,616,566
13065,2.02543215368023,TRUE,896,918
13066,-0.268546251111179,FALSE,694,694
13067,0.554412753210808,FALSE,48,48
13068,-0.599149934172802,FALSE,246,246
13069,1.20164212534577,FALSE,599,599
13070,-1.41034364990337,FALSE,394,394
13071,0.547697462597947,FALSE,498,498
13072,1.43291020650724,FALSE,757,757
13073,1.0193748897205,FALSE,266,266
13074,0.957926211044232,FALSE,173,173
13075,0.229928325104731,FALSE,21,21
13076,-0.944042620601678,FALSE,56,56
13077,1.37120409271794,FALSE,761,761
13078,-0.775329184092653,FALSE,174,174
13079,0.868837986808641,FALSE,227,227
13080,-0.740248021330466,TRUE,987,64
13081,-0.11888473095991,FALSE,545,545
13082,-0.686759528307539,FALSE,931,931
13083,-1.72649850065971,FALSE,717,717
13084,0.264165383122802,FALSE,976,976
13085,1.04156834315024,FALSE,874,874
13086,0.416865434831267,TRUE,414,791
13087,0.349181825759086,FALSE,424,424
13088,-0.690849258443054,TRUE,729,595
13089,1.68450296598381,FALSE,393,393
13090,-0.795636332914339,TRUE,266,261
13091,1.22048946241452,TRUE,593,886
13092,1.63892420584895,FALSE,518,518
13093,0.986604898013112,FALSE,839,839
13094,-1.59383507318635,FALSE,859,859
13095,-0.0435475454763422,TRUE,729,994
13096,-0.0440242085841349,TRUE,852,825
13097,1.32013023310694,FALSE,605,605
13098,-0.648599975193391,FALSE,592,592
13099,0.334219982367116,TRUE,865,524
13100,-0.0232679028027737,FALSE,512,512
13101,-0.00775104684411276,FALSE,813,813
13102,0.227802583206337,FALSE,365,365
13103,0.121944799543636,FALSE,918,918
13104,0.844952865613576,FALSE,759,759
13105,-0.511140776082115,FALSE,767,767
13106,1.96504615591388,FALSE,973,973
13107,1.22831274644518,TRUE,151,918
13108,0.0102523743472154,FALSE,211,211
13109,-0.984652590870509,FALSE,591,591
13110,-0.0273667337395839,TRUE,297,437
13111,0.0367327201710248,FALSE,176,176
13112,0.493216987626224,FALSE,822,822
13113,-0.058297944192972,FALSE,942,942
13114,-1.26459201408914,FALSE,926,926
13115,1.63762598049329,FALSE,44,44
13116,-0.656443155658582,FALSE,215,215
13117,-0.944316060815934,FALSE,640,640
13118,-1.97350578833825,FALSE,883,883
13119,-1.44398474281741,FALSE,358,358
13120,-1.15864410162267,FALSE,343,343
13121,-0.137120379074442,TRUE,298,648
13122,1.45496494595767,TRUE,670,762
13123,-0.178989918933815,FALSE,658,658
13124,0.330591716135941,FALSE,413,413
13125,-0.0612293253305394,FALSE,334,334
13126,1.84457333749385,TRUE,830,547
13127,0.152831914973808,FALSE,601,601
13128,0.543457335394647,TRUE,348,40
13129,0.142974938197127,FALSE,11,11
13130,-1.02630258147187,FALSE,783,783
13131,0.113182259398429,FALSE,13,13
13132,-0.437452692285724,FALSE,623,623
13133,1.35604928096409,TRUE,945,986
13134,-0.75509888841885,FALSE,347,347
13135,0.105578700735197,TRUE,457,151
13136,0.687726316905538,FALSE,671,671
13137,0.320639110452008,FALSE,185,185
13138,-0.52658124591443,FALSE,547,547
13139,-0.378104044566584,FALSE,200,200
13140,1.16534521499795,FALSE,390,390
13141,-0.469389880439333,FALSE,399,399
13142,0.464026375508383,FALSE,501,501
13143,0.984106216133436,FALSE,753,753
13144,0.347282301663732,FALSE,477,477
13145,-1.62598443068622,FALSE,145,145
13146,0.82140716250357,FALSE,635,635
13147,1.62363672948815,TRUE,787,191
13148,0.369118124304887,FALSE,18,18
13149,0.247271936483962,FALSE,448,448
13150,0.543087857287703,FALSE,320,320
13151,-1.20341202081043,TRUE,540,737
13152,-0.176280371894972,TRUE,507,365
13153,-0.478750179503763,FALSE,558,558
13154,1.85985278112782,FALSE,918,918
13155,1.4066646694979,TRUE,563,987
13156,0.853349157147973,FALSE,13,13
13157,-0.491144635946094,FALSE,325,325
13158,0.548380419645791,FALSE,921,921
13159,-1.61489769337309,FALSE,670,670
13160,0.969196590526607,FALSE,164,164
13161,0.571934537645872,FALSE,311,311
13162,0.497771765122688,FALSE,236,236
13163,-0.155683630244289,TRUE,350,584
13164,0.971707389959617,TRUE,874,689
13165,1.67701575892126,FALSE,249,249
13166,-1.65269096788232,FALSE,564,564
13167,0.257921169829115,FALSE,362,362
13168,0.578158458233626,FALSE,961,961
13169,-1.09564830527882,FALSE,339,339
13170,1.00313866284181,FALSE,877,877
13171,1.60372035755801,FALSE,747,747
13172,1.49792604712809,FALSE,113,113
13173,0.38934439661679,FALSE,481,481
13174,1.71641222008591,FALSE,390,390
13175,0.404116634315717,TRUE,283,360
13176,-0.262456804656575,TRUE,258,159
13177,-0.226864143815612,FALSE,619,619
13178,0.744557747719392,FALSE,846,846
13179,1.0631151316836,FALSE,140,140
13180,-1.05296772261342,FALSE,423,423
13181,0.432898430501191,TRUE,187,788
13182,-0.478842276831122,TRUE,264,64
13183,0.296207611202149,FALSE,37,37
13184,-0.923399800386908,FALSE,894,894
13185,-0.767368524570492,FALSE,91,91
13186,0.0500595402593795,FALSE,725,725
13187,-1.47467061459527,TRUE,57,546
13188,-0.639063288246927,FALSE,755,755
13189,-3.24451303110391,FALSE,559,559
13190,-0.0989400604541091,TRUE,365,418
13191,1.85492857480466,FALSE,466,466
13192,-1.01907167600168,FALSE,675,675
13193,0.13785012197319,FALSE,221,221
13194,-0.805215705557392,FALSE,102,102
13195,0.476193492888081,FALSE,134,134
13196,0.43983097721264,FALSE,869,869
13197,0.390487667010812,FALSE,712,712
13198,0.214056494431368,FALSE,764,764
13199,0.93693970832593,TRUE,659,263
13200,-1.56519643093305,TRUE,508,905
13201,-0.258445885981439,FALSE,762,762
13202,-0.0936641788148959,FALSE,274,274
13203,-1.46070543645854,FALSE,309,309
13204,0.24710724927751,FALSE,826,826
13205,0.468646963223235,TRUE,974,942
13206,-0.295936555543583,TRUE,463,704
13207,-0.421321553623053,FALSE,583,583
13208,1.70916282707951,FALSE,228,228
13209,1.02271557791236,TRUE,148,14
13210,-1.70750399990292,FALSE,499,499
13211,-0.313374260676139,FALSE,1,1
13212,-0.268352516637233,FALSE,573,573
13213,0.223132079280812,TRUE,154,82
13214,-0.0100497288316784,FALSE,533,533
13215,0.322783718356706,FALSE,615,615
13216,-0.0369070428549324,TRUE,668,702
13217,0.904484327031588,FALSE,555,555
13218,1.11138779285599,FALSE,89,89
13219,-2.22150816666723,FALSE,298,298
13220,1.59327933270122,FALSE,499,499
13221,-0.783800225109422,TRUE,96,268
13222,-2.22109467358583,FALSE,200,200
13223,1.29442350692169,FALSE,539,539
13224,-0.108849499304938,FALSE,441,441
13225,1.39169909984526,FALSE,953,953
13226,-0.355825000808686,FALSE,720,720
13227,1.01065105336552,FALSE,357,357
13228,-1.75520326580382,FALSE,454,454
13229,0.557000699892017,FALSE,851,851
13230,-1.19117737752132,FALSE,378,378
13231,0.956621191285795,FALSE,84,84
13232,-0.173556508416155,FALSE,420,420
13233,0.575262820860214,FALSE,398,398
13234,0.0888444406814634,FALSE,966,966
13235,-1.25782067280473,FALSE,74,74
13236,0.187681942721613,FALSE,654,654
13237,0.182371631960053,FALSE,702,702
13238,-1.04058060816108,FALSE,970,970
13239,-0.407180922379968,FALSE,25,25
13240,0.0780058754148295,FALSE,966,966
13241,2.80110367668117,TRUE,697,576
13242,-0.16004455032493,FALSE,232,232
13243,-1.65619622034796,TRUE,520,424
13244,0.0642497815183808,FALSE,828,828
13245,-0.235421158239893,FALSE,546,546
13246,-0.483447612747935,FALSE,585,585
13247,0.716512433092761,TRUE,785,256
13248,0.347566106767377,FALSE,748,748
13249,0.233658698566,FALSE,202,202
13250,0.745561478967222,FALSE,436,436
13251,-0.522171604226191,FALSE,114,114
13252,0.23787912398364,FALSE,691,691
13253,1.74896944696999,FALSE,157,157
13254,0.46694408109582,FALSE,87,87
13255,-2.03220129098533,FALSE,84,84
13256,0.76537901402111,TRUE,765,854
13257,-1.92683514040522,FALSE,978,978
13258,-1.86099611990119,FALSE,945,945
13259,-0.482406902070667,FALSE,402,402
13260,1.15328467192036,TRUE,829,189
13261,-0.159908148318938,TRUE,891,210
13262,0.0989509864600506,FALSE,783,783
13263,-0.635535354924468,FALSE,276,276
13264,-0.765868046252209,FALSE,828,828
13265,1.32188881414549,FALSE,296,296
13266,-0.656150402770512,FALSE,383,383
13267,-0.221229788482074,FALSE,306,306
13268,-1.26244491582055,TRUE,745,572
13269,0.0821574370875093,FALSE,362,362
13270,-0.150389467876972,TRUE,775,674
13271,1.02269946197322,FALSE,831,831
13272,-1.27602278508208,FALSE,325,325
13273,-0.772860142544066,FALSE,726,726
13274,1.0016943898274,TRUE,106,551
13275,-0.996167098057085,FALSE,303,303
13276,0.390403233445881,FALSE,871,871
13277,1.03754348686749,FALSE,942,942
13278,0.792310600577029,FALSE,447,447
13279,-2.15520971922013,FALSE,473,473
13280,1.36408984781559,FALSE,85,85
13281,-1.37632675134927,FALSE,252,252
13282,1.08435240240787,TRUE,258,693
13283,0.989101251548765,TRUE,136,150
13284,-1.63320895872862,FALSE,999,999
13285,-0.335482888703871,FALSE,464,464
13286,0.784607820579407,TRUE,645,56
13287,-1.58989034194039,FALSE,965,965
13288,-0.246405904378423,TRUE,538,323
13289,-1.0955976600039,FALSE,150,150
13290,1.85659168994658,TRUE,658,873
13291,0.578434671868046,TRUE,280,510
13292,1.48880686519094,TRUE,554,698
13293,-0.685783514134596,FALSE,739,739
13294,2.52661827034976,FALSE,974,974
13295,-0.757837385705272,FALSE,842,842
13296,0.853978516543677,TRUE,788,599
13297,-0.551458064444848,FALSE,801,801
13298,-1.65024014858974,FALSE,948,948
13299,1.41499288060497,TRUE,246,921
13300,-0.32925944587728,FALSE,232,232
13301,-0.767874868314025,FALSE,354,354
13302,-0.0915910887172496,FALSE,62,62
13303,-0.624788373470561,FALSE,436,436
13304,0.530220011580549,TRUE,59,905
13305,1.65648911963067,FALSE,263,263
13306,-1.24521012033969,FALSE,319,319
13307,-1.61668059415878,FALSE,751,751
13308,0.163973688231991,TRUE,903,670
13309,0.454986348407608,TRUE,274,802
13310,-0.393270060254165,FALSE,609,609
13311,-0.821902759213076,FALSE,252,252
13312,0.37138568016561,FALSE,783,783
13313,0.781040626342232,FALSE,349,349
13314,-0.687095852793583,FALSE,546,546
13315,-1.03107948763825,TRUE,895,205
13316,0.593786139205081,TRUE,394,92
13317,-0.681838969710806,FALSE,477,477
13318,0.175564396274469,FALSE,404,404
13319,0.400491110972987,FALSE,726,726
13320,0.493459227949538,FALSE,385,385
13321,-0.458808376342663,FALSE,110,110
13322,-0.110752663025387,TRUE,897,807
13323,-0.591786716859995,FALSE,417,417
13324,-1.42527871162682,TRUE,719,235
13325,-0.564951327926288,TRUE,927,883
13326,0.926179623973766,FALSE,587,587
13327,0.244244883969543,FALSE,910,910
13328,-0.268125757604161,FALSE,802,802
13329,-0.0925834918524196,FALSE,267,267
13330,1.3048237094693,FALSE,694,694
13331,1.66156535743331,FALSE,475,475
13332,0.186739370812401,FALSE,610,610
13333,-0.267899700363426,TRUE,638,901
13334,1.47844168280603,FALSE,949,949
13335,-0.486525918308516,FALSE,767,767
13336,0.142178835191298,FALSE,475,475
13337,-0.686039558778665,FALSE,341,341
13338,-1.01117664648801,FALSE,301,301
13339,-1.12027442865218,FALSE,16,16
13340,0.694260130087873,FALSE,292,292
13341,0.489793379612867,FALSE,429,429
13342,-0.834725485678905,TRUE,82,747
13343,-0.694795392211346,FALSE,793,793
13344,0.576585634063538,FALSE,349,349
13345,-0.296650328109066,FALSE,234,234
13346,-0.304469144046669,FALSE,14,14
13347,0.653392690198042,TRUE,606,336
13348,0.0579304641765293,TRUE,901,405
13349,0.63115695196519,TRUE,609,528
13350,-1.43326531993459,TRUE,939,973
13351,0.296414729185797,TRUE,976,501
13352,0.363613448033466,FALSE,190,190
13353,0.62166741790436,TRUE,953,13
13354,-0.285126694917454,TRUE,876,240
13355,1.92864250423474,FALSE,667,667
13356,1.4947621022955,FALSE,134,134
13357,-0.356582900340472,FALSE,879,879
13358,-0.628434359427824,TRUE,172,103
13359,1.13793752225978,FALSE,125,125
13360,-0.433491943118345,FALSE,889,889
13361,0.282462699912938,FALSE,249,249
13362,-0.567596392977968,FALSE,719,719
13363,-0.224784893533785,TRUE,863,793
13364,-0.326888585031817,FALSE,841,841
13365,1.09654022464478,FALSE,265,265
13366,-1.58648434764906,FALSE,964,964
13367,-1.23970234412454,FALSE,84,84
13368,0.343846626803787,FALSE,907,907
13369,0.918571481478051,FALSE,37,37
13370,0.0110095913631412,FALSE,404,404
13371,0.287507574867477,FALSE,801,801
13372,1.71575123763093,FALSE,876,876
13373,0.271390832339718,FALSE,179,179
13374,1.36581310420161,TRUE,746,3
13375,-0.879075330921441,FALSE,13,13
13376,0.644634637773963,FALSE,411,411
13377,-1.11354013523703,FALSE,72,72
13378,0.23141099166857,FALSE,101,101
13379,-0.261762347675815,FALSE,238,238
13380,-0.359585355337272,TRUE,769,794
13381,1.01116811369882,FALSE,825,825
13382,-0.0144757323471255,FALSE,166,166
13383,-0.639178619929021,FALSE,902,902
13384,1.99815794534783,FALSE,462,462
13385,2.10382791831822,TRUE,991,581
13386,-0.949212157870943,TRUE,890,936
13387,1.00342391128704,FALSE,845,845
13388,0.765145081461041,FALSE,824,824
13389,0.348905490487017,TRUE,317,191
13390,0.406585886286424,FALSE,694,694
13391,1.17248075808454,TRUE,813,406
13392,1.5152838117267,FALSE,492,492
13393,-1.42237039657894,FALSE,697,697
13394,-0.136107727812848,FALSE,327,327
13395,-0.0470971018139319,FALSE,27,27
13396,1.86894577811214,FALSE,721,721
13397,0.700841259436395,FALSE,867,867
13398,-0.970354771838411,FALSE,839,839
13399,0.604201032153176,TRUE,794,664
13400,-1.75325660852774,FALSE,414,414
13401,0.572419467765244,FALSE,93,93
13402,0.563353981415384,FALSE,701,701
13403,1.81181723279347,FALSE,247,247
13404,-0.0110222688905415,TRUE,308,997
13405,0.635093996497691,FALSE,209,209
13406,0.273015510951818,TRUE,344,55
13407,-0.673189132045193,TRUE,670,902
13408,-0.527575022526903,FALSE,539,539
13409,-1.12985754191188,FALSE,879,879
13410,0.580104721783702,TRUE,676,422
13411,0.255252309686056,TRUE,839,527
13412,-0.77518791414077,FALSE,846,846
13413,-1.10502267103713,TRUE,937,891
13414,-0.861703768533097,FALSE,729,729
13415,-0.421966528122594,FALSE,653,653
13416,-2.35900186440948,TRUE,66,947
13417,0.0264717499476895,FALSE,640,640
13418,0.905004414559343,TRUE,221,600
13419,0.0328784887183902,FALSE,314,314
13420,1.12453357771805,TRUE,573,506
13421,-0.332343918501093,FALSE,868,868
13422,0.146127269800463,FALSE,742,742
13423,-0.633212777332287,FALSE,608,608
13424,-1.72809673837613,FALSE,597,597
13425,0.318769540258446,FALSE,123,123
13426,0.517510386927338,FALSE,227,227
13427,0.373065095225505,TRUE,164,214
13428,-1.3627223830077,TRUE,247,894
13429,-0.615968099141587,FALSE,680,680
13430,-1.04823154828283,FALSE,175,175
13431,-0.768870401358995,TRUE,266,33
13432,-0.227944866871359,FALSE,36,36
13433,-0.687473846711804,FALSE,77,77
13434,0.760748764532834,TRUE,128,552
13435,-0.316127583308891,FALSE,584,584
13436,-0.71438408190365,FALSE,808,808
13437,-0.708403456998085,FALSE,451,451
13438,0.781813803666414,TRUE,799,225
13439,-0.73687208815438,FALSE,256,256
13440,0.110098513060153,FALSE,378,378
13441,0.279088738093676,FALSE,476,476
13442,-0.992450550915932,FALSE,999,999
13443,1.30633808438067,FALSE,525,525
13444,-0.450153164119154,FALSE,68,68
13445,0.592053275849651,FALSE,811,811
13446,-1.83729941069259,FALSE,365,365
13447,-0.807652139422778,FALSE,982,982
13448,1.43851117349902,TRUE,472,73
13449,-0.882164351800004,FALSE,247,247
13450,1.44095921682797,FALSE,823,823
13451,0.193917782132556,FALSE,555,555
13452,-0.479841401462735,FALSE,310,310
13453,-0.0156167183559989,FALSE,503,503
13454,-1.09727487835675,FALSE,253,253
13455,-0.498838553315263,FALSE,491,491
13456,0.978887788873877,FALSE,436,436
13457,-1.05799892141153,TRUE,643,432
13458,0.502102401166272,TRUE,231,189
13459,-0.454303528346146,FALSE,872,872
13460,0.0171859095383888,FALSE,628,628
13461,-0.946351625583891,TRUE,484,935
13462,0.816420407620139,TRUE,540,70
13463,1.04191067805178,FALSE,101,101
13464,0.12028715026157,FALSE,403,403
13465,0.342431001691356,FALSE,437,437
13466,-1.24443752783954,FALSE,477,477
13467,1.48587970996335,FALSE,42,42
13468,0.108765031220982,FALSE,205,205
13469,1.00975233028376,FALSE,277,277
13470,1.79525652780425,TRUE,166,438
13471,-1.219425336508,TRUE,477,862
13472,-1.12813254823831,FALSE,248,248
13473,0.792145144399708,FALSE,12,12
13474,0.909497299053458,TRUE,744,498
13475,-1.21027770452741,FALSE,811,811
13476,-0.114938329810004,FALSE,142,142
13477,0.703869506641927,TRUE,661,983
13478,0.361527678673598,FALSE,763,763
13479,-0.354563374720144,FALSE,87,87
13480,-1.02441878282213,TRUE,501,866
13481,1.84075093242385,FALSE,982,982
13482,-2.44591386731632,FALSE,933,933
13483,-1.21710516699133,FALSE,448,448
13484,0.709114273075273,TRUE,358,457
13485,1.38773244230573,FALSE,166,166
13486,0.71914387834435,FALSE,40,40
13487,0.731668491006726,TRUE,172,904
13488,-0.393697977598548,TRUE,814,962
13489,0.114099114603336,FALSE,630,630
13490,1.81737873407812,FALSE,833,833
13491,1.43866743314808,FALSE,216,216
13492,1.20330617616197,FALSE,548,548
13493,-0.375997006276349,TRUE,659,440
13494,-2.13745068034255,TRUE,83,317
13495,-1.52230476561117,FALSE,731,731
13496,2.02561514902275,FALSE,956,956
13497,-0.423085913263084,FALSE,71,71
13498,-0.179750972886419,FALSE,218,218
13499,0.0628800750859495,FALSE,292,292
13500,-1.15017272913011,FALSE,881,881
13501,-0.137243220949175,FALSE,332,332
13502,-0.419503663412589,TRUE,423,50
13503,0.762509481472903,TRUE,296,757
13504,0.016731941269528,FALSE,791,791
13505,-1.2336868713361,FALSE,851,851
13506,-0.420549395552965,FALSE,107,107
13507,-1.09954335554822,FALSE,902,902
13508,0.912291635547194,FALSE,324,324
13509,-0.124207422912251,FALSE,17,17
13510,0.898576296486571,FALSE,306,306
13511,0.171946144174811,FALSE,562,562
13512,-0.315281085684624,FALSE,705,705
13513,-2.13775960437404,FALSE,83,83
13514,0.732749886571916,FALSE,463,463
13515,0.0493041610045591,TRUE,337,724
13516,-0.18264045414027,FALSE,251,251
13517,-0.253162468569529,TRUE,969,157
13518,0.0627734933641551,FALSE,933,933
13519,0.769563332305791,FALSE,911,911
13520,0.319151005944065,FALSE,359,359
13521,-1.40743099326565,FALSE,422,422
13522,0.398792988064905,FALSE,87,87
13523,0.800758828576303,FALSE,491,491
13524,0.463820474038392,FALSE,262,262
13525,0.936874202446041,TRUE,208,824
13526,-1.82833285194706,TRUE,8,749
13527,-0.109738583832795,FALSE,146,146
13528,0.655686898378199,TRUE,802,385
13529,0.0757122649953796,FALSE,13,13
13530,0.159712240622364,FALSE,131,131
13531,0.610379441043772,TRUE,269,772
13532,0.943562284246043,FALSE,468,468
13533,-0.901209318460694,FALSE,817,817
13534,-0.693771793461413,FALSE,831,831
13535,-0.591898055525648,TRUE,378,121
13536,0.738650016074299,FALSE,225,225
13537,-0.0602241215960477,FALSE,18,18
13538,0.706948117692478,FALSE,678,678
13539,-0.172718823959341,FALSE,190,190
13540,-0.832718394435131,FALSE,347,347
13541,1.69904987437239,FALSE,189,189
13542,1.96189218497303,TRUE,487,515
13543,-0.012157780589487,FALSE,864,864
13544,-1.27534228867444,TRUE,635,373
13545,1.58441603975544,TRUE,499,200
13546,-0.080138101331242,FALSE,685,685
13547,0.476603242612491,TRUE,212,307
13548,-1.47054951416845,FALSE,688,688
13549,1.73189250950808,FALSE,797,797
13550,1.6890614838874,FALSE,296,296
13551,0.169805097703587,FALSE,625,625
13552,-0.596773483892366,TRUE,395,583
13553,-2.20887079124532,FALSE,762,762
13554,-0.380718858499669,FALSE,755,755
13555,0.734802353992525,FALSE,26,26
13556,0.768723667833359,FALSE,37,37
13557,-0.615397264299072,TRUE,341,318
13558,1.6366589556123,FALSE,59,59
13559,0.554927914117904,TRUE,690,986
13560,0.0369511456061343,FALSE,790,790
13561,-0.197382354918815,FALSE,429,429
13562,-0.563612339437077,FALSE,100,100
13563,-0.406202430764528,FALSE,466,466
13564,0.246850477096573,FALSE,792,792
13565,-0.0504969692924145,FALSE,703,703
13566,1.53438764112519,FALSE,852,852
13567,-0.0279114233581441,FALSE,706,706
13568,-0.730314563925114,FALSE,944,944
13569,-1.91635069282009,FALSE,760,760
13570,1.18503271923781,FALSE,224,224
13571,-0.28976143612608,FALSE,544,544
13572,-1.40476237322014,FALSE,849,849
13573,-0.879432674781996,FALSE,708,708
13574,2.54298800883599,FALSE,961,961
13575,-1.28533523310782,FALSE,93,93
13576,0.292203659952852,FALSE,669,669
13577,-1.8426682959356,FALSE,969,969
13578,-0.241022594064045,FALSE,205,205
13579,0.320739359560787,FALSE,986,986
13580,-0.242121325433994,FALSE,289,289
13581,0.00801963812099847,FALSE,759,759
13582,-0.235329215698769,FALSE,698,698
13583,0.917778055444301,TRUE,564,607
13584,-0.0767666559549431,TRUE,527,674
13585,1.61196612412767,FALSE,225,225
13586,0.739729828702797,TRUE,988,625
13587,-0.0986318780144596,TRUE,274,487
13588,1.10282635787543,FALSE,735,735
13589,0.0371571780460954,FALSE,301,301
13590,0.327593448140245,FALSE,731,731
13591,-0.265575948514384,FALSE,835,835
13592,-3.01111522010195,FALSE,362,362
13593,-0.492664942850859,FALSE,537,537
13594,-1.48852903018764,TRUE,7,440
13595,0.0199449401850468,FALSE,542,542
13596,0.133561765924158,TRUE,351,144
13597,0.40795412075066,FALSE,119,119
13598,0.269037940165687,FALSE,960,960
13599,2.2088787715598,TRUE,119,759
13600,0.0228312518226173,FALSE,916,916
13601,0.693324477312238,TRUE,849,926
13602,0.0678358858933361,FALSE,270,270
13603,1.83186846388028,FALSE,991,991
13604,0.73511926606533,FALSE,882,882
13605,1.11729653536888,FALSE,537,537
13606,-2.02088826861195,FALSE,298,298
13607,0.531189734188564,FALSE,530,530
13608,-0.80511444409112,TRUE,416,910
13609,0.919868325296479,FALSE,559,559
13610,-0.147128984537846,FALSE,85,85
13611,0.683649963769939,FALSE,489,489
13612,0.43810233642297,TRUE,266,668
13613,-1.97468177390465,FALSE,743,743
13614,-0.943065360125384,FALSE,221,221
13615,-0.52934049633808,FALSE,40,40
13616,0.815819949827092,FALSE,895,895
13617,-0.369974626790149,FALSE,444,444
13618,-0.191736479242306,FALSE,569,569
13619,0.333348075440105,FALSE,362,362
13620,-0.0830371439744179,FALSE,902,902
13621,-1.12759630480998,FALSE,296,296
13622,1.79036495385344,FALSE,256,256
13623,-0.681261184608709,TRUE,872,651
13624,-0.0513658133591758,FALSE,844,844
13625,-0.452299303482327,FALSE,558,558
13626,-0.722286571270103,FALSE,611,611
13627,-0.574184759711775,FALSE,753,753
13628,-0.214271752179563,TRUE,650,492
13629,-1.1671916417008,TRUE,726,454
13630,1.86611580148952,FALSE,139,139
13631,-0.26378515300468,FALSE,338,338
13632,-1.39333519890394,FALSE,739,739
13633,1.00928583699386,FALSE,369,369
13634,-0.131229006184165,FALSE,85,85
13635,-0.622132598503772,FALSE,586,586
13636,-0.576286009574799,FALSE,791,791
13637,-0.120372271070585,FALSE,423,423
13638,-1.65690685531624,FALSE,945,945
13639,-0.113792616536761,TRUE,203,848
13640,1.91236445192699,TRUE,611,103
13641,-2.19082062386216,FALSE,280,280
13642,0.650234872785155,FALSE,725,725
13643,0.321910696068711,FALSE,691,691
13644,2.61195251871208,FALSE,594,594
13645,-0.560361895744937,FALSE,771,771
13646,-0.472080818153382,TRUE,34,881
13647,-0.240645872463798,FALSE,712,712
13648,-0.11157043472708,FALSE,718,718
13649,-0.752731502463392,FALSE,485,485
13650,0.117280180311934,FALSE,470,470
13651,2.00107004659704,FALSE,273,273
13652,0.345479370829227,FALSE,20,20
13653,0.893642249231753,TRUE,340,926
13654,-0.00824396184554374,FALSE,778,778
13655,1.32686657245959,FALSE,846,846
13656,-0.210451678326362,FALSE,228,228
13657,0.0244180285901029,TRUE,382,858
13658,-0.932872259593833,FALSE,936,936
13659,-0.124323127040787,FALSE,287,287
13660,-0.435922355373505,FALSE,563,563
13661,0.15286525288029,FALSE,103,103
13662,0.623380051324935,FALSE,475,475
13663,0.991843171766217,FALSE,346,346
13664,0.215402789784035,FALSE,258,258
13665,1.85230005438306,FALSE,340,340
13666,0.131104628863639,FALSE,508,508
13667,-0.329040254620163,FALSE,868,868
13668,0.746051976909853,FALSE,475,475
13669,-0.562910846644531,FALSE,214,214
13670,0.173658303097238,TRUE,652,430
13671,-0.254593962871416,FALSE,860,860
13672,-1.16731368151569,FALSE,126,126
13673,0.398107243837378,FALSE,850,850
13674,-0.490022012165855,TRUE,174,815
13675,-0.389142005813999,FALSE,804,804
13676,-0.509227757340361,TRUE,370,284
13677,0.192499955270867,FALSE,477,477
13678,-1.96722435006296,FALSE,651,651
13679,-2.38590839863095,FALSE,14,14
13680,0.793855345897559,TRUE,931,969
13681,1.38421028435647,FALSE,879,879
13682,0.363907357782524,FALSE,897,897
13683,0.260955537098369,FALSE,752,752
13684,0.910255509360465,FALSE,678,678
13685,-1.04343175305092,FALSE,289,289
13686,-0.922231379415496,FALSE,228,228
13687,-0.0600088056181498,FALSE,486,486
13688,1.66255935940255,FALSE,552,552
13689,0.524535083957625,FALSE,713,713
13690,0.856449191821725,TRUE,991,125
13691,2.26848037877614,TRUE,944,294
13692,-1.32408201426139,FALSE,742,742
13693,-0.0888232321939642,FALSE,740,740
13694,-1.93401309217163,FALSE,59,59
13695,-0.590864655350865,FALSE,429,429
13696,-0.869856317224308,TRUE,183,237
13697,0.767962633496084,FALSE,323,323
13698,-0.615860517274851,FALSE,142,142
13699,-0.432033819954957,FALSE,373,373
13700,-0.10873496840893,TRUE,217,298
13701,1.01031014674791,FALSE,198,198
13702,1.66844564593753,FALSE,309,309
13703,-0.365194741714781,TRUE,972,768
13704,0.4887848379094,TRUE,103,610
13705,-1.22941177685305,FALSE,255,255
13706,-1.5234209773267,TRUE,359,562
13707,0.610428344114251,FALSE,827,827
13708,-2.14721053712935,FALSE,840,840
13709,0.731258686742599,FALSE,34,34
13710,0.623655920784555,FALSE,673,673
13711,0.336365703669981,TRUE,109,554
13712,-0.0509386865693303,FALSE,203,203
13713,0.194685378350486,FALSE,502,502
13714,-0.803647810850366,FALSE,715,715
13715,-0.984605784135054,FALSE,915,915
13716,0.739783656366274,FALSE,307,307
13717,-0.0225226036017636,FALSE,786,786
13718,-2.92804931099731,FALSE,346,346
13719,-1.61109613903105,FALSE,731,731
13720,0.91421013004894,FALSE,789,789
13721,-0.00515995843242173,FALSE,208,208
13722,1.56524215218793,FALSE,811,811
13723,-0.618510865886842,FALSE,776,776
13724,1.69892961820385,FALSE,334,334
13725,-0.0518335390804541,FALSE,434,434
13726,-1.42353067065204,FALSE,747,747
13727,-0.382852441308543,FALSE,125,125
13728,-0.603717500121869,FALSE,861,861
13729,-1.78968691645622,FALSE,185,185
13730,-0.099989901727814,TRUE,44,490
13731,1.47439827828477,TRUE,777,913
13732,0.425172166263379,FALSE,153,153
13733,-0.312373828273013,FALSE,351,351
13734,-0.443487999374283,FALSE,715,715
13735,1.17702882101461,FALSE,680,680
13736,0.586360273850079,FALSE,645,645
13737,-0.822812361358817,TRUE,764,868
13738,0.73286399648012,TRUE,38,1
13739,0.668450307603454,FALSE,475,475
13740,-0.681581904310009,FALSE,875,875
13741,-0.158909459982668,FALSE,420,420
13742,0.748823223176291,FALSE,99,99
13743,-1.60215590026068,FALSE,93,93
13744,0.170906658454038,FALSE,17,17
13745,-1.22971520021574,FALSE,429,429
13746,-1.21698243026987,FALSE,680,680
13747,0.687777510965026,FALSE,853,853
13748,-0.395493221554326,FALSE,728,728
13749,0.42555060657397,FALSE,368,368
13750,0.978035101030043,FALSE,731,731
13751,1.19653500084901,TRUE,218,515
13752,-1.43969566290783,FALSE,177,177
13753,-0.684376716111625,TRUE,560,333
13754,-0.781762355196814,FALSE,855,855
13755,-0.312927362946315,FALSE,919,919
13756,1.39735162514283,FALSE,526,526
13757,-0.138621517216762,TRUE,831,133
13758,-1.80175625933663,FALSE,96,96
13759,-0.814936098537302,TRUE,533,573
13760,0.498918563296504,FALSE,512,512
13761,-1.05121321818971,FALSE,166,166
13762,-0.811194586908848,FALSE,403,403
13763,1.53532408211032,FALSE,725,725
13764,-0.955009944055,FALSE,380,380
13765,-0.828046709857882,TRUE,516,415
13766,0.365593417507592,FALSE,410,410
13767,0.952715895024838,FALSE,894,894
13768,-0.238851030044969,FALSE,62,62
13769,0.0449221401744261,TRUE,473,443
13770,1.30458006691834,TRUE,161,473
13771,-0.488929912920058,FALSE,140,140
13772,-0.60787268144767,FALSE,118,118
13773,0.339880960683145,TRUE,667,659
13774,1.38669845996642,FALSE,44,44
13775,-0.859372627411447,FALSE,461,461
13776,1.29373291502453,FALSE,658,658
13777,-0.204893131823156,FALSE,263,263
13778,-0.297439906584115,TRUE,641,980
13779,1.07585934385188,TRUE,632,928
13780,1.34884392270012,FALSE,24,24
13781,-0.943375272589171,FALSE,780,780
13782,-0.779352518935231,TRUE,47,36
13783,-0.278781736973767,FALSE,527,527
13784,-0.983346809093704,FALSE,442,442
13785,-1.07649947405721,FALSE,601,601
13786,0.551162851998328,FALSE,746,746
13787,0.263411260772684,FALSE,698,698
13788,0.0508918444976309,FALSE,544,544
13789,0.0507779399995197,FALSE,103,103
13790,1.29627382251852,TRUE,367,201
13791,0.0560509642654513,FALSE,589,589
13792,0.725841979348706,FALSE,297,297
13793,0.157287920500809,FALSE,710,710
13794,-0.481381081140555,FALSE,174,174
13795,0.360261647313284,FALSE,325,325
13796,1.2736068174618,FALSE,844,844
13797,-0.638670395343081,FALSE,85,85
13798,0.655798660836742,FALSE,820,820
13799,-0.9431392882275,FALSE,19,19
13800,-0.685184984956938,FALSE,312,312
13801,0.228734584689463,FALSE,369,369
13802,0.497823891531962,FALSE,484,484
13803,1.88185132428108,FALSE,290,290
13804,-0.40159315867736,TRUE,198,89
13805,-1.29957958277874,FALSE,852,852
13806,0.625113229882427,FALSE,694,694
13807,-1.43215618059195,FALSE,762,762
13808,-0.319134810048101,FALSE,327,327
13809,0.599951829482513,FALSE,914,914
13810,-0.713279019680579,FALSE,865,865
13811,1.09380019905373,FALSE,768,768
13812,-1.65808110738455,FALSE,837,837
13813,-2.74342015990967,FALSE,362,362
13814,1.77591721533744,TRUE,87,294
13815,0.717353018895609,TRUE,36,1
13816,1.78205906348755,FALSE,430,430
13817,0.407497943417942,FALSE,305,305
13818,-0.00368822511066039,FALSE,769,769
13819,0.35496095121908,FALSE,251,251
13820,-0.681010982578167,TRUE,585,425
13821,1.3725072091264,TRUE,908,583
13822,-0.488821859637853,FALSE,525,525
13823,-0.329490288375254,FALSE,301,301
13824,-0.826736572005956,FALSE,283,283
13825,0.390794277528899,FALSE,29,29
13826,-1.2483145892703,FALSE,222,222
13827,-0.180707106448403,FALSE,742,742
13828,-2.33748544187108,FALSE,137,137
13829,0.249865156951706,FALSE,174,174
13830,0.540546177559171,FALSE,875,875
13831,1.05997463557796,FALSE,837,837
13832,-0.725165075338438,TRUE,881,614
13833,-1.61097713773266,FALSE,280,280
13834,1.67420127648351,FALSE,611,611
13835,-1.74572732811934,FALSE,740,740
13836,1.57479703410615,TRUE,707,627
13837,-1.07126778596292,TRUE,895,171
13838,0.497321834196899,TRUE,124,59
13839,0.076781652579501,FALSE,163,163
13840,-0.109106202999386,TRUE,152,863
13841,-0.872723778516502,FALSE,905,905
13842,-0.657284787379594,TRUE,468,49
13843,-0.690368106181434,FALSE,481,481
13844,0.610917880107465,FALSE,60,60
13845,0.474311151536694,FALSE,78,78
13846,-0.365099789569019,TRUE,338,899
13847,0.252849311858152,TRUE,4,489
13848,0.442233389929621,FALSE,977,977
13849,-0.321179905656441,FALSE,30,30
13850,-0.398435553295776,FALSE,236,236
13851,1.36134489402298,FALSE,115,115
13852,-2.19981927110317,FALSE,937,937
13853,0.224562590221716,TRUE,824,436
13854,1.68005494573229,TRUE,689,64
13855,-0.575170982303646,TRUE,130,657
13856,-0.769479441806948,FALSE,490,490
13857,0.706635317163395,FALSE,804,804
13858,1.08497349757153,TRUE,902,877
13859,-0.724554188561923,FALSE,645,645
13860,1.06937252450041,TRUE,913,694
13861,-1.03519757597892,TRUE,691,366
13862,-0.595191311056911,FALSE,745,745
13863,0.685919336804719,FALSE,608,608
13864,0.685369919113107,FALSE,913,913
13865,0.490891330867727,FALSE,355,355
13866,-0.972087486924428,FALSE,639,639
13867,0.954920700963154,TRUE,367,560
13868,0.36490986671914,TRUE,598,838
13869,1.66923443528563,TRUE,639,565
13870,-0.580962046244088,TRUE,256,903
13871,1.90170510191478,FALSE,253,253
13872,0.123072224846249,FALSE,145,145
13873,2.11780659219975,FALSE,773,773
13874,-0.889498950542973,FALSE,763,763
13875,-0.672663718793396,FALSE,20,20
13876,0.147354258376866,FALSE,904,904
13877,-0.42681994318846,FALSE,90,90
13878,-0.539300297643327,TRUE,163,433
13879,1.47717898665308,TRUE,966,4
13880,-0.901383528908577,FALSE,825,825
13881,1.74971663676762,FALSE,622,622
13882,0.0704861187516574,TRUE,158,766
13883,-0.0604238342708059,FALSE,583,583
13884,-1.20691778220491,FALSE,802,802
13885,0.0911471353297722,FALSE,265,265
13886,-0.808685498617996,TRUE,16,47
13887,2.40734903450742,FALSE,354,354
13888,-0.564895183043426,TRUE,256,731
13889,0.319730698948703,FALSE,182,182
13890,0.0984323915645522,FALSE,241,241
13891,0.514531485237624,FALSE,809,809
13892,-1.10103506453631,FALSE,597,597
13893,-1.59490993749539,TRUE,527,232
13894,1.11721965706339,FALSE,172,172
13895,0.645216626366825,FALSE,834,834
13896,1.74046042660734,FALSE,222,222
13897,0.591868730107581,FALSE,779,779
13898,0.927674864245106,TRUE,821,976
13899,1.64084624724343,FALSE,496,496
13900,0.846529180369874,FALSE,179,179
13901,0.490144731823218,FALSE,101,101
13902,-0.933968901315096,FALSE,523,523
13903,0.144486316436052,FALSE,743,743
13904,0.618287847186791,FALSE,385,385
13905,0.451783958518325,FALSE,575,575
13906,-0.652993536357337,TRUE,824,347
13907,-1.13404286068409,FALSE,465,465
13908,0.697844622323029,TRUE,553,593
13909,-0.0584959984528127,FALSE,568,568
13910,0.127240918921437,FALSE,210,210
13911,0.661925849837448,FALSE,580,580
13912,-0.267027973304196,TRUE,31,439
13913,1.11416124585176,FALSE,582,582
13914,-0.60354190056863,TRUE,436,939
13915,-0.169273074529556,TRUE,283,481
13916,1.66192463835738,FALSE,636,636
13917,0.266312671501715,FALSE,86,86
13918,0.0112766842972473,TRUE,175,795
13919,-0.746560655170731,TRUE,887,332
13920,-1.23716600922986,FALSE,493,493
13921,0.235140039097495,FALSE,737,737
13922,0.218461675964965,FALSE,197,197
13923,1.49980453526117,FALSE,666,666
13924,-0.392170266765949,FALSE,216,216
13925,0.25205565646689,FALSE,620,620
13926,-0.0997062654635902,FALSE,124,124
13927,1.3635737807839,TRUE,481,551
13928,-0.533413890027956,TRUE,524,433
13929,0.401120521844276,FALSE,562,562
13930,1.37918783765618,FALSE,490,490
13931,0.774889032379677,FALSE,500,500
13932,0.773668903930539,FALSE,521,521
13933,-0.374100466647701,TRUE,180,513
13934,0.488560441952891,FALSE,235,235
13935,-1.08351186962715,FALSE,699,699
13936,0.494734461796066,TRUE,939,118
13937,0.389141235091739,FALSE,233,233
13938,0.606392097425656,FALSE,530,530
13939,0.916969080069917,FALSE,878,878
13940,0.878450126232076,FALSE,397,397
13941,1.24229832014071,FALSE,349,349
13942,-0.568748202513967,FALSE,608,608
13943,-0.463532369282528,FALSE,262,262
13944,0.596099080577029,FALSE,322,322
13945,0.858892855270203,TRUE,758,846
13946,-1.13603872149345,FALSE,487,487
13947,-0.123298732953193,FALSE,601,601
13948,-1.27043350084972,FALSE,349,349
13949,-0.0501976964187789,FALSE,296,296
13950,1.07000835626499,FALSE,128,128
13951,-0.0259514273494928,TRUE,19,102
13952,-1.11106043837854,FALSE,647,647
13953,-1.61736416511363,FALSE,760,760
13954,1.99832847774621,FALSE,865,865
13955,-2.02332138493506,FALSE,934,934
13956,-0.693596017793058,FALSE,246,246
13957,-0.63265227122536,FALSE,541,541
13958,-0.251169719544975,TRUE,950,787
13959,0.0278411257827249,FALSE,94,94
13960,-0.457153700482286,FALSE,259,259
13961,0.764543019565487,TRUE,937,579
13962,1.34273868740539,FALSE,446,446
13963,-0.72638527120921,TRUE,196,62
13964,0.714324689752607,FALSE,807,807
13965,-0.0826502604996665,TRUE,44,883
13966,-1.23586786012049,TRUE,453,478
13967,-1.49908932720969,TRUE,317,13
13968,-1.00335885405888,TRUE,682,226
13969,-0.915781232751035,FALSE,600,600
13970,1.78870515010697,TRUE,767,621
13971,-0.825581064502747,FALSE,795,795
13972,-0.642532616773735,FALSE,427,427
13973,1.58409552111207,FALSE,923,923
13974,-1.09118789756743,FALSE,476,476
13975,0.216249291581424,FALSE,54,54
13976,-1.64373005189987,FALSE,495,495
13977,-1.48094681215475,FALSE,232,232
13978,-1.68796526981832,FALSE,451,451
13979,0.138739493291466,FALSE,547,547
13980,-0.389575557137767,FALSE,828,828
13981,0.114195757090117,FALSE,212,212
13982,0.150914484744995,TRUE,827,267
13983,0.662052019726812,TRUE,206,556
13984,-0.505965577303176,FALSE,549,549
13985,2.10848918600289,FALSE,326,326
13986,1.47427938572084,FALSE,29,29
13987,-0.560693103262478,FALSE,315,315
13988,-0.587711112278821,FALSE,658,658
13989,-0.616984290723025,FALSE,305,305
13990,2.5705879397651,FALSE,85,85
13991,-1.92276533637034,FALSE,464,464
13992,0.342014515370014,FALSE,978,978
13993,-1.27577973302916,FALSE,887,887
13994,-1.04285571441084,FALSE,601,601
13995,0.814576628168987,TRUE,790,798
13996,0.983239805463428,FALSE,30,30
13997,-0.344153634425429,TRUE,320,609
13998,0.298648136671311,TRUE,280,941
13999,-0.352205236341743,FALSE,135,135
14000,-0.910061169987262,FALSE,760,760
14001,0.280662667558854,FALSE,631,631
14002,-1.03567039657968,FALSE,225,225
14003,0.273048743671169,TRUE,153,309
14004,0.537798149646025,FALSE,829,829
14005,0.500393176459709,FALSE,286,286
14006,1.87729040437169,TRUE,768,467
14007,-0.546623630763912,FALSE,191,191
14008,0.208316112481015,FALSE,318,318
14009,-0.646145901574887,TRUE,548,725
14010,0.421790236643586,FALSE,820,820
14011,0.0386972905212245,FALSE,114,114
14012,-0.325940455008396,TRUE,110,687
14013,1.92729657309301,TRUE,634,333
14014,-1.28063712697593,TRUE,744,4
14015,-0.849554275308674,TRUE,836,267
14016,-1.04706256042671,TRUE,507,188
14017,2.1004823645706,FALSE,179,179
14018,0.285218528763316,TRUE,461,77
14019,0.791185213924314,FALSE,99,99
14020,0.905671114439797,FALSE,364,364
14021,-0.270472688559692,FALSE,932,932
14022,-0.467239668302704,FALSE,797,797
14023,0.43812721051169,FALSE,45,45
14024,1.27822559707972,TRUE,943,618
14025,-2.50323629842445,FALSE,666,666
14026,1.22948907196532,FALSE,58,58
14027,-0.474453414432279,FALSE,245,245
14028,-0.555631344064607,TRUE,252,395
14029,0.477039442246977,FALSE,677,677
14030,0.690687616145886,TRUE,79,779
14031,1.26976273533114,TRUE,895,705
14032,0.568035925445409,TRUE,858,594
14033,1.25407212188683,FALSE,906,906
14034,0.272941045819971,FALSE,432,432
14035,0.595424748290597,FALSE,714,714
14036,0.426076598912088,TRUE,535,564
14037,-0.895169109661338,FALSE,922,922
14038,-0.578745136630716,TRUE,33,905
14039,0.166338016605717,FALSE,512,512
14040,-1.17233252991978,TRUE,697,197
14041,0.516568511587231,FALSE,749,749
14042,0.558095866122937,FALSE,392,392
14043,0.270929372226913,TRUE,47,869
14044,0.618172710740393,FALSE,9,9
14045,0.593489874966404,FALSE,749,749
14046,-1.16048477197309,FALSE,147,147
14047,0.00490504257020268,TRUE,588,331
14048,0.716705500814478,FALSE,46,46
14049,-0.31350125069516,FALSE,427,427
14050,0.691074181524208,FALSE,36,36
14051,0.364505076090122,FALSE,315,315
14052,-1.58009396248025,FALSE,351,351
14053,0.355531345892466,FALSE,234,234
14054,0.732720806148321,FALSE,867,867
14055,1.28962254363286,FALSE,545,545
14056,-0.779441314055837,FALSE,735,735
14057,-0.0443542792865832,FALSE,351,351
14058,-1.29959043213035,FALSE,703,703
14059,0.472403126456224,FALSE,534,534
14060,0.284593702989546,TRUE,355,951
14061,-0.518753148135604,FALSE,97,97
14062,-0.987537262493674,FALSE,488,488
14063,-0.339068745430957,FALSE,890,890
14064,0.38342412116561,FALSE,138,138
14065,-2.50379064605361,FALSE,814,814
14066,0.966760870775922,FALSE,828,828
14067,0.301678756080508,FALSE,952,952
14068,-0.169647164873557,FALSE,112,112
14069,0.080315128195167,FALSE,460,460
14070,2.58888597604129,FALSE,730,730
14071,-0.501183986749774,FALSE,449,449
14072,-1.84922142733087,FALSE,836,836
14073,-1.36853996254695,FALSE,549,549
14074,0.00218644448266582,FALSE,875,875
14075,0.0690579708181846,FALSE,601,601
14076,-0.95471404109449,FALSE,713,713
14077,0.574706026354052,FALSE,384,384
14078,-0.55464729636458,FALSE,184,184
14079,-0.0554683595434154,FALSE,725,725
14080,0.643963307880633,FALSE,198,198
14081,0.230246015220771,FALSE,729,729
14082,-0.642410642423917,TRUE,520,938
14083,-0.62533599044298,TRUE,429,485
14084,1.66626936535701,FALSE,697,697
14085,-0.545568138481645,TRUE,753,119
14086,1.88907420450771,FALSE,941,941
14087,0.0680306299435917,FALSE,565,565
14088,0.373336253138959,FALSE,893,893
14089,0.836497223187932,FALSE,908,908
14090,0.0550071116009558,TRUE,399,307
14091,-0.327983197136589,FALSE,338,338
14092,1.19396812220619,FALSE,84,84
14093,-1.28656844121288,FALSE,919,919
14094,1.7119202412192,FALSE,565,565
14095,1.26013702718059,FALSE,68,68
14096,1.15677919185007,TRUE,685,298
14097,1.13404417026019,TRUE,910,402
14098,3.10242022045963,FALSE,529,529
14099,-0.713855604655241,FALSE,342,342
14100,1.62376880739268,FALSE,891,891
14101,0.17339996995308,FALSE,735,735
14102,-0.865528840291361,TRUE,759,272
14103,-0.562741851780642,FALSE,481,481
14104,-1.65257532240707,FALSE,875,875
14105,1.07737349478733,TRUE,669,957
14106,1.25022479246183,FALSE,402,402
14107,1.13270000188783,FALSE,340,340
14108,1.96956368633168,FALSE,442,442
14109,-0.114099839966169,FALSE,518,518
14110,0.847838228850406,FALSE,608,608
14111,0.0213745990592464,FALSE,499,499
14112,-0.337628587236425,FALSE,782,782
14113,-0.480274624863652,FALSE,114,114
14114,-1.22183212377007,FALSE,410,410
14115,0.425419507477312,FALSE,396,396
14116,-1.05053730147949,FALSE,714,714
14117,0.493705500835156,FALSE,10,10
14118,-0.0756495332826113,TRUE,20,657
14119,1.15185230746282,TRUE,253,442
14120,0.437170112467879,TRUE,120,674
14121,-1.07543062227256,FALSE,167,167
14122,0.059303318227389,TRUE,284,699
14123,-1.94622705860296,TRUE,871,283
14124,-1.33046101789776,TRUE,533,597
14125,0.886155667673658,FALSE,735,735
14126,1.29114189368693,FALSE,969,969
14127,-0.379579876018103,FALSE,689,689
14128,-0.425424336762656,FALSE,380,380
14129,-0.485545036207481,FALSE,311,311
14130,0.288376625179099,FALSE,514,514
14131,1.74527076151504,TRUE,714,471
14132,-0.969815582206109,FALSE,875,875
14133,2.02258644893144,FALSE,830,830
14134,0.999134951755198,FALSE,792,792
14135,-0.293593945625184,TRUE,666,281
14136,-1.64107752483491,TRUE,754,285
14137,0.352470824398518,FALSE,545,545
14138,1.24422879190932,FALSE,502,502
14139,0.749644475883012,FALSE,376,376
14140,0.765192316974237,FALSE,461,461
14141,-0.866896490213801,FALSE,842,842
14142,-0.967609415942004,FALSE,980,980
14143,1.31786128179691,FALSE,388,388
14144,0.227838158824775,FALSE,878,878
14145,-1.19301236796567,FALSE,894,894
14146,1.0895374090019,TRUE,870,728
14147,-1.57119470817184,FALSE,740,740
14148,0.819835733489886,FALSE,487,487
14149,-1.76436227693913,FALSE,331,331
14150,-0.197299538615478,FALSE,548,548
14151,-1.45921957226743,TRUE,268,602
14152,0.0977491166384465,FALSE,448,448
14153,-0.290874793215406,FALSE,751,751
14154,-1.45453673116377,FALSE,467,467
14155,0.553484045656043,FALSE,235,235
14156,1.90732795680059,FALSE,829,829
14157,-1.70857639441442,FALSE,812,812
14158,-0.631850393223552,FALSE,462,462
14159,-0.795951168008534,FALSE,580,580
14160,0.957366505848016,FALSE,515,515
14161,-0.490221317021396,FALSE,213,213
14162,-1.62762063358151,FALSE,956,956
14163,-0.5441119033821,FALSE,710,710
14164,-1.42136001852301,FALSE,176,176
14165,-0.458895618834756,FALSE,295,295
14166,-0.92131204432081,FALSE,134,134
14167,-0.724342630495832,TRUE,265,665
14168,-0.353847095731316,FALSE,289,289
14169,-0.810837010316146,FALSE,564,564
14170,-1.22391719143303,TRUE,394,312
14171,-0.256015732970581,FALSE,40,40
14172,-0.584878788707543,FALSE,390,390
14173,0.478162114586495,TRUE,735,921
14174,-0.4766255914504,FALSE,938,938
14175,0.288694025931945,TRUE,335,88
14176,-0.375771083388225,FALSE,91,91
14177,-0.273359118876608,FALSE,316,316
14178,0.907855750331855,FALSE,783,783
14179,0.905096157583417,FALSE,700,700
14180,1.2918096299636,TRUE,437,682
14181,-0.856222143821362,TRUE,180,299
14182,-0.341864999481796,TRUE,867,334
14183,0.221474312183808,FALSE,875,875
14184,-0.228437494701221,FALSE,975,975
14185,-0.323504102371267,TRUE,398,412
14186,0.410667578441951,TRUE,60,412
14187,1.20977870572646,FALSE,40,40
14188,1.41076946055692,FALSE,728,728
14189,-1.1895945593453,TRUE,219,654
14190,1.26922566561324,FALSE,548,548
14191,0.888037809688985,TRUE,771,151
14192,1.23501776745474,FALSE,182,182
14193,0.355899112538521,FALSE,247,247
14194,-2.3057703106046,FALSE,474,474
14195,-1.4738253404138,FALSE,155,155
14196,0.964876241847798,TRUE,351,458
14197,-0.468013127020043,FALSE,292,292
14198,1.2589212691049,FALSE,195,195
14199,-0.0183705433576331,FALSE,808,808
14200,-1.18510821222161,FALSE,721,721
14201,-0.0605443730706068,FALSE,591,591
14202,-0.803278675310834,TRUE,547,448
14203,0.224574527121698,FALSE,415,415
14204,-1.30284849932538,FALSE,93,93
14205,0.51171991908019,FALSE,685,685
14206,-0.0507444180062242,FALSE,968,968
14207,0.935182899708775,TRUE,964,556
14208,2.21662646328209,TRUE,872,923
14209,-0.288565603198377,FALSE,521,521
14210,0.803511567336872,FALSE,484,484
14211,0.505504266320098,TRUE,439,624
14212,-2.01516831325981,TRUE,7,398
14213,-1.48326948447139,FALSE,731,731
14214,-0.553013388354226,FALSE,82,82
14215,-0.335734772483729,FALSE,563,563
14216,0.408797797192582,FALSE,742,742
14217,0.0925503339656168,FALSE,454,454
14218,-0.0560534789914384,FALSE,56,56
14219,0.656082777251185,FALSE,879,879
14220,0.721126112790756,TRUE,288,652
14221,-0.551920365938646,FALSE,112,112
14222,-1.00763355051177,TRUE,805,452
14223,-0.349229950948585,FALSE,837,837
14224,-0.653596898566007,FALSE,319,319
14225,-0.955617734150658,FALSE,120,120
14226,-0.157382636347405,TRUE,510,533
14227,-0.288150969836874,FALSE,658,658
14228,0.235865360409615,FALSE,509,509
14229,0.410448021417639,FALSE,278,278
14230,1.77036496084654,FALSE,456,456
14231,1.91639451174246,TRUE,85,220
14232,0.816292429570088,TRUE,925,104
14233,1.15305640524394,FALSE,625,625
14234,-0.818293793696153,FALSE,117,117
14235,-1.92795548275233,TRUE,898,841
14236,1.32710803696873,FALSE,166,166
14237,-0.747826626019449,TRUE,315,322
14238,-0.119222904777031,FALSE,717,717
14239,-0.884372073022732,FALSE,450,450
14240,0.571916881821471,FALSE,648,648
14241,-0.332869580807237,FALSE,146,146
14242,0.0279809086056299,FALSE,356,356
14243,-0.243741509533503,FALSE,445,445
14244,-1.31531260594901,TRUE,881,345
14245,-0.626345638464873,FALSE,697,697
14246,2.4994716852631,FALSE,524,524
14247,0.244028442044174,TRUE,577,336
14248,-0.653606163556059,FALSE,382,382
14249,-0.274843371417944,FALSE,652,652
14250,0.202615104444639,FALSE,567,567
14251,0.286926380379424,TRUE,157,801
14252,0.760842280303709,FALSE,814,814
14253,-1.2895877181296,FALSE,223,223
14254,0.946051393497156,FALSE,146,146
14255,-0.28197316769896,FALSE,618,618
14256,-0.123948511628931,TRUE,353,808
14257,-0.212080500336464,FALSE,148,148
14258,-0.448415836832291,FALSE,218,218
14259,0.496031801247016,FALSE,336,336
14260,-0.200673439486942,FALSE,567,567
14261,0.975749465011085,FALSE,511,511
14262,-0.473357558142335,FALSE,221,221
14263,0.131755443820153,TRUE,351,390
14264,0.0146958050849043,FALSE,518,518
14265,0.352878581040665,FALSE,238,238
14266,0.262672080261767,FALSE,155,155
14267,0.648963447096205,FALSE,225,225
14268,0.648372419071798,FALSE,756,756
14269,-0.23237500343691,FALSE,963,963
14270,-2.66582080171014,FALSE,529,529
14271,0.31253605566754,FALSE,864,864
14272,0.848606003620846,TRUE,928,151
14273,1.01587824877309,TRUE,561,712
14274,0.374022737861695,FALSE,666,666
14275,-0.0574440637034374,TRUE,105,673
14276,0.0435966496535557,FALSE,931,931
14277,-0.549260459015021,FALSE,912,912
14278,-1.70625873052258,FALSE,446,446
14279,-1.32416294004793,FALSE,672,672
14280,0.433909486677667,FALSE,94,94
14281,0.0801058724095755,FALSE,229,229
14282,0.851693666413768,FALSE,156,156
14283,-0.343689640606495,FALSE,896,896
14284,0.11967739673795,FALSE,518,518
14285,-0.493452810235867,TRUE,196,895
14286,-1.25781915262555,FALSE,957,957
14287,1.9302036912588,FALSE,476,476
14288,-0.408231489688576,FALSE,962,962
14289,0.32601851168974,FALSE,394,394
14290,0.356974078327085,FALSE,29,29
14291,1.27467091973167,FALSE,884,884
14292,-0.391549721581057,FALSE,578,578
14293,-0.223412283460396,FALSE,743,743
14294,-0.338708314833932,FALSE,94,94
14295,0.940380879579941,FALSE,293,293
14296,-0.60566793037902,FALSE,430,430
14297,-0.869758524584967,TRUE,366,15
14298,-0.367649971177305,FALSE,774,774
14299,0.545336524211221,FALSE,544,544
14300,0.112542941434063,TRUE,513,191
14301,1.04200934121168,FALSE,799,799
14302,0.0602431347005657,FALSE,130,130
14303,-0.91744822810892,FALSE,675,675
14304,1.10178132149247,FALSE,47,47
14305,0.917422143981852,FALSE,191,191
14306,-1.20292096210137,FALSE,495,495
14307,0.302718751132455,FALSE,599,599
14308,-0.396448482740007,TRUE,400,632
14309,2.5626698746239,TRUE,693,69
14310,-1.24601567329526,FALSE,463,463
14311,-3.34690249303504,FALSE,253,253
14312,0.185103326558195,FALSE,577,577
14313,0.336967656620515,FALSE,912,912
14314,0.266941895055964,FALSE,347,347
14315,-1.20743566346424,TRUE,136,806
14316,-0.635029913805538,TRUE,772,308
14317,0.070662480578013,FALSE,388,388
14318,-0.770245207771318,FALSE,490,490
14319,0.129576798394436,FALSE,186,186
14320,-0.916310501811177,FALSE,974,974
14321,-0.124974491072366,TRUE,992,909
14322,0.0420721937695758,FALSE,832,832
14323,-0.879087891648265,FALSE,152,152
14324,0.538537767737667,FALSE,952,952
14325,-1.07226499626045,FALSE,78,78
14326,1.40339354970799,FALSE,366,366
14327,2.42054097928873,TRUE,975,876
14328,1.59482184831775,FALSE,835,835
14329,1.52157880069127,FALSE,193,193
14330,-0.941886285856214,FALSE,112,112
14331,-0.193914495841223,TRUE,447,862
14332,-2.10591811740539,TRUE,331,696
14333,0.727987349709359,FALSE,827,827
14334,-1.12869582041774,FALSE,905,905
14335,-0.00454057078325528,TRUE,288,793
14336,0.0778441333167673,FALSE,958,958
14337,1.08905987007983,FALSE,140,140
14338,1.97335254392216,TRUE,334,340
14339,0.832789527423472,FALSE,544,544
14340,0.170765663102519,TRUE,504,585
14341,-0.545794909766596,FALSE,758,758
14342,-0.0227149750124776,FALSE,739,739
14343,2.29985144739473,FALSE,870,870
14344,-0.672660614132153,FALSE,672,672
14345,0.0492970154772752,FALSE,440,440
14346,-0.421538423592557,FALSE,800,800
14347,-1.3745016852604,FALSE,442,442
14348,2.61306786020128,TRUE,660,47
14349,-1.26502942363283,FALSE,566,566
14350,1.03735905077595,FALSE,19,19
14351,0.170449807294301,FALSE,937,937
14352,-0.466984774029889,FALSE,409,409
14353,-0.0675717913261895,TRUE,654,83
14354,-0.396280873208068,FALSE,700,700
14355,0.693757505092483,TRUE,202,532
14356,0.0785280076841366,FALSE,880,880
14357,-1.30344778582681,FALSE,535,535
14358,-0.439836567647686,FALSE,924,924
14359,-0.172576487128342,FALSE,438,438
14360,0.505130934650635,TRUE,351,30
14361,0.645715775337096,TRUE,312,90
14362,1.43384890007435,FALSE,300,300
14363,-0.0839929121228295,TRUE,375,582
14364,-0.806791071403346,FALSE,181,181
14365,0.499860450165151,FALSE,768,768
14366,-0.596590446015768,FALSE,388,388
14367,2.10522899029575,TRUE,798,820
14368,-2.18963066942869,FALSE,487,487
14369,-0.429164197187692,FALSE,483,483
14370,-0.993415875394636,FALSE,386,386
14371,0.540332164700897,FALSE,400,400
14372,-1.6567651964565,FALSE,22,22
14373,-0.0619748771264361,TRUE,494,427
14374,-0.200622101408084,FALSE,552,552
14375,-1.18253944419945,FALSE,793,793
14376,-0.614386141795168,FALSE,294,294
14377,1.04344600517671,FALSE,822,822
14378,-0.389626781595716,TRUE,292,380
14379,-0.138972610107862,FALSE,400,400
14380,0.050415859546416,TRUE,653,769
14381,-1.24672909005853,FALSE,683,683
14382,0.475395644199088,FALSE,838,838
14383,-0.325698024117477,FALSE,842,842
14384,2.02417046506377,FALSE,542,542
14385,-0.311173751512228,FALSE,31,31
14386,1.51896828105814,TRUE,992,781
14387,0.756434791827119,FALSE,215,215
14388,-0.0252144483946808,FALSE,905,905
14389,-0.877656465804008,FALSE,413,413
14390,1.50055826834605,FALSE,111,111
14391,-0.887435717824882,FALSE,568,568
14392,1.25326485245321,FALSE,177,177
14393,0.01847673325752,FALSE,778,778
14394,-1.42231028307717,FALSE,887,887
14395,-0.123755068727173,FALSE,900,900
14396,2.63800067334424,FALSE,570,570
14397,2.41236188951926,TRUE,190,651
14398,0.993663498164742,FALSE,357,357
14399,-0.19649597544554,FALSE,381,381
14400,-0.406071721348297,FALSE,396,396
14401,-0.88325316520024,TRUE,603,892
14402,-0.378569219370132,TRUE,111,760
14403,0.721853936109585,FALSE,44,44
14404,0.206937178704225,FALSE,125,125
14405,-1.79470098773038,FALSE,242,242
14406,1.88853914784185,FALSE,403,403
14407,-0.441832686915642,FALSE,897,897
14408,1.21910975245584,FALSE,125,125
14409,0.260668008177026,FALSE,794,794
14410,-0.595972903977402,FALSE,525,525
14411,-0.311850214069561,FALSE,899,899
14412,1.76593483637289,TRUE,830,964
14413,0.122101031761606,FALSE,686,686
14414,1.10789381804492,FALSE,14,14
14415,0.791300638873832,FALSE,78,78
14416,-1.07518386830168,FALSE,57,57
14417,-0.567487916652973,FALSE,404,404
14418,-0.225278528212036,TRUE,726,707
14419,-1.09943419405032,FALSE,262,262
14420,-0.793397182086285,FALSE,379,379
14421,1.74141429396772,FALSE,599,599
14422,0.373491095593859,FALSE,204,204
14423,0.262461076678548,FALSE,114,114
14424,1.47218089727487,FALSE,926,926
14425,1.23078266676819,FALSE,24,24
14426,-0.345252518461173,FALSE,254,254
14427,-0.305553333924362,TRUE,647,20
14428,-1.68826934005277,FALSE,690,690
14429,-1.61545364668415,FALSE,632,632
14430,1.10424785393352,TRUE,99,703
14431,0.256481440043509,FALSE,138,138
14432,0.231447418836823,FALSE,268,268
14433,-1.20829394287424,FALSE,450,450
14434,-0.805351913326295,FALSE,970,970
14435,-0.119811593954067,FALSE,53,53
14436,-0.162520966638434,TRUE,900,462
14437,0.816424611069935,TRUE,181,674
14438,1.11696820628326,FALSE,641,641
14439,1.41387270153347,TRUE,379,719
14440,-0.28293981115556,FALSE,710,710
14441,0.431532910188287,FALSE,760,760
14442,0.513109449523659,FALSE,892,892
14443,-0.317874725824698,TRUE,471,251
14444,0.891903842349376,FALSE,742,742
14445,0.258862235732539,FALSE,798,798
14446,1.00056817914837,FALSE,958,958
14447,0.635892911170213,FALSE,314,314
14448,0.709550884421078,FALSE,842,842
14449,-1.80771381211754,FALSE,590,590
14450,0.466454699033943,TRUE,136,15
14451,-0.348118765300224,FALSE,992,992
14452,-0.802034985185081,FALSE,39,39
14453,1.60904466847851,TRUE,422,107
14454,-1.26352788116611,FALSE,856,856
14455,1.32264716373419,FALSE,97,97
14456,0.0909115791396558,FALSE,718,718
14457,-1.91443009270855,FALSE,377,377
14458,0.336511224456475,FALSE,130,130
14459,-2.25344908664382,FALSE,845,845
14460,0.58645748836854,FALSE,489,489
14461,1.23391933555664,FALSE,553,553
14462,-0.0723535427197958,TRUE,129,724
14463,0.423163788884299,FALSE,491,491
14464,1.67703851618181,FALSE,757,757
14465,-0.81708480666288,FALSE,134,134
14466,0.262198957464708,FALSE,853,853
14467,1.37058732735121,FALSE,485,485
14468,0.616073881165493,FALSE,470,470
14469,0.186870707017711,FALSE,605,605
14470,-0.853654294772278,FALSE,185,185
14471,-1.24454299682221,FALSE,967,967
14472,-0.654761088656886,FALSE,581,581
14473,0.893796976105833,TRUE,118,397
14474,0.511045330372662,FALSE,643,643
14475,1.15657118046525,TRUE,504,332
14476,-0.742474963388102,TRUE,400,869
14477,-0.950340817359536,TRUE,799,150
14478,0.747995282351239,FALSE,358,358
14479,0.607937936818785,FALSE,767,767
14480,-1.01162009320091,FALSE,550,550
14481,0.536076998255013,FALSE,88,88
14482,-1.55554804834549,TRUE,873,43
14483,-0.280656424283765,FALSE,887,887
14484,-1.34950131343842,FALSE,297,297
14485,-1.13457120484568,FALSE,923,923
14486,-0.771675265055478,FALSE,788,788
14487,0.0250989064942282,FALSE,290,290
14488,1.39425044044739,TRUE,171,96
14489,0.38341598725504,FALSE,345,345
14490,-0.839772712123171,FALSE,939,939
14491,-0.517721089664259,FALSE,671,671
14492,1.33036308505679,FALSE,759,759
14493,-1.39845250800107,FALSE,179,179
14494,-0.18148523460398,FALSE,295,295
14495,-2.26485370111713,FALSE,551,551
14496,-0.126922179048068,FALSE,699,699
14497,0.763775459810372,FALSE,301,301
14498,-0.372672818590422,FALSE,179,179
14499,-0.0944569343248268,FALSE,772,772
14500,-0.228734537188852,FALSE,449,449
14501,0.393937478387465,FALSE,341,341
14502,0.128326486833156,FALSE,984,984
14503,0.460782989344721,FALSE,953,953
14504,0.0317317912835401,TRUE,973,858
14505,1.26935056776202,FALSE,362,362
14506,-0.333106835507158,FALSE,295,295
14507,1.09281504383211,FALSE,86,86
14508,0.257418103209722,FALSE,18,18
14509,-0.352933880721822,TRUE,772,81
14510,1.94727562460448,FALSE,159,159
14511,0.823566162293491,FALSE,462,462
14512,1.29092557422602,FALSE,572,572
14513,-0.837661232878455,TRUE,745,58
14514,0.302644253532553,TRUE,185,332
14515,0.614294787129453,FALSE,668,668
14516,0.119299094365516,TRUE,187,301
14517,0.419855757671693,FALSE,854,854
14518,-1.03594818402802,FALSE,611,611
14519,0.18894315520704,FALSE,863,863
14520,0.618998856867302,FALSE,914,914
14521,-0.378269407607982,FALSE,354,354
14522,0.273580875399069,TRUE,348,297
14523,-0.820198016610341,FALSE,363,363
14524,-1.74029718179439,TRUE,232,804
14525,-0.933972224427981,FALSE,372,372
14526,-0.623980224256539,FALSE,488,488
14527,0.284167646156933,FALSE,217,217
14528,-0.829950620124162,TRUE,395,802
14529,1.8062438869409,FALSE,932,932
14530,-0.0611811846087857,TRUE,505,978
14531,1.08581076483846,FALSE,413,413
14532,0.212863567440729,TRUE,88,316
14533,0.452575589159848,FALSE,630,630
14534,-0.168264176455794,FALSE,891,891
14535,0.847289095213603,TRUE,147,209
14536,-1.58711241624118,FALSE,139,139
14537,-0.267174771636338,FALSE,506,506
14538,0.445792935394261,FALSE,702,702
14539,0.186994158453121,FALSE,19,19
14540,-0.33598146978565,FALSE,975,975
14541,-0.758377587799376,TRUE,138,685
14542,-2.09719637688197,FALSE,963,963
14543,0.262124702292858,FALSE,449,449
14544,-0.825526716362823,TRUE,203,777
14545,-1.08823296237182,FALSE,397,397
14546,1.81371173499466,FALSE,218,218
14547,-0.825588677059082,FALSE,410,410
14548,-0.277452129545715,FALSE,123,123
14549,-0.786550821890051,FALSE,867,867
14550,1.5163619888448,FALSE,537,537
14551,0.384976721431354,FALSE,837,837
14552,-0.624962143917129,FALSE,180,180
14553,0.999535413575092,FALSE,690,690
14554,0.103489120578919,FALSE,24,24
14555,-1.09520010783964,FALSE,623,623
14556,-0.324239207385718,TRUE,817,450
14557,0.613213396996517,FALSE,375,375
14558,0.722710529613058,FALSE,420,420
14559,0.358329772187866,FALSE,375,375
14560,0.466093120910915,FALSE,321,321
14561,0.995260484190023,FALSE,464,464
14562,0.51194396951502,FALSE,681,681
14563,0.402214419049105,TRUE,107,580
14564,0.265671586069401,FALSE,466,466
14565,-1.19135169115085,FALSE,928,928
14566,-0.480721020594104,FALSE,838,838
14567,0.105246191549667,FALSE,760,760
14568,-0.558526287268108,FALSE,635,635
14569,0.926262712662328,TRUE,894,735
14570,0.764059300371899,FALSE,255,255
14571,1.16962852287581,TRUE,856,763
14572,1.0935855630846,TRUE,633,963
14573,-0.850549525164159,FALSE,633,633
14574,-0.989243467144727,FALSE,654,654
14575,-1.46332166361954,FALSE,362,362
14576,0.403525146825956,TRUE,499,944
14577,-1.25105207426048,FALSE,558,558
14578,-1.78453817716319,FALSE,19,19
14579,1.95058565458436,FALSE,146,146
14580,-0.0115907102198303,FALSE,787,787
14581,2.31993718158382,FALSE,472,472
14582,0.147097980115971,FALSE,949,949
14583,0.203148727093317,TRUE,407,830
14584,-1.20885499817185,FALSE,686,686
14585,1.08396254707487,TRUE,116,812
14586,0.291009435113486,FALSE,439,439
14587,0.942595597478714,FALSE,607,607
14588,0.497645937965996,FALSE,817,817
14589,1.2328382230349,FALSE,855,855
14590,0.245855695738124,FALSE,615,615
14591,-1.15079237386209,FALSE,721,721
14592,0.130234109432703,TRUE,628,753
14593,-0.926445447954429,FALSE,344,344
14594,-0.0692413829341544,FALSE,911,911
14595,-0.677712344999766,FALSE,475,475
14596,-2.51600251029469,FALSE,809,809
14597,-1.02170792592194,FALSE,891,891
14598,1.74801780811612,TRUE,490,221
14599,0.447330857874204,TRUE,622,590
14600,-0.33018252198737,FALSE,678,678
14601,-0.54558130003725,FALSE,283,283
14602,0.189690504238938,FALSE,172,172
14603,-1.0547358222305,FALSE,721,721
14604,-0.00446045864763201,FALSE,924,924
14605,0.206161408898237,FALSE,554,554
14606,0.451394372707818,FALSE,333,333
14607,0.763888698356092,FALSE,36,36
14608,-0.362465292341648,FALSE,197,197
14609,0.167284279227267,FALSE,977,977
14610,0.501403598614456,FALSE,842,842
14611,-0.124326772305502,TRUE,469,201
14612,-0.383720971818864,TRUE,213,12
14613,-0.0225486762658907,TRUE,842,207
14614,-0.876888908484693,TRUE,610,490
14615,0.198789611344039,FALSE,218,218
14616,1.07208956448184,FALSE,970,970
14617,0.00408777074907922,TRUE,781,494
14618,0.0356734910693581,TRUE,189,410
14619,-0.812394298634052,FALSE,482,482
14620,-0.0514646558511023,TRUE,558,793
14621,-0.689337923307011,TRUE,740,765
14622,0.318803273758821,FALSE,544,544
14623,1.1576158073502,FALSE,879,879
14624,-0.293681241682188,FALSE,666,666
14625,-0.528360270943244,TRUE,307,232
14626,-0.218096766204033,FALSE,74,74
14627,1.16140866059106,TRUE,445,212
14628,-0.0708381626634645,FALSE,739,739
14629,-2.32131689617676,TRUE,578,632
14630,-0.461252722306491,FALSE,48,48
14631,0.639814798321838,FALSE,371,371
14632,0.454782726006981,FALSE,808,808
14633,-0.650257347566012,FALSE,403,403
14634,-1.99401462737953,FALSE,825,825
14635,-0.197911256347231,TRUE,337,286
14636,1.16395238806002,TRUE,410,332
14637,1.42432777058809,FALSE,175,175
14638,1.7329853332281,FALSE,153,153
14639,0.500434802499709,FALSE,313,313
14640,-0.80357136591832,FALSE,120,120
14641,-0.0100573719366767,FALSE,231,231
14642,-1.53837718171781,FALSE,845,845
14643,-0.736429008325098,FALSE,9,9
14644,-2.16017402135998,FALSE,546,546
14645,-1.94101942766103,FALSE,656,656
14646,0.97344064626542,FALSE,91,91
14647,-1.60546476737699,TRUE,593,959
14648,-0.51161155768019,FALSE,765,765
14649,0.816808887314857,FALSE,564,564
14650,0.26511330093652,TRUE,194,890
14651,0.670805356580949,FALSE,948,948
14652,-0.214058818653296,FALSE,288,288
14653,-0.0326370089145191,FALSE,603,603
14654,-1.3794864317131,FALSE,917,917
14655,-0.0709221926872788,FALSE,600,600
14656,0.796671987584016,FALSE,635,635
14657,0.000962525921677138,FALSE,364,364
14658,1.80389971655156,TRUE,645,322
14659,-0.277864464550118,FALSE,675,675
14660,0.663161088948817,FALSE,176,176
14661,-1.05414816999275,FALSE,99,99
14662,-0.883450708416018,FALSE,103,103
14663,-1.62955392864927,FALSE,52,52
14664,0.957907240164793,TRUE,461,945
14665,-1.60964003090436,FALSE,679,679
14666,-1.13360708431652,FALSE,900,900
14667,-0.343626406563336,FALSE,834,834
14668,-2.98333559023262,FALSE,399,399
14669,-0.266841404461793,FALSE,422,422
14670,-1.70432577116442,TRUE,703,872
14671,1.61873061681801,FALSE,186,186
14672,-0.0333812323672982,TRUE,344,74
14673,0.100404960328926,FALSE,187,187
14674,1.30338391513521,FALSE,351,351
14675,-0.662267051867836,FALSE,923,923
14676,0.627203961660149,FALSE,750,750
14677,0.0701367352742334,FALSE,251,251
14678,0.420595471404327,TRUE,756,99
14679,-1.90420972690469,FALSE,656,656
14680,1.0322816996804,FALSE,915,915
14681,0.915815674400641,FALSE,182,182
14682,2.13407711929558,TRUE,902,276
14683,-0.165634204724443,FALSE,426,426
14684,0.294558238932382,FALSE,289,289
14685,0.0211166224592327,FALSE,914,914
14686,1.70005895294184,FALSE,952,952
14687,-1.45159911277941,TRUE,557,322
14688,-0.837624804317893,FALSE,239,239
14689,-0.081719533127412,FALSE,92,92
14690,-1.89518210831794,FALSE,216,216
14691,-0.120725849794559,FALSE,433,433
14692,0.175386970335846,FALSE,13,13
14693,0.929481664597981,TRUE,975,94
14694,1.23995752965081,FALSE,241,241
14695,-1.69418310154888,FALSE,803,803
14696,1.60518472665532,FALSE,37,37
14697,-0.475187374794174,TRUE,100,108
14698,1.11845722552353,FALSE,687,687
14699,-0.711901845116001,FALSE,434,434
14700,0.618266003364633,FALSE,924,924
14701,-0.231238863108405,FALSE,112,112
14702,0.323101209322253,FALSE,33,33
14703,-0.586460984231546,TRUE,687,187
14704,-0.266877945195377,FALSE,107,107
14705,1.16926684652571,FALSE,171,171
14706,-0.119981031064229,TRUE,472,735
14707,-0.417083754031194,FALSE,144,144
14708,-0.294594079123485,FALSE,58,58
14709,0.238897809028894,FALSE,17,17
14710,-1.02086672704833,FALSE,869,869
14711,1.12714230691736,FALSE,231,231
14712,-0.359929304423946,FALSE,601,601
14713,-0.405997011095109,FALSE,490,490
14714,-0.262977745436814,TRUE,559,439
14715,-1.13647498718821,FALSE,431,431
14716,0.754615760962349,FALSE,498,498
14717,-0.954944531033418,FALSE,512,512
14718,1.06876216862148,FALSE,983,983
14719,-1.17722241294929,TRUE,853,332
14720,-1.88525301869002,FALSE,700,700
14721,-0.231855668504376,FALSE,770,770
14722,-0.361343604373188,FALSE,19,19
14723,-0.0975281836305622,TRUE,292,283
14724,-0.191371715761617,FALSE,194,194
14725,-1.61526088702646,TRUE,498,861
14726,1.880292653734,FALSE,176,176
14727,-0.581311989234871,TRUE,554,197
14728,0.885393607528822,FALSE,714,714
14729,0.779919249738322,TRUE,264,189
14730,-1.00836609784273,FALSE,142,142
14731,-0.145577720826754,FALSE,861,861
14732,0.673900261320228,FALSE,770,770
14733,0.26950314461552,FALSE,633,633
14734,-1.06359045136863,FALSE,413,413
14735,-1.29756061400985,FALSE,821,821
14736,0.501640173878235,TRUE,311,607
14737,0.0472468311999414,TRUE,40,545
14738,0.76948686969722,FALSE,556,556
14739,0.926515897477735,FALSE,161,161
14740,-0.314379277303841,FALSE,119,119
14741,0.546066105297588,TRUE,559,727
14742,0.333467779217275,FALSE,8,8
14743,-1.34760920685489,FALSE,290,290
14744,1.05955934661286,TRUE,248,231
14745,-0.709002753052288,TRUE,647,110
14746,1.14957156597976,FALSE,355,355
14747,-1.79058400034507,FALSE,428,428
14748,0.188300152977901,FALSE,442,442
14749,1.00743092373373,FALSE,619,619
14750,-0.883805894076238,FALSE,221,221
14751,-1.37742161301562,TRUE,559,639
14752,-0.549156177562146,FALSE,494,494
14753,1.74160878725909,FALSE,313,313
14754,-0.352575657124482,FALSE,124,124
14755,0.39940640548904,FALSE,441,441
14756,-1.49614532698506,FALSE,619,619
14757,0.665525264911712,FALSE,949,949
14758,0.479322637486253,FALSE,697,697
14759,0.538877835282434,FALSE,876,876
14760,-0.771429390130006,FALSE,151,151
14761,-1.31627683665468,FALSE,817,817
14762,0.276021131059653,FALSE,922,922
14763,0.678383620096349,TRUE,820,899
14764,0.689851833772646,FALSE,95,95
14765,0.741580261036715,FALSE,362,362
14766,1.48370381771584,FALSE,212,212
14767,0.91921919115456,FALSE,351,351
14768,-0.418953916310981,TRUE,35,114
14769,-0.491226360500814,FALSE,375,375
14770,-2.02206099196296,FALSE,75,75
14771,-0.590774208366305,FALSE,668,668
14772,0.758667089045106,FALSE,225,225
14773,-0.0990094087148466,FALSE,988,988
14774,0.757871498326506,TRUE,431,160
14775,1.00279763701987,FALSE,392,392
14776,0.921196398151041,FALSE,584,584
14777,2.07795242953329,FALSE,258,258
14778,0.826208214130109,FALSE,668,668
14779,-0.521162096374829,FALSE,519,519
14780,-0.660963259671186,FALSE,850,850
14781,1.58653839770386,FALSE,396,396
14782,-0.0114078318663923,FALSE,537,537
14783,1.09712815331382,FALSE,862,862
14784,-0.297402317731917,FALSE,200,200
14785,-0.675659478831254,TRUE,236,430
14786,0.810061152834506,FALSE,769,769
14787,-1.7950245591759,FALSE,663,663
14788,-0.0489527052353197,FALSE,391,391
14789,-1.99234285670172,FALSE,167,167
14790,1.08803077589822,FALSE,820,820
14791,-0.569530462396244,FALSE,323,323
14792,-0.446173128573586,FALSE,736,736
14793,0.783211398156357,FALSE,300,300
14794,-1.47114377495209,FALSE,117,117
14795,-1.45593580902677,FALSE,365,365
14796,0.10670051732849,FALSE,68,68
14797,-0.431080948883436,FALSE,322,322
14798,0.682963445794287,FALSE,858,858
14799,0.352304029714224,FALSE,687,687
14800,0.461177965913971,FALSE,327,327
14801,-1.43609304631913,FALSE,634,634
14802,1.70114685126488,FALSE,518,518
14803,-2.01806798099481,FALSE,522,522
14804,0.734977422716633,FALSE,249,249
14805,-1.14644706302114,FALSE,24,24
14806,-1.25118935112985,TRUE,127,347
14807,0.361347397860504,TRUE,678,244
14808,-0.185504963286085,FALSE,355,355
14809,-0.736900767001557,FALSE,27,27
14810,-1.22533987981241,FALSE,80,80
14811,0.318112040372227,FALSE,717,717
14812,0.765374025222497,FALSE,693,693
14813,0.150683358687245,FALSE,600,600
14814,0.285442724685664,FALSE,752,752
14815,0.471152529262154,TRUE,748,836
14816,0.0521430904463708,FALSE,516,516
14817,-0.43773597620438,FALSE,340,340
14818,-0.777900020872206,FALSE,459,459
14819,1.40575413180023,FALSE,824,824
14820,1.5551502921589,TRUE,865,644
14821,0.852734228128117,FALSE,673,673
14822,-1.50348662272153,FALSE,158,158
14823,0.47215599793467,TRUE,374,773
14824,0.936924598349923,TRUE,343,641
14825,-0.373676162364363,FALSE,148,148
14826,-1.9428691317004,TRUE,621,779
14827,1.1097653366753,FALSE,126,126
14828,-0.305205055634321,FALSE,749,749
14829,0.206979611381862,FALSE,292,292
14830,0.345598556288784,FALSE,488,488
14831,-0.766642946869638,TRUE,280,310
14832,1.03969251966098,FALSE,477,477
14833,2.41313480606882,FALSE,512,512
14834,1.48572878775896,TRUE,674,715
14835,0.468381171900265,FALSE,717,717
14836,-1.89721926257361,FALSE,294,294
14837,-2.33098900302063,TRUE,158,213
14838,0.377066417422485,FALSE,217,217
14839,0.0854605148604815,FALSE,11,11
14840,-0.376487804727268,FALSE,602,602
14841,0.349983530902174,FALSE,180,180
14842,0.362389550226918,FALSE,874,874
14843,0.0638071469625471,TRUE,241,711
14844,0.423350162494205,FALSE,257,257
14845,2.00544355431313,FALSE,195,195
14846,-0.940858663158586,TRUE,721,864
14847,-0.875565060719205,FALSE,643,643
14848,-1.47589399358018,TRUE,731,919
14849,-0.240335524246583,TRUE,317,32
14850,0.298663702000616,TRUE,930,565
14851,0.392163373450739,FALSE,505,505
14852,0.247899855048703,FALSE,579,579
14853,-2.79842891726379,FALSE,677,677
14854,0.168880878906918,FALSE,672,672
14855,-1.05266777896558,FALSE,593,593
14856,-1.6624663799399,FALSE,550,550
14857,0.776648713835747,FALSE,468,468
14858,0.901552140952496,FALSE,266,266
14859,0.454207158665614,FALSE,104,104
14860,0.187169589697709,FALSE,928,928
14861,-0.706574970327755,FALSE,383,383
14862,1.11972667020327,FALSE,951,951
14863,2.85679183209142,FALSE,133,133
14864,0.560662003336754,TRUE,1,365
14865,-0.684865014971829,FALSE,84,84
14866,0.548346053382304,TRUE,375,465
14867,-0.515863149914681,TRUE,758,382
14868,-0.593466767831503,TRUE,655,51
14869,-0.297069363040742,FALSE,239,239
14870,-0.821291769135093,FALSE,10,10
14871,0.393439854154945,FALSE,838,838
14872,1.00452976222818,FALSE,291,291
14873,0.316692356928153,TRUE,312,315
14874,0.650029974049497,FALSE,107,107
14875,0.020986354700286,FALSE,63,63
14876,-0.0241464138880244,FALSE,585,585
14877,0.781952241168272,FALSE,140,140
14878,-1.16365572094674,TRUE,377,992
14879,1.33549450924483,FALSE,420,420
14880,-0.511237197702352,TRUE,680,347
14881,-0.54975752631449,FALSE,801,801
14882,0.0943796902450444,FALSE,591,591
14883,-0.587442457941647,FALSE,772,772
14884,-0.58807616575972,FALSE,196,196
14885,-0.660540843579779,FALSE,56,56
14886,0.330192127281966,FALSE,18,18
14887,1.45178075890876,FALSE,937,937
14888,-0.563287244427578,FALSE,670,670
14889,-1.78088095521418,FALSE,342,342
14890,-0.399167510880108,FALSE,903,903
14891,0.4342739710942,FALSE,488,488
14892,-0.526612562524761,TRUE,43,311
14893,-0.68852224763239,FALSE,402,402
14894,1.40115700473324,FALSE,932,932
14895,-0.39105645326633,FALSE,194,194
14896,0.393800618349373,FALSE,394,394
14897,-0.436499545021821,FALSE,768,768
14898,1.47562164848438,FALSE,602,602
14899,0.0727967352280682,FALSE,28,28
14900,0.151936620296609,TRUE,677,245
14901,-1.38236017226463,FALSE,190,190
14902,-0.741578517380846,FALSE,100,100
14903,1.69592105911709,FALSE,66,66
14904,0.950977022268237,FALSE,217,217
14905,1.39971843529595,FALSE,944,944
14906,0.0355624861403654,FALSE,524,524
14907,-0.603777757102727,FALSE,121,121
14908,-0.28955355605199,TRUE,993,14
14909,1.18834606920042,FALSE,464,464
14910,0.721823183403631,TRUE,604,673
14911,-0.754994936251914,TRUE,678,284
14912,0.454941702501435,FALSE,308,308
14913,0.321709498098084,FALSE,47,47
14914,-0.0313549445093869,FALSE,191,191
14915,-0.145362406968335,FALSE,586,586
14916,0.152837382185203,FALSE,851,851
14917,1.10832838553609,FALSE,16,16
14918,1.13392671282756,FALSE,119,119
14919,-0.0585809007273394,FALSE,450,450
14920,0.900732375596851,TRUE,185,43
14921,-0.694168752063025,FALSE,106,106
14922,-1.55989215720701,FALSE,696,696
14923,-0.619271853126967,FALSE,783,783
14924,-1.52691631024851,FALSE,223,223
14925,1.09773146415266,FALSE,0,0
14926,0.740349600005419,TRUE,563,737
14927,-0.25357940674596,TRUE,309,550
14928,1.11903761559876,FALSE,511,511
14929,0.412235620146561,FALSE,927,927
14930,0.687825265243905,TRUE,531,745
14931,0.864612146789484,FALSE,342,342
14932,-0.476262919284777,TRUE,244,284
14933,0.768233314341643,FALSE,122,122
14934,0.15941748699092,FALSE,914,914
14935,-0.546072144890392,TRUE,195,46
14936,1.22821938236806,TRUE,513,742
14937,2.24129673999677,FALSE,797,797
14938,1.4966488794665,TRUE,888,354
14939,-0.99495514705024,FALSE,59,59
14940,-0.156070112206028,FALSE,769,769
14941,0.52128161798272,FALSE,456,456
14942,2.2236364050476,FALSE,638,638
14943,-1.29307413786733,FALSE,715,715
14944,0.531319669717076,FALSE,450,450
14945,0.845958464746233,FALSE,894,894
14946,1.18135348587446,TRUE,323,781
14947,2.28112633199841,FALSE,19,19
14948,-0.0576635181838059,FALSE,768,768
14949,-0.835536182651096,TRUE,683,946
14950,-0.441438381635044,TRUE,881,481
14951,-0.27568077272595,FALSE,871,871
14952,-1.43830103853922,FALSE,840,840
14953,-1.58120981104565,FALSE,661,661
14954,-0.645815835914165,FALSE,959,959
14955,-0.537167575979878,FALSE,962,962
14956,-1.02443575670017,FALSE,485,485
14957,0.321924091581676,FALSE,244,244
14958,-1.33604234766475,FALSE,949,949
14959,-1.04308853576191,FALSE,82,82
14960,-0.539612905684442,FALSE,76,76
14961,1.70591809682305,FALSE,677,677
14962,0.0501810485265787,FALSE,823,823
14963,1.01962995588898,FALSE,477,477
14964,-1.00105493297014,FALSE,589,589
14965,0.204719782028156,TRUE,690,551
14966,-1.81536324183865,FALSE,72,72
14967,1.84290511604265,FALSE,412,412
14968,0.612777729821651,FALSE,571,571
14969,-1.88207578294007,FALSE,181,181
14970,1.55583376964562,FALSE,759,759
14971,1.46761416859121,FALSE,60,60
14972,0.0334631871143509,FALSE,304,304
14973,-1.24128312906626,FALSE,355,355
14974,0.217883760073096,FALSE,506,506
14975,0.042362548351195,FALSE,705,705
14976,2.02356168982016,TRUE,767,77
14977,0.0956782402399135,FALSE,765,765
14978,-1.56794277823746,FALSE,660,660
14979,0.395833619844871,FALSE,11,11
14980,0.762097092830373,FALSE,733,733
14981,0.823487452820559,TRUE,220,309
14982,1.12845918515369,FALSE,162,162
14983,-0.197396331974672,TRUE,430,583
14984,0.48924251060429,FALSE,172,172
14985,0.666815094416415,FALSE,188,188
14986,-0.810902741396488,FALSE,620,620
14987,-0.572257557733887,TRUE,104,332
14988,-1.30556752030087,FALSE,149,149
14989,-0.30961296129749,FALSE,489,489
14990,0.717011147523747,FALSE,935,935
14991,-0.639611134656151,FALSE,761,761
14992,-1.07775144684033,TRUE,765,630
14993,-0.325978665936315,FALSE,680,680
14994,0.781760880954988,FALSE,690,690
14995,-0.752534580635255,TRUE,381,843
14996,1.02343490586128,TRUE,741,392
14997,-0.491192834871531,TRUE,962,193
14998,0.974985916548056,TRUE,886,878
14999,-1.57593240022223,FALSE,310,310
15000,-1.35384886742554,FALSE,395,395
15001,-0.579377251833745,TRUE,692,259
15002,-0.861044197551661,FALSE,349,349
15003,0.972678342465014,FALSE,575,575
15004,0.619145771295814,FALSE,864,864
15005,1.38544567240945,FALSE,983,983
15006,-1.48727036997846,TRUE,630,664
15007,0.639192676088846,FALSE,885,885
15008,0.374734872711839,FALSE,29,29
15009,0.370187867392622,FALSE,948,948
15010,0.631771098256187,FALSE,117,117
15011,-1.51060638460999,FALSE,851,851
15012,0.573412811007648,FALSE,910,910
15013,-0.187477986011177,FALSE,210,210
15014,0.160333504261082,FALSE,70,70
15015,-0.376124270322569,FALSE,148,148
15016,0.723492227593343,FALSE,152,152
15017,0.960404032785513,FALSE,982,982
15018,-0.205747355411774,FALSE,479,479
15019,0.2561612518858,TRUE,435,290
15020,1.63857111050823,TRUE,459,428
15021,-2.12369731348779,TRUE,999,510
15022,0.0877846396445426,FALSE,296,296
15023,1.7705929739088,FALSE,903,903
15024,-0.399193233048252,FALSE,977,977
15025,-0.816086499784593,FALSE,826,826
15026,0.208301901568451,FALSE,630,630
15027,-0.843622778332421,FALSE,515,515
15028,-1.64469397425036,TRUE,92,368
15029,-0.500530567364499,TRUE,222,196
15030,-2.3193331996147,FALSE,910,910
15031,-0.92457864081657,FALSE,226,226
15032,0.370402753047859,FALSE,503,503
15033,0.742558936086738,FALSE,612,612
15034,-0.00300897917551872,TRUE,791,592
15035,-0.0866432374423073,FALSE,171,171
15036,-0.0910004196582893,FALSE,73,73
15037,0.533516822346471,FALSE,628,628
15038,-1.53485989629204,TRUE,574,281
15039,-0.330945904107939,FALSE,186,186
15040,0.850605108345302,FALSE,657,657
15041,-0.559240368418086,TRUE,628,513
15042,-1.1033691728125,TRUE,332,491
15043,0.166110425745111,FALSE,884,884
15044,0.447000506521713,FALSE,120,120
15045,0.291839969825728,TRUE,748,265
15046,0.623253302910967,TRUE,69,441
15047,-1.03480756820665,FALSE,143,143
15048,0.871086772288587,FALSE,842,842
15049,0.689262904478591,FALSE,544,544
15050,0.277739772967232,FALSE,802,802
15051,0.502192168071631,FALSE,57,57
15052,-1.46916116773357,FALSE,575,575
15053,1.96094076576915,TRUE,544,86
15054,-0.631086188099086,TRUE,110,850
15055,1.16265562638377,FALSE,578,578
15056,1.22379737078494,FALSE,675,675
15057,-1.37114505876428,FALSE,810,810
15058,-0.464620778888233,TRUE,776,658
15059,-0.0296229875750547,FALSE,650,650
15060,-0.9096983101842,FALSE,313,313
15061,0.355713304435728,FALSE,724,724
15062,-0.127382582068925,FALSE,517,517
15063,-0.554097232327917,TRUE,906,87
15064,-0.764215525434538,FALSE,206,206
15065,0.883461260043088,TRUE,296,305
15066,0.340039024972865,FALSE,422,422
15067,-1.24383960336302,FALSE,460,460
15068,1.66347933790812,TRUE,360,916
15069,1.12765731620513,FALSE,933,933
15070,-0.0120569542781613,FALSE,917,917
15071,1.96784041392583,FALSE,83,83
15072,-1.14394042275182,FALSE,999,999
15073,-1.63922865464756,FALSE,217,217
15074,-2.50724007144005,FALSE,658,658
15075,-0.645955924429265,FALSE,796,796
15076,-0.576465118452862,FALSE,304,304
15077,0.906521409087753,TRUE,801,232
15078,1.26136263062651,FALSE,442,442
15079,0.159554468384594,TRUE,205,900
15080,-0.244715903930626,FALSE,390,390
15081,-0.520291492428822,FALSE,259,259
15082,0.906943845162034,FALSE,484,484
15083,-0.737025418860726,FALSE,262,262
15084,-0.164064376808043,FALSE,917,917
15085,-0.550868786455784,FALSE,969,969
15086,-0.517299165073573,TRUE,198,442
15087,-0.0607326524629998,TRUE,49,3
15088,0.179740708444933,FALSE,579,579
15089,0.378724091848717,FALSE,398,398
15090,-0.667585681322486,FALSE,18,18
15091,-1.43520355756523,FALSE,574,574
15092,1.820091660723,FALSE,144,144
15093,0.645030397095548,FALSE,305,305
15094,0.977291407172931,FALSE,340,340
15095,-0.926467527652763,FALSE,786,786
15096,-1.16389463034844,FALSE,40,40
15097,0.209533873781897,TRUE,78,86
15098,-0.957484919284847,TRUE,635,406
15099,0.692864461970764,FALSE,658,658
15100,0.615255712454764,FALSE,244,244
15101,1.10994842010572,FALSE,470,470
15102,-0.0798288019228723,TRUE,723,309
15103,-0.388196591349563,TRUE,331,846
15104,-1.36560883307757,TRUE,409,929
15105,0.115348990100623,FALSE,714,714
15106,2.18278317869868,FALSE,356,356
15107,-0.157342195218526,FALSE,50,50
15108,-0.536880780411295,FALSE,705,705
15109,-1.46780614576225,TRUE,135,940
15110,-0.16768138606081,FALSE,689,689
15111,-1.70319832673372,FALSE,145,145
15112,0.721173264208383,TRUE,692,745
15113,0.117493155279389,FALSE,612,612
15114,2.86298482629657,FALSE,878,878
15115,0.297385258488327,FALSE,837,837
15116,0.809611389399094,FALSE,334,334
15117,2.5732832648084,FALSE,914,914
15118,-0.824745278851223,TRUE,211,984
15119,-0.487731675023966,TRUE,635,251
15120,-1.14479419000929,FALSE,568,568
15121,-0.770257086605415,FALSE,615,615
15122,-0.0748887493715602,FALSE,966,966
15123,-0.941553825087932,FALSE,748,748
15124,-0.0812529027254665,FALSE,216,216
15125,0.51427055120864,FALSE,876,876
15126,1.30252083011133,FALSE,156,156
15127,-2.34571372862796,FALSE,173,173
15128,-1.24109001120604,FALSE,547,547
15129,0.532717568779061,TRUE,298,460
15130,2.47191972808128,TRUE,452,387
15131,-1.16566475054784,FALSE,919,919
15132,-0.996067204875557,FALSE,898,898
15133,1.54431480991695,TRUE,772,178
15134,-1.45128151768957,TRUE,746,765
15135,1.28202421585249,FALSE,679,679
15136,-1.2403841176801,TRUE,953,94
15137,-2.24715100711098,FALSE,36,36
15138,-0.587213353740312,FALSE,37,37
15139,1.43276784410853,FALSE,198,198
15140,0.0655660123707846,TRUE,734,558
15141,-0.0613997930934497,FALSE,36,36
15142,0.337432725557346,FALSE,605,605
15143,-0.143216764639421,FALSE,635,635
15144,2.29489495107584,FALSE,901,901
15145,0.700501571770342,FALSE,267,267
15146,0.301383364420191,FALSE,636,636
15147,-1.09068460094671,FALSE,585,585
15148,-0.364287537847311,FALSE,713,713
15149,-1.33765983937618,FALSE,491,491
15150,-0.769158260131715,FALSE,488,488
15151,-0.730049939580628,TRUE,36,935
15152,-0.949499516770615,FALSE,532,532
15153,-0.780713340205336,FALSE,198,198
15154,-0.162317814609611,FALSE,779,779
15155,1.02604572232847,TRUE,846,931
15156,1.4465827635363,FALSE,241,241
15157,-0.327702342506238,FALSE,932,932
15158,1.53132626501207,FALSE,521,521
15159,1.15601304637582,FALSE,841,841
15160,1.46676126334403,FALSE,952,952
15161,1.24144482536654,FALSE,74,74
15162,0.186854513527883,FALSE,391,391
15163,-2.41021106150509,FALSE,150,150
15164,0.335658639272755,FALSE,708,708
15165,-1.08005487749799,FALSE,695,695
15166,-0.0437071437351738,FALSE,490,490
15167,1.05205688176489,FALSE,256,256
15168,0.169698166305607,TRUE,833,228
15169,0.300127057134595,TRUE,981,328
15170,1.10925742470288,FALSE,15,15
15171,-0.719830054422667,TRUE,64,454
15172,1.87959256056381,FALSE,920,920
15173,-0.417795703084254,FALSE,740,740
15174,-0.356905537856778,FALSE,514,514
15175,-0.185912207401353,FALSE,773,773
15176,0.903699326814908,FALSE,599,599
15177,1.0072373582271,FALSE,529,529
15178,-0.282308351829716,FALSE,663,663
15179,0.433042724811206,FALSE,8,8
15180,0.979390733956981,FALSE,277,277
15181,-0.221776257278949,FALSE,20,20
15182,0.0162987282535318,FALSE,725,725
15183,-0.419556264511948,FALSE,583,583
15184,0.47687234731741,FALSE,533,533
15185,-0.534077829592678,FALSE,35,35
15186,1.49220776756874,FALSE,359,359
15187,-0.209697283934405,FALSE,412,412
15188,-0.152656221253544,FALSE,228,228
15189,0.923443593775824,FALSE,466,466
15190,2.05292423400088,TRUE,392,995
15191,0.405207951775918,FALSE,774,774
15192,2.08101016435577,FALSE,571,571
15193,-0.406817791744427,TRUE,169,607
15194,0.49240504406109,FALSE,634,634
15195,-0.0267808260504092,FALSE,533,533
15196,2.22176380567249,FALSE,563,563
15197,-0.2791158069571,FALSE,415,415
15198,2.70548784435523,TRUE,233,346
15199,0.44420114309557,FALSE,658,658
15200,0.0465706837316071,FALSE,295,295
15201,-0.46195666993982,FALSE,20,20
15202,-0.710447441787977,FALSE,266,266
15203,-0.0227524638884069,TRUE,603,601
15204,-0.530632160027916,TRUE,467,278
15205,0.546688454088983,FALSE,461,461
15206,1.07463859654606,TRUE,95,192
15207,-0.000267304667493922,FALSE,200,200
15208,0.203524410109362,TRUE,917,969
15209,0.438262767336113,FALSE,299,299
15210,-1.30418071588249,FALSE,491,491
15211,0.307614186358629,FALSE,863,863
15212,0.201940752782197,TRUE,289,69
15213,0.952729554288153,FALSE,71,71
15214,0.532074940717817,FALSE,794,794
15215,-0.560335867152332,FALSE,350,350
15216,1.00544466282941,FALSE,74,74
15217,-0.35080766281024,FALSE,204,204
15218,-0.430249345686616,TRUE,310,630
15219,-1.20623125437813,FALSE,238,238
15220,1.3945367345705,FALSE,330,330
15221,0.609112549900596,FALSE,457,457
15222,0.983704635588473,TRUE,50,67
15223,0.0852256543228503,FALSE,24,24
15224,-0.529894722857788,FALSE,86,86
15225,3.31362188293883,FALSE,736,736
15226,-1.01632035631059,TRUE,173,627
15227,-1.20142428327281,FALSE,315,315
15228,1.27754873418428,FALSE,636,636
15229,-0.238453327352545,TRUE,365,809
15230,0.825147901305314,TRUE,795,177
15231,-1.43480406081339,FALSE,66,66
15232,0.388768955532436,FALSE,984,984
15233,-1.70633907640306,FALSE,601,601
15234,-0.408095510999782,TRUE,541,696
15235,-0.81462586020755,FALSE,365,365
15236,0.33958264005594,FALSE,620,620
15237,-0.0765757635153277,FALSE,328,328
15238,-0.140662993618725,TRUE,443,970
15239,-0.48927562992446,FALSE,310,310
15240,0.225072399768473,FALSE,260,260
15241,1.01738051094837,FALSE,352,352
15242,0.815646634727022,TRUE,806,777
15243,0.00447352026590666,FALSE,709,709
15244,1.24443317980604,FALSE,783,783
15245,-0.492090980128811,FALSE,436,436
15246,0.898251181774667,FALSE,847,847
15247,0.614691807854303,FALSE,997,997
15248,-0.400359746820557,TRUE,930,914
15249,0.00968029797851495,FALSE,804,804
15250,0.629050422636125,FALSE,828,828
15251,1.13320928537753,TRUE,761,567
15252,-0.252070316593759,FALSE,623,623
15253,0.211670746481647,FALSE,429,429
15254,0.504996236102404,FALSE,619,619
15255,0.397368968026644,FALSE,636,636
15256,0.780908017904771,FALSE,933,933
15257,-0.441630260783494,FALSE,434,434
15258,-0.521663775398781,FALSE,824,824
15259,1.01384156684455,FALSE,396,396
15260,0.0559461258250413,FALSE,54,54
15261,-1.43602249112782,FALSE,100,100
15262,-0.0510083330675255,FALSE,864,864
15263,1.89859147105256,FALSE,983,983
15264,-1.56956175055141,FALSE,21,21
15265,-2.37015566116376,FALSE,649,649
15266,-0.360697007284141,FALSE,266,266
15267,-0.0568478510553908,TRUE,19,821
15268,0.773924536553984,TRUE,580,895
15269,-1.65271318208091,FALSE,223,223
15270,-1.33262051882787,FALSE,14,14
15271,0.00321511936654832,FALSE,743,743
15272,0.560364431807248,FALSE,192,192
15273,0.910302327409704,TRUE,81,128
15274,-1.5709051647355,FALSE,115,115
15275,-0.0841251290081083,FALSE,947,947
15276,0.385415859792933,FALSE,615,615
15277,-0.903054199728597,TRUE,116,604
15278,-1.20428544758405,FALSE,782,782
15279,1.02618991823902,TRUE,632,187
15280,-0.739061982858552,TRUE,726,172
15281,1.61455857737193,FALSE,700,700
15282,1.39951048032742,FALSE,307,307
15283,-0.125786536123717,FALSE,10,10
15284,-1.02102195980407,FALSE,61,61
15285,-2.11444894365276,FALSE,258,258
15286,0.802858083730607,FALSE,57,57
15287,-0.166521292015102,TRUE,38,377
15288,2.0002265015349,FALSE,491,491
15289,1.99128216853967,FALSE,556,556
15290,-0.965795912420968,FALSE,13,13
15291,0.0799580305949441,FALSE,886,886
15292,-0.0671269397577448,FALSE,705,705
15293,2.40401727193033,FALSE,375,375
15294,1.77911615945877,FALSE,888,888
15295,-0.159689424147604,FALSE,513,513
15296,-0.786895398064328,FALSE,963,963
15297,1.12851372846487,TRUE,21,954
15298,-1.16579014042023,FALSE,973,973
15299,0.770275324382987,FALSE,216,216
15300,1.55051913245707,FALSE,676,676
15301,0.366468432905392,FALSE,984,984
15302,-0.394020365140024,TRUE,208,967
15303,0.105008517693232,TRUE,507,550
15304,0.051134607535974,FALSE,44,44
15305,0.178422753169583,TRUE,198,323
15306,0.281406788713616,FALSE,166,166
15307,0.866671690690856,TRUE,448,232
15308,-0.00709323390982757,FALSE,115,115
15309,0.463588106365689,FALSE,549,549
15310,-0.85541460563214,FALSE,91,91
15311,1.63640130391276,FALSE,826,826
15312,0.221972121126348,FALSE,823,823
15313,1.7963323759718,FALSE,137,137
15314,0.501256779369875,FALSE,869,869
15315,0.632053395895912,TRUE,833,934
15316,1.31311628541799,TRUE,191,930
15317,-0.0429254213533496,FALSE,909,909
15318,-0.722521528783411,TRUE,868,590
15319,0.447464566702659,TRUE,466,828
15320,0.588928272057227,TRUE,38,673
15321,0.362508993725666,FALSE,763,763
15322,0.0759026758910217,FALSE,20,20
15323,-0.618235154146238,FALSE,844,844
15324,-0.749064053170092,TRUE,768,353
15325,-1.40644310364517,FALSE,389,389
15326,-0.91466758809507,FALSE,721,721
15327,-0.422515233455512,FALSE,705,705
15328,0.798651789170092,TRUE,882,948
15329,0.760173430833847,TRUE,670,849
15330,1.08100651341715,FALSE,555,555
15331,-0.164188902291242,TRUE,333,777
15332,-0.179421688567157,TRUE,724,198
15333,-1.56403014275234,FALSE,597,597
15334,1.18507946662053,FALSE,184,184
15335,1.03823519522365,FALSE,536,536
15336,-1.07757788645242,FALSE,920,920
15337,-0.0277992912266973,TRUE,165,723
15338,-1.12787723684341,FALSE,669,669
15339,1.33123630864792,FALSE,153,153
15340,-0.135130231093138,FALSE,950,950
15341,-1.1397510006268,FALSE,51,51
15342,0.720643403630958,TRUE,524,326
15343,-0.114064727954216,TRUE,316,910
15344,0.249938913945744,FALSE,832,832
15345,-1.33433627434795,FALSE,790,790
15346,0.275945331449017,TRUE,452,198
15347,-0.110464328349219,FALSE,868,868
15348,0.0504655574836684,FALSE,224,224
15349,-0.815645907099505,TRUE,14,555
15350,-0.137303738431867,FALSE,842,842
15351,-0.358569676875277,FALSE,525,525
15352,-0.0504594437728556,FALSE,166,166
15353,0.411012075413222,FALSE,301,301
15354,1.78276963824666,FALSE,963,963
15355,0.885891114561442,FALSE,770,770
15356,-0.11532325471699,FALSE,702,702
15357,-1.32918661335795,FALSE,915,915
15358,-1.68731438764749,TRUE,877,758
15359,0.370415398884785,FALSE,4,4
15360,0.959803957211463,TRUE,896,964
15361,2.78596102248365,FALSE,447,447
15362,0.804718452665811,FALSE,409,409
15363,0.331166982664332,FALSE,915,915
15364,0.0230529255598879,FALSE,776,776
15365,-0.130580728706949,FALSE,492,492
15366,0.0835851341014982,FALSE,684,684
15367,-0.399293013056019,TRUE,770,378
15368,0.440188548473643,TRUE,879,281
15369,-1.60496861186338,TRUE,667,400
15370,-0.71086160555761,FALSE,996,996
15371,-0.295284438200885,TRUE,446,401
15372,0.131598581084672,FALSE,809,809
15373,0.919653319312784,FALSE,843,843
15374,-0.94329853804129,FALSE,697,697
15375,0.631604067501014,FALSE,987,987
15376,0.444103978676902,FALSE,693,693
15377,1.15219467469735,TRUE,207,621
15378,-0.0268631408942736,FALSE,496,496
15379,1.19033191051877,FALSE,416,416
15380,-0.201819177459063,FALSE,764,764
15381,0.680423955067159,FALSE,518,518
15382,0.906858950624492,FALSE,281,281
15383,-0.872644345917245,FALSE,275,275
15384,-1.76400401634046,TRUE,774,953
15385,-0.312571990859058,FALSE,286,286
15386,0.282604567305673,FALSE,905,905
15387,-0.17449553273883,FALSE,162,162
15388,-0.372181809205446,FALSE,812,812
15389,-1.84469632432668,TRUE,565,323
15390,-1.69661942308387,FALSE,670,670
15391,-1.44729089287183,FALSE,160,160
15392,-1.12311296896214,TRUE,782,273
15393,-1.31468458788127,FALSE,991,991
15394,-0.111876139491572,FALSE,396,396
15395,0.164422341676024,FALSE,507,507
15396,-0.200287891025147,FALSE,374,374
15397,1.2234130870639,FALSE,84,84
15398,1.64690155312721,TRUE,525,559
15399,0.249158019685266,FALSE,374,374
15400,0.365121281805236,FALSE,330,330
15401,2.56605011392995,FALSE,141,141
15402,-0.260879308864844,FALSE,777,777
15403,-1.25371321773729,FALSE,200,200
15404,-0.232436966543163,TRUE,80,810
15405,1.05482649185798,FALSE,587,587
15406,-0.307508545879576,FALSE,853,853
15407,2.35395945340763,TRUE,182,410
15408,-1.62114325095875,FALSE,863,863
15409,-0.0773097543127982,FALSE,934,934
15410,-1.14030514483904,FALSE,491,491
15411,-0.394825979436883,FALSE,438,438
15412,-0.840252301636835,FALSE,364,364
15413,0.816942942806839,FALSE,569,569
15414,-0.188468864469738,FALSE,169,169
15415,-1.59085437299216,FALSE,422,422
15416,1.58185352718448,TRUE,212,609
15417,-0.280962384554589,FALSE,94,94
15418,-0.149048160986347,FALSE,94,94
15419,-0.726700325936892,TRUE,321,23
15420,-1.70457913552505,TRUE,270,943
15421,-0.441507735640684,FALSE,245,245
15422,-0.063926558567285,FALSE,981,981
15423,-0.527805627120178,FALSE,459,459
15424,-0.544557437956889,FALSE,282,282
15425,-1.51067059052461,FALSE,333,333
15426,1.25864283451174,FALSE,663,663
15427,0.118582396835232,TRUE,601,967
15428,0.401484169970728,FALSE,412,412
15429,1.63798784406312,TRUE,415,206
15430,-1.50603524895161,FALSE,577,577
15431,-1.69493964404502,TRUE,673,503
15432,0.675594941457005,FALSE,613,613
15433,1.56812010737038,FALSE,821,821
15434,0.0691826319989887,FALSE,695,695
15435,1.0792581759624,FALSE,480,480
15436,0.747006644640405,FALSE,695,695
15437,-0.0369568837795532,FALSE,32,32
15438,0.348861419285337,FALSE,240,240
15439,-1.42253277988037,FALSE,843,843
15440,-0.941879390191682,FALSE,695,695
15441,-0.129088657635073,FALSE,230,230
15442,0.37649371902508,FALSE,811,811
15443,-0.12470677325691,FALSE,315,315
15444,-1.12055047426714,FALSE,249,249
15445,-0.304454977024538,FALSE,434,434
15446,0.765504640646137,TRUE,554,907
15447,0.159063481758606,FALSE,666,666
15448,-0.799541088226206,FALSE,627,627
15449,-1.33275845088106,FALSE,124,124
15450,-0.421982410091407,TRUE,100,647
15451,1.40071453418413,FALSE,293,293
15452,-0.620481283161248,FALSE,170,170
15453,0.349917781526706,FALSE,576,576
15454,0.428375011986185,FALSE,618,618
15455,0.0179448269363122,TRUE,176,995
15456,2.37979499890937,TRUE,893,587
15457,0.146599853753424,FALSE,177,177
15458,-0.369563592436553,FALSE,884,884
15459,0.791878248497836,TRUE,427,527
15460,0.180315639540961,TRUE,462,254
15461,0.126079488857646,FALSE,135,135
15462,-1.4654572610043,TRUE,754,350
15463,-0.258427022604961,FALSE,828,828
15464,-0.502840751701803,FALSE,894,894
15465,1.0224924243757,FALSE,952,952
15466,-0.11274526010508,FALSE,216,216
15467,1.5086086754199,FALSE,20,20
15468,1.21429006899876,FALSE,284,284
15469,0.165149122798006,TRUE,537,60
15470,0.672629438522586,TRUE,669,731
15471,0.772922876313641,FALSE,986,986
15472,0.56027621659181,FALSE,902,902
15473,0.69189819303945,FALSE,473,473
15474,-0.924896127536102,FALSE,249,249
15475,-0.18655239008493,TRUE,588,605
15476,0.0178766104180936,FALSE,655,655
15477,0.297558406665445,FALSE,557,557
15478,0.341356053352271,FALSE,102,102
15479,0.0220334801235663,FALSE,805,805
15480,-0.275445340145981,TRUE,259,923
15481,-1.10025322177663,FALSE,602,602
15482,-0.942479330560406,FALSE,118,118
15483,-0.652638401719046,FALSE,740,740
15484,0.784125063688539,FALSE,138,138
15485,0.341861929886073,TRUE,743,828
15486,1.75018104983128,FALSE,903,903
15487,2.10120057924548,TRUE,844,299
15488,-1.12119344801591,FALSE,940,940
15489,-0.268699257204831,TRUE,248,486
15490,0.420419874523493,FALSE,346,346
15491,1.96272404931446,TRUE,416,435
15492,-1.79083111039691,TRUE,778,779
15493,1.2168011641754,FALSE,227,227
15494,-0.0411373070052623,FALSE,752,752
15495,-0.283737289010801,FALSE,593,593
15496,0.750854531643286,FALSE,9,9
15497,2.0564684366564,FALSE,461,461
15498,-0.0205391678295811,TRUE,606,99
15499,-1.02767848186738,FALSE,743,743
15500,-0.517512461600488,FALSE,496,496
15501,0.972147864555405,FALSE,484,484
15502,0.460094659137396,TRUE,965,628
15503,-0.19239610882622,FALSE,75,75
15504,-0.0985691864516401,TRUE,270,237
15505,-0.337139637480804,FALSE,76,76
15506,1.0995341769723,FALSE,68,68
15507,0.74433319995642,TRUE,150,645
15508,-0.098955648989459,FALSE,810,810
15509,-0.91173896573359,FALSE,708,708
15510,1.25246046926251,FALSE,561,561
15511,0.121723016898039,FALSE,854,854
15512,-0.109909560173632,FALSE,788,788
15513,0.22464579988736,FALSE,230,230
15514,0.25633471895376,FALSE,108,108
15515,0.759970948016983,FALSE,483,483
15516,1.60719088844879,FALSE,784,784
15517,-2.41229815687096,FALSE,819,819
15518,0.159692444704383,TRUE,457,851
15519,-0.278558502250592,FALSE,301,301
15520,1.05222109727207,FALSE,341,341
15521,0.0832681834582411,FALSE,901,901
15522,0.349673907935903,FALSE,92,92
15523,0.0302095051471808,TRUE,872,386
15524,-0.295279228512487,FALSE,97,97
15525,3.10550588523718,FALSE,319,319
15526,-1.40181845228334,FALSE,886,886
15527,-1.07308236125521,FALSE,273,273
15528,0.370786561555766,FALSE,205,205
15529,-0.399342149830517,FALSE,508,508
15530,0.176159625762577,FALSE,611,611
15531,-1.24102088990379,FALSE,559,559
15532,0.427803921799787,TRUE,89,773
15533,-0.0878965918135425,FALSE,436,436
15534,-1.92156509665774,FALSE,316,316
15535,-0.241623757969536,FALSE,842,842
15536,-1.80295235199197,FALSE,575,575
15537,-0.156977424058461,FALSE,100,100
15538,-0.0735608707880269,FALSE,227,227
15539,-1.63092834439637,FALSE,779,779
15540,1.0524254397513,FALSE,470,470
15541,0.159884472094545,FALSE,700,700
15542,-0.189263088370223,TRUE,340,84
15543,0.945193900709343,FALSE,353,353
15544,-0.0533860506810118,TRUE,261,785
15545,-1.02873373299289,FALSE,763,763
15546,1.06991344425067,TRUE,787,32
15547,0.533878351134144,FALSE,989,989
15548,-1.02738664350771,TRUE,429,404
15549,0.564219182363264,FALSE,373,373
15550,0.537059860902284,FALSE,1,1
15551,0.0409063523844599,FALSE,100,100
15552,0.762561911516459,FALSE,169,169
15553,2.35535277320288,FALSE,613,613
15554,0.967864110051733,FALSE,65,65
15555,2.28972368966034,FALSE,989,989
15556,1.62026572422861,TRUE,130,111
15557,-0.501908195825408,FALSE,490,490
15558,0.14293623233804,FALSE,678,678
15559,-0.823235792671957,FALSE,319,319
15560,0.24640385126838,TRUE,293,575
15561,-0.167199340119872,FALSE,273,273
15562,0.437379057730255,FALSE,287,287
15563,-0.266971061594572,FALSE,560,560
15564,-0.447754835836791,TRUE,843,984
15565,-0.398932883634152,TRUE,90,29
15566,0.607241066622858,FALSE,406,406
15567,-0.998337979972366,FALSE,198,198
15568,-0.892726731965955,FALSE,120,120
15569,-1.24426237969007,FALSE,382,382
15570,-1.74873179043572,FALSE,100,100
15571,0.818264355247384,FALSE,315,315
15572,1.06090011182941,FALSE,595,595
15573,0.149501007903305,FALSE,892,892
15574,-0.0977653266960575,FALSE,176,176
15575,0.706243646982622,FALSE,608,608
15576,-0.552621803363054,FALSE,677,677
15577,0.758856047490977,FALSE,412,412
15578,0.5258595816208,FALSE,92,92
15579,-1.90731967977402,FALSE,776,776
15580,0.391153057855742,FALSE,666,666
15581,-0.604460387216598,FALSE,858,858
15582,-0.854637604032625,FALSE,656,656
15583,0.763153600883693,TRUE,941,894
15584,0.500979238734508,FALSE,974,974
15585,1.15079596353938,FALSE,359,359
15586,1.70620679499857,FALSE,24,24
15587,0.549565363708426,FALSE,607,607
15588,-1.08966214850855,FALSE,600,600
15589,0.69989924825411,TRUE,533,903
15590,0.00905549533429268,FALSE,409,409
15591,-0.935751818826606,FALSE,156,156
15592,-0.0876073261406472,TRUE,15,935
15593,-0.619983565778969,FALSE,131,131
15594,-0.931778262169197,FALSE,976,976
15595,-1.06718728825069,FALSE,424,424
15596,-0.0692953178416436,FALSE,459,459
15597,-1.54721538514369,FALSE,165,165
15598,-2.00231606137653,FALSE,646,646
15599,0.992393205177136,TRUE,547,939
15600,-0.0648731670711331,FALSE,743,743
15601,0.193976218585495,FALSE,476,476
15602,1.81538763185775,FALSE,777,777
15603,-1.08072905825135,TRUE,541,141
15604,2.03500284993678,FALSE,46,46
15605,0.46052088661336,FALSE,825,825
15606,-0.0312540932341574,FALSE,348,348
15607,1.3205272704239,FALSE,238,238
15608,-0.168742401943763,FALSE,3,3
15609,-1.01116320444834,TRUE,439,258
15610,-0.878034539092083,FALSE,293,293
15611,-0.361674252747047,FALSE,566,566
15612,-1.58915698247517,TRUE,251,728
15613,-0.698107757597296,FALSE,574,574
15614,0.353214170319759,FALSE,289,289
15615,-1.08017517106107,TRUE,327,357
15616,0.584560602622423,FALSE,205,205
15617,-0.0508026613723137,FALSE,91,91
15618,-0.491014629207595,FALSE,142,142
15619,-1.20126531634771,FALSE,755,755
15620,-0.275316936020075,FALSE,376,376
15621,-0.279184804586585,FALSE,645,645
15622,1.11173477418078,FALSE,302,302
15623,-0.28841854647659,FALSE,121,121
15624,0.83064065314999,FALSE,208,208
15625,2.09624892489626,FALSE,572,572
15626,-1.04381389240499,FALSE,480,480
15627,-0.314244445602997,TRUE,734,814
15628,0.777856525480213,FALSE,453,453
15629,1.29847907983045,FALSE,58,58
15630,0.175691155640587,FALSE,232,232
15631,-1.56167635016822,FALSE,73,73
15632,-0.405772803507459,FALSE,646,646
15633,-0.819707718288611,FALSE,898,898
15634,-0.284840594812092,FALSE,254,254
15635,0.190526529267639,TRUE,61,100
15636,-0.377083339034237,FALSE,951,951
15637,2.70419370751803,TRUE,876,550
15638,0.148370540488615,FALSE,639,639
15639,-0.818417331453702,FALSE,454,454
15640,-0.0721258747826096,FALSE,339,339
15641,-0.746675109590976,FALSE,907,907
15642,1.02735683377089,TRUE,170,394
15643,0.212556053701128,TRUE,978,897
15644,-1.19958661468813,FALSE,467,467
15645,0.24891801322524,FALSE,801,801
15646,-0.243703213328168,FALSE,274,274
15647,-0.431780752497128,TRUE,681,18
15648,0.643637879442959,FALSE,834,834
15649,0.459611130182636,FALSE,958,958
15650,0.695837355888414,FALSE,796,796
15651,-0.377138986386361,FALSE,117,117
15652,0.493362272196753,TRUE,369,276
15653,0.103367150776885,FALSE,963,963
15654,-2.55166768604575,TRUE,120,812
15655,-0.0522360130430632,FALSE,504,504
15656,-0.468096576513627,FALSE,405,405
15657,-0.084923053164414,FALSE,499,499
15658,0.210978053944293,TRUE,101,260
15659,-1.05326463618147,FALSE,683,683
15660,-0.975425334946263,FALSE,240,240
15661,0.570526220861725,FALSE,119,119
15662,-0.472264410230803,FALSE,788,788
15663,-0.780959260401849,FALSE,785,785
15664,0.149836342495593,FALSE,940,940
15665,-0.192106264379313,FALSE,289,289
15666,-0.35567422480677,FALSE,842,842
15667,-0.615995389045902,FALSE,613,613
15668,0.248869793563203,TRUE,511,44
15669,0.73979908698654,FALSE,671,671
15670,0.507627551429381,FALSE,93,93
15671,-0.634294579617423,TRUE,622,445
15672,-1.69247110330061,FALSE,570,570
15673,-0.840550738322687,FALSE,367,367
15674,-1.18417616325412,FALSE,25,25
15675,0.553503528872794,FALSE,85,85
15676,0.747315414566278,FALSE,546,546
15677,0.943603388638425,FALSE,884,884
15678,0.0179064734724358,FALSE,34,34
15679,-1.81048911559734,FALSE,39,39
15680,2.68706660126509,FALSE,337,337
15681,-1.03198456888084,FALSE,191,191
15682,0.0147594414518368,FALSE,610,610
15683,-0.519449154422577,TRUE,354,879
15684,-0.593431262014552,FALSE,335,335
15685,1.64551477194848,FALSE,24,24
15686,1.56488421015678,FALSE,508,508
15687,-1.88136129575839,FALSE,191,191
15688,-1.35317793269824,FALSE,203,203
15689,-1.2887602953797,FALSE,741,741
15690,-0.0542354745938858,TRUE,963,855
15691,0.263743242059914,FALSE,449,449
15692,0.528639862316268,FALSE,460,460
15693,-0.113211998517755,TRUE,395,950
15694,0.584280216103551,FALSE,649,649
15695,-1.35264042459426,FALSE,778,778
15696,-2.0421190357597,TRUE,800,32
15697,-0.836768081681914,TRUE,27,884
15698,-1.27442359977458,FALSE,833,833
15699,0.471131734561792,TRUE,112,469
15700,-1.91308971653334,FALSE,14,14
15701,-0.32974365977301,FALSE,547,547
15702,-0.929601575905752,TRUE,574,551
15703,0.134590506215233,FALSE,113,113
15704,0.0830582399151878,FALSE,178,178
15705,-1.00112277350555,FALSE,8,8
15706,0.255248186816885,FALSE,134,134
15707,-0.212546879446092,FALSE,147,147
15708,1.00173708833351,TRUE,362,178
15709,0.518973157959976,FALSE,675,675
15710,-0.37713389524314,FALSE,974,974
15711,0.243334935089374,TRUE,646,575
15712,-0.212455772044332,TRUE,496,544
15713,-0.48465086687841,FALSE,530,530
15714,-2.75377000219598,FALSE,972,972
15715,1.37916559144249,FALSE,443,443
15716,-0.269085309238996,FALSE,665,665
15717,1.42343676166095,FALSE,835,835
15718,1.72494308338066,FALSE,518,518
15719,-1.26969557880846,FALSE,603,603
15720,0.647209165471743,FALSE,938,938
15721,-0.326845613992046,FALSE,83,83
15722,1.41970549460514,TRUE,577,586
15723,-0.251647168724965,FALSE,245,245
15724,0.236971335312706,TRUE,467,743
15725,0.039204183700739,TRUE,28,188
15726,0.631859462666346,FALSE,149,149
15727,-2.25585472422692,TRUE,923,520
15728,0.0322308008905238,FALSE,859,859
15729,0.0901919712119113,FALSE,944,944
15730,1.64113677422976,FALSE,711,711
15731,0.179383256705235,FALSE,710,710
15732,-0.207260273517137,FALSE,903,903
15733,0.298375777997008,FALSE,646,646
15734,-0.227349865593837,FALSE,343,343
15735,-0.0222264615756532,TRUE,925,828
15736,-0.240956395550381,TRUE,276,900
15737,-0.753642423672931,FALSE,752,752
15738,0.708028555901516,FALSE,758,758
15739,-0.91700584724389,FALSE,361,361
15740,-0.839271172241441,FALSE,614,614
15741,-0.359006901736498,FALSE,998,998
15742,0.396349898273571,FALSE,3,3
15743,0.243861220194855,FALSE,100,100
15744,-0.0153836304967677,TRUE,334,105
15745,-0.319266339407646,FALSE,773,773
15746,-0.499684444536675,FALSE,437,437
15747,0.821857895122721,TRUE,948,346
15748,-0.57848326418043,TRUE,913,806
15749,-0.750636779154216,FALSE,145,145
15750,-0.55864545039268,FALSE,649,649
15751,-0.502748779240856,FALSE,286,286
15752,-0.418039455554844,FALSE,171,171
15753,0.511606041723003,FALSE,640,640
15754,0.790898254017631,FALSE,472,472
15755,-0.829437268977467,FALSE,693,693
15756,-0.736424807242815,TRUE,562,29
15757,-0.117653963397875,TRUE,69,944
15758,0.326079224513046,FALSE,758,758
15759,0.0845562063149818,FALSE,466,466
15760,0.0927042787266345,FALSE,543,543
15761,-0.113217584500625,FALSE,821,821
15762,-2.23663068090143,FALSE,54,54
15763,1.19072111792212,FALSE,79,79
15764,1.07589954835476,FALSE,214,214
15765,-0.668545049543373,FALSE,674,674
15766,0.541053383875637,TRUE,647,841
15767,1.57174101330626,FALSE,835,835
15768,0.189851583325866,FALSE,184,184
15769,0.461997271706612,FALSE,247,247
15770,0.385984972364212,FALSE,114,114
15771,-0.76952862501142,TRUE,653,542
15772,1.03479014504738,TRUE,9,108
15773,-0.94623825315304,FALSE,998,998
15774,0.845195387147344,FALSE,111,111
15775,0.726196121804117,FALSE,416,416
15776,-0.423238703981473,FALSE,375,375
15777,1.58044991692235,TRUE,994,6
15778,-0.273573709517029,FALSE,232,232
15779,0.599429744698259,FALSE,423,423
15780,-0.714557289827658,FALSE,168,168
15781,-0.165141069396775,FALSE,715,715
15782,-0.674981877171774,TRUE,774,435
15783,0.0169844852529632,TRUE,553,233
15784,-1.2448234181823,FALSE,176,176
15785,-0.686068908694909,FALSE,35,35
15786,0.0297138863796878,FALSE,546,546
15787,-1.3285293446208,TRUE,253,460
15788,1.10859350852667,FALSE,897,897
15789,0.833133738369088,FALSE,384,384
15790,-1.52548805448486,TRUE,158,640
15791,0.0653935627097402,FALSE,738,738
15792,-0.170989618129053,FALSE,210,210
15793,-2.42407132369413,FALSE,614,614
15794,0.256272365528986,FALSE,378,378
15795,-1.0477348537287,FALSE,813,813
15796,-1.86866684135453,FALSE,46,46
15797,-0.240145258400171,TRUE,558,844
15798,-0.389863635343582,FALSE,685,685
15799,-1.24828297717757,FALSE,698,698
15800,0.303880224038715,FALSE,10,10
15801,-0.0548935499168911,FALSE,116,116
15802,0.578782642618863,FALSE,598,598
15803,0.478067481531238,FALSE,985,985
15804,-0.513201761062403,FALSE,771,771
15805,-1.41534313752518,FALSE,673,673
15806,1.0440044148897,FALSE,709,709
15807,-1.11450073984765,TRUE,317,995
15808,-0.568994926533804,FALSE,959,959
15809,-1.04119140568941,FALSE,587,587
15810,1.35558424958295,FALSE,497,497
15811,-1.47276064118324,TRUE,598,105
15812,1.0489577954124,FALSE,982,982
15813,1.31301544740689,FALSE,816,816
15814,0.410236199830174,FALSE,772,772
15815,0.397910705034378,TRUE,201,401
15816,-0.909400161494623,FALSE,219,219
15817,-0.453542367597926,FALSE,241,241
15818,0.76632577704568,FALSE,824,824
15819,-0.150753206057676,TRUE,138,213
15820,1.67867265248383,TRUE,509,257
15821,2.00057960122853,FALSE,451,451
15822,0.322791952235054,FALSE,436,436
15823,-0.445712797997597,TRUE,673,895
15824,0.254663164913393,FALSE,553,553
15825,0.727101438601145,FALSE,155,155
15826,1.49333448067281,TRUE,263,564
15827,-0.456577871830418,FALSE,511,511
15828,-0.172875926558796,TRUE,430,308
15829,0.339248811707439,TRUE,573,794
15830,0.217582311993337,FALSE,760,760
15831,-0.676835058888234,FALSE,540,540
15832,0.124956252867103,FALSE,430,430
15833,-0.283203557763002,FALSE,524,524
15834,1.27912058359111,FALSE,501,501
15835,-0.0518843597607886,FALSE,386,386
15836,-1.45753283772527,FALSE,549,549
15837,1.94544881090924,FALSE,364,364
15838,-1.37451179077391,FALSE,951,951
15839,-1.25762023624169,FALSE,268,268
15840,0.291662474822429,TRUE,582,950
15841,-0.207998067893886,FALSE,75,75
15842,-0.999838110035916,FALSE,676,676
15843,-0.0182709336179937,FALSE,793,793
15844,-0.293427227352455,FALSE,231,231
15845,-1.70451858811336,TRUE,38,170
15846,0.271518577663976,FALSE,500,500
15847,1.30014487993313,FALSE,934,934
15848,0.790634680539995,FALSE,626,626
15849,0.909174163328526,FALSE,499,499
15850,0.548659917419132,FALSE,521,521
15851,0.205848232421257,TRUE,64,441
15852,-0.149521447462789,FALSE,130,130
15853,-1.25619215143863,FALSE,324,324
15854,-0.970165190758744,FALSE,692,692
15855,0.0945059404175251,TRUE,991,583
15856,-1.7853156482152,TRUE,789,351
15857,0.016836767734213,FALSE,123,123
15858,-0.543390940721714,FALSE,813,813
15859,1.70474982056585,FALSE,124,124
15860,1.24521326904866,FALSE,395,395
15861,-0.424107553820708,FALSE,900,900
15862,0.445382721451596,TRUE,445,439
15863,-1.61711652101467,FALSE,552,552
15864,-1.29295471447742,FALSE,748,748
15865,0.756981201513325,TRUE,189,552
15866,0.132244994229434,FALSE,767,767
15867,-0.968643307630561,FALSE,181,181
15868,0.43865900976816,TRUE,630,461
15869,0.3311958756554,FALSE,966,966
15870,-0.0215652310272324,FALSE,327,327
15871,0.443286819684364,TRUE,642,229
15872,-0.820209647280156,TRUE,638,49
15873,-0.536497036700038,FALSE,168,168
15874,-0.668575156989706,TRUE,64,298
15875,-0.32995628369918,FALSE,533,533
15876,0.382869149288096,FALSE,797,797
15877,0.254764076614052,FALSE,302,302
15878,-2.29703513298141,FALSE,991,991
15879,-0.0319093456349462,FALSE,323,323
15880,0.363657432278309,FALSE,41,41
15881,0.582448366078206,TRUE,734,452
15882,1.92452668568413,FALSE,783,783
15883,0.391840609878292,FALSE,705,705
15884,-1.90796249373685,FALSE,641,641
15885,-0.115481100533747,FALSE,425,425
15886,-1.63066423978976,FALSE,360,360
15887,1.79475267380602,FALSE,658,658
15888,1.9607017578823,FALSE,478,478
15889,0.775081797661926,TRUE,382,322
15890,-0.925496156296927,FALSE,547,547
15891,-0.664582399912487,FALSE,374,374
15892,1.14199024161758,FALSE,340,340
15893,-1.13502404837232,FALSE,722,722
15894,0.300781042728822,TRUE,364,263
15895,0.146809089379975,FALSE,950,950
15896,1.34517600125438,FALSE,516,516
15897,-0.811870149361934,TRUE,737,976
15898,-0.494710193670108,FALSE,293,293
15899,0.85393212913401,FALSE,379,379
15900,-0.961339664051626,FALSE,290,290
15901,-0.170906477083741,TRUE,602,22
15902,0.202158021020714,FALSE,358,358
15903,-0.965850819894685,FALSE,690,690
15904,-1.18329181802781,TRUE,653,11
15905,1.3409691256129,TRUE,22,559
15906,-0.160980475455032,FALSE,599,599
15907,-0.0896083821278183,FALSE,343,343
15908,1.7878686422719,FALSE,507,507
15909,-0.602187298531475,FALSE,806,806
15910,1.27970989006224,FALSE,598,598
15911,-1.50868833709336,FALSE,57,57
15912,0.162686659163573,TRUE,498,609
15913,-0.909404762479359,FALSE,96,96
15914,-1.34409565526775,FALSE,240,240
15915,0.255221875690724,TRUE,146,827
15916,1.13826050011221,FALSE,48,48
15917,0.289398089414036,FALSE,697,697
15918,-0.796305340133837,TRUE,246,293
15919,-1.05297714851058,TRUE,114,187
15920,-1.55749564535509,TRUE,798,292
15921,0.451715732815413,TRUE,580,114
15922,-0.31342465318392,FALSE,824,824
15923,0.356959287497098,FALSE,907,907
15924,1.67427820128591,FALSE,708,708
15925,0.788584609022605,FALSE,636,636
15926,-2.3800974059354,FALSE,60,60
15927,-0.859512433771685,FALSE,369,369
15928,0.330239501274219,FALSE,929,929
15929,0.0257036433591434,FALSE,458,458
15930,-0.195953644552612,TRUE,683,695
15931,-1.43580924049197,FALSE,43,43
15932,1.25127853551093,FALSE,838,838
15933,-0.392172955953431,FALSE,202,202
15934,-0.0886148542159126,FALSE,767,767
15935,1.22965402516205,TRUE,548,681
15936,-1.54732721074291,FALSE,68,68
15937,-0.633454884619039,FALSE,813,813
15938,-0.159216463543552,TRUE,940,923
15939,-1.19890877329018,FALSE,183,183
15940,-1.36792946723864,TRUE,874,46
15941,-0.562799552284531,FALSE,260,260
15942,-0.588593987711215,FALSE,110,110
15943,-0.0555890142835825,FALSE,324,324
15944,-0.345206701186115,FALSE,237,237
15945,0.182307387653406,FALSE,895,895
15946,1.45223398289464,TRUE,761,403
15947,1.76416203147294,FALSE,341,341
15948,-0.881314743674471,FALSE,168,168
15949,-0.740089731947433,FALSE,366,366
15950,-0.0534985456054363,FALSE,654,654
15951,1.55392719033061,FALSE,818,818
15952,0.622757579000972,FALSE,972,972
15953,-0.0162934490747632,FALSE,987,987
15954,-0.837439191073685,TRUE,534,110
15955,1.6496989485376,TRUE,434,62
15956,-0.909514278773199,FALSE,376,376
15957,-0.444699786488536,FALSE,315,315
15958,-1.22702708933908,FALSE,875,875
15959,0.0645415480815664,FALSE,842,842
15960,2.08039548986678,FALSE,239,239
15961,1.20330470965736,FALSE,564,564
15962,0.218004629933656,FALSE,401,401
15963,0.113303729552919,FALSE,645,645
15964,-1.40549147668825,FALSE,955,955
15965,0.204449991133115,FALSE,244,244
15966,1.28642248414254,FALSE,901,901
15967,0.453468681628621,FALSE,339,339
15968,-0.246863636468851,FALSE,88,88
15969,0.741907463074093,TRUE,414,281
15970,-0.109786605255523,FALSE,304,304
15971,-0.0206306751100566,FALSE,750,750
15972,0.542778125382366,FALSE,766,766
15973,-1.11987892910945,FALSE,468,468
15974,0.210110129465978,FALSE,395,395
15975,-1.50224505223623,FALSE,820,820
15976,2.58877550682791,FALSE,607,607
15977,0.128398179984281,FALSE,121,121
15978,-1.39319989516651,FALSE,362,362
15979,-1.18585347179071,FALSE,757,757
15980,0.737451039753157,FALSE,840,840
15981,-1.94358684161911,FALSE,948,948
15982,-0.91674420937045,FALSE,446,446
15983,-0.616987640197043,TRUE,456,801
15984,-0.882149344841898,FALSE,615,615
15985,1.0523058912381,FALSE,739,739
15986,-0.554895632804972,FALSE,89,89
15987,-0.978046548931387,TRUE,571,238
15988,0.699423803227582,FALSE,529,529
15989,1.26949105792606,TRUE,607,136
15990,1.55002122296198,FALSE,569,569
15991,0.333400154683441,TRUE,458,810
15992,0.940462976688448,FALSE,668,668
15993,1.01635564133653,TRUE,328,495
15994,-0.947930160018186,FALSE,833,833
15995,-0.643478643610151,FALSE,399,399
15996,-0.235854905063473,FALSE,94,94
15997,0.0806307373575804,FALSE,235,235
15998,-0.492997695401731,FALSE,673,673
15999,1.05126331290781,TRUE,156,810
16000,-1.09217503496728,FALSE,694,694
16001,-1.33754185485004,TRUE,31,160
16002,1.10924196769037,FALSE,436,436
16003,0.810701492003917,FALSE,560,560
16004,-0.875981344328801,FALSE,633,633
16005,0.207094332368276,FALSE,408,408
16006,-0.296095927147791,FALSE,857,857
16007,0.823779940503078,FALSE,409,409
16008,-0.630792272131494,TRUE,708,128
16009,-1.03831522889182,FALSE,382,382
16010,1.64848053645928,FALSE,641,641
16011,0.434632225581985,TRUE,288,725
16012,0.134051808570405,TRUE,140,347
16013,1.5393141276273,FALSE,937,937
16014,-0.447468477034871,FALSE,632,632
16015,0.665779047039272,TRUE,422,664
16016,-0.822972408932446,TRUE,327,478
16017,-0.467313227602879,FALSE,470,470
16018,1.41015783662107,FALSE,144,144
16019,-0.801738675504413,FALSE,699,699
16020,0.573845213334819,FALSE,474,474
16021,-0.941405986274529,FALSE,220,220
16022,0.969487151612596,TRUE,840,269
16023,0.538828275113854,FALSE,639,639
16024,-1.74700386193617,FALSE,531,531
16025,-1.64241220440571,TRUE,111,238
16026,0.776559642839838,FALSE,571,571
16027,-0.961592144147753,FALSE,987,987
16028,0.967637176999251,FALSE,609,609
16029,-2.15070871194278,FALSE,451,451
16030,2.56757029496611,FALSE,682,682
16031,-0.169523098146087,TRUE,29,164
16032,0.729401480197019,FALSE,360,360
16033,-1.15602494860787,FALSE,841,841
16034,1.42314937904202,FALSE,786,786
16035,0.511069901777186,TRUE,930,258
16036,-0.418376771418897,FALSE,909,909
16037,-3.12519918422871,FALSE,809,809
16038,-0.76231150890405,FALSE,710,710
16039,-0.25782187615978,FALSE,150,150
16040,-0.93116251323886,TRUE,152,310
16041,0.470303483126366,FALSE,413,413
16042,-2.37093145303073,FALSE,110,110
16043,0.133667395622593,FALSE,222,222
16044,-0.755026403434768,FALSE,21,21
16045,-0.00247914646566992,FALSE,774,774
16046,-0.801067352060978,TRUE,771,315
16047,0.3061887411203,FALSE,274,274
16048,1.33046960869843,TRUE,785,329
16049,0.862232228290154,FALSE,439,439
16050,-1.30035121064336,FALSE,334,334
16051,0.104523767795311,FALSE,719,719
16052,0.288529692398676,FALSE,775,775
16053,0.115356966177787,TRUE,298,652
16054,1.33665490943696,FALSE,262,262
16055,-0.719473338156123,FALSE,852,852
16056,-0.385499792035862,FALSE,127,127
16057,-0.404777315774287,FALSE,993,993
16058,0.190669897237294,FALSE,9,9
16059,-0.72341928787537,FALSE,709,709
16060,-0.416688085891256,FALSE,926,926
16061,2.01465443807239,TRUE,143,708
16062,1.60547926726588,FALSE,121,121
16063,0.580608504339132,FALSE,429,429
16064,-0.345973342730567,FALSE,148,148
16065,-0.154951927394428,FALSE,238,238
16066,-0.931299980635115,FALSE,715,715
16067,-0.805204551035285,TRUE,662,687
16068,1.1608245738086,FALSE,114,114
16069,0.803407914238679,FALSE,482,482
16070,-1.95388419784768,FALSE,650,650
16071,0.397217218207407,FALSE,963,963
16072,2.12315919282226,FALSE,799,799
16073,-0.323293729224817,FALSE,908,908
16074,0.156759469707963,FALSE,511,511
16075,0.51128718085472,FALSE,146,146
16076,-0.0834974301653851,FALSE,470,470
16077,-0.796263219521895,FALSE,544,544
16078,-0.77208601943824,FALSE,453,453
16079,0.341469371361881,FALSE,892,892
16080,-1.08686683452974,FALSE,879,879
16081,1.24102707897126,TRUE,617,121
16082,0.556961623763979,FALSE,789,789
16083,0.70402482534358,FALSE,920,920
16084,0.227118173120949,FALSE,976,976
16085,0.742642853775053,FALSE,906,906
16086,2.39136791089883,FALSE,934,934
16087,0.384752534891618,FALSE,703,703
16088,-0.396860964816548,FALSE,790,790
16089,-0.570474236769304,FALSE,279,279
16090,1.86811352501988,FALSE,751,751
16091,-0.214555919330259,FALSE,752,752
16092,0.330573236299737,FALSE,189,189
16093,-0.6398509038116,FALSE,624,624
16094,-0.963127126254308,FALSE,9,9
16095,-0.571154864217528,FALSE,384,384
16096,0.342836195949452,FALSE,652,652
16097,-1.90390956254571,FALSE,457,457
16098,-0.678534551005877,FALSE,525,525
16099,0.198110612473022,FALSE,449,449
16100,-0.86020942042869,FALSE,548,548
16101,0.62250149075158,FALSE,650,650
16102,-0.107172320947036,FALSE,236,236
16103,-1.0538678312046,FALSE,741,741
16104,0.735317092186488,FALSE,118,118
16105,0.203173406732835,FALSE,157,157
16106,0.136972526993324,TRUE,713,858
16107,1.33346223007114,FALSE,927,927
16108,-1.4379924860088,FALSE,317,317
16109,-2.96915247137305,FALSE,702,702
16110,1.85270987208452,FALSE,438,438
16111,0.310731615195698,FALSE,986,986
16112,0.128795201995131,TRUE,88,548
16113,-0.17745154623102,FALSE,601,601
16114,0.867232665326157,FALSE,765,765
16115,1.09860468057337,FALSE,438,438
16116,-1.46771929086877,FALSE,499,499
16117,-0.889090040003932,TRUE,98,766
16118,1.86088576666102,FALSE,582,582
16119,-1.11604670195037,FALSE,429,429
16120,-0.531131531597809,FALSE,989,989
16121,0.978850102459916,TRUE,243,244
16122,-0.605823427158206,TRUE,116,682
16123,1.6368385270263,FALSE,165,165
16124,-0.46451310562525,TRUE,432,586
16125,-0.627826430485847,FALSE,392,392
16126,0.700039249492635,FALSE,370,370
16127,-1.79838305730866,FALSE,617,617
16128,-0.0329021697988877,TRUE,245,330
16129,-0.443280784016925,FALSE,925,925
16130,1.04743502022561,FALSE,929,929
16131,-1.07281828400322,FALSE,853,853
16132,-0.513315298295409,TRUE,894,143
16133,0.363166495579849,TRUE,52,350
16134,0.0426691608401511,FALSE,674,674
16135,-0.626743231233137,TRUE,635,790
16136,-1.38393226292062,FALSE,836,836
16137,-0.513505216594643,FALSE,971,971
16138,0.837443848230391,TRUE,518,186
16139,2.06496627025521,TRUE,773,159
16140,0.161329364964025,FALSE,115,115
16141,-1.5800402094749,FALSE,9,9
16142,-1.41434275277085,TRUE,294,109
16143,-0.362955897329027,TRUE,867,636
16144,-0.0130984653283831,FALSE,556,556
16145,-0.421112108055374,FALSE,903,903
16146,-0.0663944544549586,TRUE,676,886
16147,2.18659379575832,FALSE,461,461
16148,-1.12695859052001,TRUE,964,785
16149,-0.868562715323967,FALSE,59,59
16150,0.802805525479148,FALSE,237,237
16151,0.419103132946289,FALSE,396,396
16152,0.268068935831465,TRUE,136,186
16153,2.42904382280958,FALSE,443,443
16154,-0.412864496562181,FALSE,787,787
16155,-0.62589448383643,TRUE,558,439
16156,1.45890251524687,FALSE,708,708
16157,-1.47207963079608,FALSE,638,638
16158,-0.643648539606225,FALSE,603,603
16159,0.830158280738674,FALSE,714,714
16160,0.00360190830174583,FALSE,383,383
16161,0.602429947020315,TRUE,368,784
16162,0.735331429811589,FALSE,965,965
16163,0.507119331084798,TRUE,78,85
16164,0.694857596127454,FALSE,439,439
16165,-0.66676205592921,FALSE,686,686
16166,-0.237296686744064,FALSE,705,705
16167,0.454650876584635,FALSE,127,127
16168,0.823273258297534,FALSE,97,97
16169,3.27439546561781,TRUE,62,336
16170,0.557044840742554,TRUE,220,445
16171,-0.674399418178967,FALSE,573,573
16172,0.14384003457915,TRUE,721,93
16173,-1.30411925269354,FALSE,921,921
16174,0.744211055756585,FALSE,62,62
16175,0.347438400933044,FALSE,172,172
16176,0.45449176029667,FALSE,388,388
16177,1.07992255114285,FALSE,296,296
16178,0.321320136975303,FALSE,834,834
16179,-0.442443879580995,TRUE,882,408
16180,1.11935528567468,FALSE,851,851
16181,-0.148379778833473,FALSE,742,742
16182,-1.28108525522951,FALSE,762,762
16183,0.278786476411957,TRUE,548,693
16184,-0.734030259967357,TRUE,847,598
16185,0.79403192598376,TRUE,506,596
16186,1.68288073041313,FALSE,828,828
16187,-0.947148513609992,FALSE,205,205
16188,-0.570215495212801,TRUE,73,409
16189,-1.07678075812988,FALSE,257,257
16190,-1.34380045727573,TRUE,138,102
16191,-0.642399581432545,FALSE,808,808
16192,-2.14622377998042,TRUE,117,249
16193,0.234398062234724,TRUE,720,892
16194,0.350809183521082,FALSE,45,45
16195,0.00654784411397867,FALSE,614,614
16196,0.396844673921598,FALSE,642,642
16197,0.64480724893043,FALSE,989,989
16198,-0.722903788510818,FALSE,234,234
16199,0.66546797361339,FALSE,505,505
16200,0.449948083951953,FALSE,612,612
16201,-0.175873760650379,FALSE,903,903
16202,1.08096137927251,FALSE,875,875
16203,0.94335088070879,TRUE,597,761
16204,-1.09917933125238,FALSE,578,578
16205,0.653181727824838,FALSE,371,371
16206,-2.63269462676361,TRUE,321,60
16207,-0.923286363929531,FALSE,980,980
16208,-1.10956078938707,FALSE,725,725
16209,0.905017122526589,FALSE,790,790
16210,1.1433969162958,TRUE,938,162
16211,-0.0308118717683269,FALSE,322,322
16212,-0.895757046923995,FALSE,345,345
16213,0.828517450058745,FALSE,851,851
16214,-0.0327832277497358,FALSE,353,353
16215,-1.50061750269815,FALSE,331,331
16216,0.981415160960494,FALSE,465,465
16217,0.930163805810293,TRUE,374,731
16218,0.257433117719685,FALSE,875,875
16219,1.28198144112406,FALSE,194,194
16220,1.55235548020915,TRUE,518,120
16221,2.05589238524983,FALSE,629,629
16222,1.05273852834637,FALSE,504,504
16223,1.53950170129283,FALSE,612,612
16224,-0.30913279415048,TRUE,574,726
16225,1.52643281248497,FALSE,913,913
16226,-0.989276747701247,FALSE,224,224
16227,1.80894741996508,FALSE,613,613
16228,-0.378302161448165,TRUE,147,708
16229,-1.26276048828053,TRUE,317,235
16230,-0.896615958162939,FALSE,912,912
16231,-0.131427304819011,FALSE,586,586
16232,-1.83488447336074,FALSE,733,733
16233,0.720149943689414,FALSE,610,610
16234,1.24178730138482,TRUE,918,386
16235,-1.63517816524142,TRUE,712,740
16236,1.80179062460771,FALSE,202,202
16237,1.54415061610916,FALSE,759,759
16238,-0.343686983472274,FALSE,653,653
16239,0.447691179455942,FALSE,737,737
16240,-0.905392918670404,FALSE,547,547
16241,-0.505849468591029,FALSE,797,797
16242,0.296008093773953,FALSE,206,206
16243,0.948193057239034,FALSE,225,225
16244,-0.688903245504024,TRUE,643,193
16245,-0.243431675535895,FALSE,233,233
16246,0.590418912156167,FALSE,797,797
16247,0.310410783066366,TRUE,608,957
16248,-0.175459861767102,FALSE,616,616
16249,-0.53098932137598,FALSE,335,335
16250,-0.894693975966304,TRUE,3,925
16251,-0.965114031427881,TRUE,768,913
16252,0.601614316252359,TRUE,477,927
16253,0.328406448851661,TRUE,340,414
16254,-0.949969851877727,FALSE,872,872
16255,1.38004925280965,TRUE,708,550
16256,-2.7190040581127,FALSE,508,508
16257,-0.414635995688673,TRUE,617,36
16258,0.16349268217551,FALSE,394,394
16259,-2.2463513188351,TRUE,678,583
16260,1.30319776691448,FALSE,240,240
16261,-0.542280802042557,FALSE,425,425
16262,1.13722880271555,FALSE,348,348
16263,-0.488352228791262,TRUE,783,857
16264,-1.55204247462137,FALSE,357,357
16265,0.676763832894911,FALSE,245,245
16266,-0.302419934794891,FALSE,194,194
16267,-0.0811827957899072,FALSE,423,423
16268,-0.294223061350428,FALSE,123,123
16269,-0.132879835554023,FALSE,952,952
16270,-0.639069016994593,FALSE,256,256
16271,-0.465404794796276,FALSE,393,393
16272,-0.388817047420392,TRUE,296,766
16273,1.01358131618518,FALSE,934,934
16274,-1.3516926869832,TRUE,283,511
16275,0.712092454034336,FALSE,169,169
16276,-0.0797763977011387,TRUE,229,928
16277,0.771152296311192,TRUE,685,604
16278,-0.00262882273313371,FALSE,373,373
16279,-1.96932159797711,FALSE,280,280
16280,-1.61557798627058,TRUE,248,286
16281,-0.982945821315555,FALSE,136,136
16282,-0.0184726066614519,FALSE,533,533
16283,0.0562738091691915,TRUE,585,195
16284,-0.366225374615463,FALSE,642,642
16285,-0.38357010654628,FALSE,685,685
16286,0.210541073104838,TRUE,591,879
16287,-1.29055416450049,FALSE,928,928
16288,-0.556748662658777,TRUE,137,332
16289,-1.19948738210739,FALSE,222,222
16290,1.38543210913031,FALSE,994,994
16291,-2.06215969095225,FALSE,849,849
16292,-2.00019623825466,FALSE,95,95
16293,-1.66330650387483,FALSE,928,928
16294,-0.0848181402347709,FALSE,223,223
16295,-0.0285076317840737,FALSE,181,181
16296,-0.496182669060769,FALSE,294,294
16297,-0.57044583757464,FALSE,7,7
16298,0.605606386754232,TRUE,534,734
16299,-1.30612415385984,FALSE,458,458
16300,-0.0730776014571468,TRUE,580,775
16301,-0.14088716825905,FALSE,890,890
16302,-0.703107351837049,TRUE,855,926
16303,0.21085280960361,FALSE,650,650
16304,0.797004338163093,FALSE,307,307
16305,-0.511450444283079,FALSE,805,805
16306,-0.715919241869871,FALSE,729,729
16307,1.93869326005656,FALSE,856,856
16308,-0.160694486014827,TRUE,695,539
16309,-2.78612021042337,FALSE,362,362
16310,0.557669013484781,TRUE,973,20
16311,0.832567510461422,TRUE,664,489
16312,-0.158984237833882,FALSE,168,168
16313,1.36967366131587,FALSE,159,159
16314,-0.549986668691515,FALSE,281,281
16315,0.106621892763905,FALSE,352,352
16316,-0.993353767821656,TRUE,170,75
16317,-0.288400654812561,FALSE,782,782
16318,-0.906889619683539,FALSE,479,479
16319,-1.66665531100075,FALSE,15,15
16320,-0.0466536110574153,FALSE,983,983
16321,-1.64411397165019,FALSE,208,208
16322,-0.117110064941911,FALSE,881,881
16323,1.14622193343858,FALSE,723,723
16324,-0.464937538071999,TRUE,72,36
16325,-2.19083549772171,FALSE,252,252
16326,-0.238840517301647,FALSE,456,456
16327,-0.305645306175101,FALSE,77,77
16328,-0.805229219628744,FALSE,607,607
16329,1.84814525558783,TRUE,668,404
16330,-0.670983411513032,FALSE,464,464
16331,1.60811112045636,FALSE,308,308
16332,-0.47751197132586,TRUE,316,738
16333,0.0777535277618026,FALSE,590,590
16334,-0.169412666247529,FALSE,798,798
16335,-0.555645475275389,FALSE,994,994
16336,-0.865475406042588,FALSE,937,937
16337,-0.802116987549829,FALSE,597,597
16338,-0.805359467139004,FALSE,110,110
16339,0.285706107685846,TRUE,442,188
16340,-0.358363441325471,FALSE,398,398
16341,-0.220672282069333,FALSE,671,671
16342,-0.0136033099055035,FALSE,847,847
16343,-0.0543359324523241,TRUE,123,317
16344,-1.16957590062192,TRUE,263,186
16345,-0.132125329349187,FALSE,324,324
16346,-0.705916828660608,FALSE,350,350
16347,-0.111083659234811,FALSE,270,270
16348,-0.811624470295614,FALSE,16,16
16349,-0.348536518886332,FALSE,331,331
16350,-0.189496471938063,FALSE,654,654
16351,2.47160815177632,TRUE,458,436
16352,-1.79445298761799,FALSE,60,60
16353,0.141826146310376,FALSE,312,312
16354,-0.0725859995288752,FALSE,733,733
16355,-0.591672199067697,FALSE,202,202
16356,-0.734834941312737,TRUE,794,458
16357,0.00283355755004888,TRUE,342,253
16358,0.383262497779889,TRUE,247,942
16359,-0.232300002846035,FALSE,13,13
16360,-1.37646729686222,TRUE,157,841
16361,0.778603669605958,FALSE,34,34
16362,0.410905204989447,FALSE,832,832
16363,-0.694544698849037,FALSE,699,699
16364,0.671471234134115,FALSE,50,50
16365,0.22103324521825,FALSE,420,420
16366,-0.35962933858176,TRUE,113,674
16367,0.336418056737826,FALSE,757,757
16368,-0.386741358632762,FALSE,329,329
16369,-1.27923025059628,FALSE,31,31
16370,-0.0701637324667797,TRUE,751,39
16371,2.27262674959921,TRUE,963,875
16372,0.171091741326732,FALSE,486,486
16373,-0.474964413988763,TRUE,94,496
16374,0.56514755030561,FALSE,425,425
16375,-0.526036761916081,FALSE,684,684
16376,-1.23944990447366,FALSE,539,539
16377,-0.905798638218608,FALSE,250,250
16378,1.03349150472025,FALSE,793,793
16379,1.06580379572641,FALSE,230,230
16380,-0.454116133777693,FALSE,48,48
16381,1.40257529917443,FALSE,374,374
16382,-0.678325967134799,FALSE,919,919
16383,0.533852931847537,FALSE,917,917
16384,-2.39963239125028,TRUE,914,926
16385,0.150502494250082,TRUE,277,446
16386,1.83258043413216,FALSE,347,347
16387,-2.00076017545019,TRUE,661,997
16388,-0.846059143389787,FALSE,432,432
16389,1.79160624975889,TRUE,436,993
16390,0.0324515251826681,FALSE,289,289
16391,1.49011195846271,TRUE,473,98
16392,0.39682747723738,TRUE,246,3
16393,1.976199876787,TRUE,594,515
16394,-0.0552635402695816,FALSE,593,593
16395,-0.179746556523991,TRUE,41,270
16396,-2.08694012622033,TRUE,852,583
16397,-1.13225028110798,FALSE,530,530
16398,-0.534841748142,TRUE,871,928
16399,0.94973867646174,FALSE,696,696
16400,-0.187870796292563,FALSE,245,245
16401,1.22858873206343,TRUE,421,822
16402,1.97276098969578,FALSE,573,573
16403,0.66144439094738,FALSE,774,774
16404,0.238442354846398,FALSE,36,36
16405,-1.48913093389637,FALSE,965,965
16406,1.01461210878983,FALSE,833,833
16407,1.82291297916584,FALSE,108,108
16408,-0.310081854239699,FALSE,230,230
16409,-0.256018801889674,FALSE,982,982
16410,0.928692587924241,FALSE,251,251
16411,-0.128914653732993,FALSE,379,379
16412,-1.59442287242713,FALSE,154,154
16413,-1.11449919127145,FALSE,480,480
16414,1.18708644908241,FALSE,727,727
16415,1.53525309614402,FALSE,901,901
16416,-0.292860490783666,TRUE,275,315
16417,0.789069158729249,FALSE,998,998
16418,-1.56251681531226,FALSE,102,102
16419,-0.293099948050454,TRUE,471,826
16420,-0.38009310722604,FALSE,996,996
16421,0.234336930495145,FALSE,787,787
16422,-0.553911745429569,FALSE,408,408
16423,-0.359888761088508,FALSE,5,5
16424,0.0942423404115573,FALSE,968,968
16425,-0.974514377612959,FALSE,67,67
16426,-1.02343942731099,FALSE,860,860
16427,0.840337907085393,FALSE,925,925
16428,-0.989768834444692,TRUE,299,442
16429,1.08167011713119,FALSE,117,117
16430,-1.48166199061081,FALSE,644,644
16431,-0.238056351001862,FALSE,385,385
16432,-2.16101380092146,TRUE,183,619
16433,0.164106329245429,FALSE,397,397
16434,0.234112259406957,FALSE,730,730
16435,0.639976383678171,FALSE,736,736
16436,-0.988531747646457,FALSE,284,284
16437,-2.46082537935264,FALSE,555,555
16438,-0.345442876884254,FALSE,681,681
16439,-1.45432537185152,FALSE,187,187
16440,-0.28596969716416,FALSE,753,753
16441,0.94204947090725,FALSE,724,724
16442,0.648061865679998,FALSE,935,935
16443,1.05755289326058,TRUE,240,887
16444,0.412967354254118,FALSE,689,689
16445,0.0840358524807386,TRUE,219,683
16446,1.65228224480624,TRUE,203,237
16447,0.294716453667427,TRUE,843,804
16448,0.550260212264119,TRUE,699,467
16449,0.858764031385485,FALSE,722,722
16450,-0.376065021193467,TRUE,714,810
16451,-0.53174655782197,FALSE,429,429
16452,-1.34418691832011,FALSE,769,769
16453,-0.00361246865010369,FALSE,344,344
16454,0.637807743742665,TRUE,560,881
16455,-0.49507803341408,FALSE,209,209
16456,0.410293925866591,FALSE,357,357
16457,0.0583363945199381,FALSE,586,586
16458,0.403039662260288,FALSE,363,363
16459,-0.659413701712849,TRUE,658,879
16460,-0.352091681908669,TRUE,401,5
16461,-0.44416787578578,FALSE,700,700
16462,-0.0181509996487097,TRUE,740,960
16463,0.448208953768055,FALSE,415,415
16464,-0.326900394413499,FALSE,394,394
16465,-1.74305919186531,FALSE,676,676
16466,-0.595205585595441,FALSE,836,836
16467,-1.22249159247448,FALSE,415,415
16468,-0.743762142668157,FALSE,571,571
16469,0.265316244089351,FALSE,167,167
16470,0.275808460395407,FALSE,461,461
16471,1.5349747731147,TRUE,461,846
16472,-0.247219905422836,TRUE,180,382
16473,-0.578631078645989,FALSE,359,359
16474,0.000151249717448085,FALSE,686,686
16475,-0.816029178286768,TRUE,449,641
16476,0.602106899009581,TRUE,306,55
16477,0.297326688492089,FALSE,363,363
16478,0.226201472134701,TRUE,713,93
16479,1.01898997422917,FALSE,851,851
16480,1.5647769253909,FALSE,414,414
16481,-0.416201996966429,FALSE,903,903
16482,1.17968916077303,FALSE,539,539
16483,0.241807961853984,FALSE,714,714
16484,1.60386128421946,FALSE,681,681
16485,1.62430489877973,FALSE,672,672
16486,0.872684626169034,FALSE,307,307
16487,1.66899928729735,FALSE,923,923
16488,-0.0792615163527088,FALSE,663,663
16489,-1.28809187745977,FALSE,234,234
16490,-0.154158006264543,FALSE,562,562
16491,-1.45712487888191,TRUE,904,42
16492,0.242762744832131,FALSE,987,987
16493,-0.19012057756964,TRUE,938,731
16494,0.018455707469752,FALSE,524,524
16495,-0.965208367067033,FALSE,230,230
16496,0.213035300741619,FALSE,332,332
16497,0.671279787397212,FALSE,35,35
16498,-0.194874400110826,FALSE,866,866
16499,-0.0257184856393106,FALSE,207,207
16500,-0.518380631311892,TRUE,55,205
16501,-0.168231671354089,TRUE,960,124
16502,-0.825979233961362,TRUE,96,375
16503,-1.01609333853064,TRUE,603,462
16504,0.128361154395269,FALSE,615,615
16505,-1.12563989741023,FALSE,127,127
16506,-1.30000112742102,FALSE,481,481
16507,0.256876140409344,FALSE,630,630
16508,0.565205088346731,FALSE,553,553
16509,0.797985196802597,FALSE,37,37
16510,-1.14738570992142,FALSE,676,676
16511,1.64726269757526,FALSE,490,490
16512,-0.19778988663779,FALSE,441,441
16513,0.837358396413358,FALSE,1,1
16514,-1.53362644517243,TRUE,545,555
16515,0.689953063198705,TRUE,831,204
16516,0.391570765949862,FALSE,667,667
16517,0.463020917092721,TRUE,241,315
16518,1.79332555531801,FALSE,514,514
16519,0.519430947728194,FALSE,813,813
16520,0.722251062715083,FALSE,379,379
16521,0.0833474115941273,FALSE,683,683
16522,0.12128882646358,TRUE,898,525
16523,0.373988183729635,FALSE,111,111
16524,0.536597029097208,FALSE,914,914
16525,-0.897978354554385,FALSE,412,412
16526,0.331675947491138,TRUE,180,101
16527,-0.482238295337088,FALSE,319,319
16528,-1.33294997052859,TRUE,567,560
16529,-0.0754830334905776,TRUE,822,404
16530,-1.47360403043834,FALSE,33,33
16531,-0.4085335160356,TRUE,502,834
16532,0.22471704841063,TRUE,579,173
16533,-1.08832683137102,TRUE,883,372
16534,-1.30923053633598,TRUE,272,30
16535,1.4896275070908,FALSE,861,861
16536,0.32584736769847,FALSE,115,115
16537,-0.347422964259821,FALSE,159,159
16538,1.26139862372381,FALSE,427,427
16539,-0.77789747790894,FALSE,972,972
16540,0.522934410328461,FALSE,975,975
16541,-0.330766349975945,FALSE,853,853
16542,0.565973475728729,TRUE,818,642
16543,0.496481801620282,FALSE,997,997
16544,0.768580544642106,FALSE,843,843
16545,0.264429520445632,FALSE,443,443
16546,0.644228647116336,FALSE,705,705
16547,-0.98569291260685,TRUE,793,225
16548,1.0900158278812,FALSE,803,803
16549,-1.84160516189901,TRUE,559,258
16550,-1.92729341246533,TRUE,131,129
16551,-0.778456385480729,FALSE,615,615
16552,0.0613096589302679,FALSE,344,344
16553,0.181297261533259,TRUE,437,662
16554,1.05158435088778,FALSE,398,398
16555,1.05589188191053,FALSE,610,610
16556,-0.564641425947917,TRUE,688,809
16557,0.635182208761523,FALSE,857,857
16558,0.494845391142779,FALSE,302,302
16559,1.19972933370768,TRUE,418,611
16560,0.0174246634714838,TRUE,0,217
16561,0.471975404424198,FALSE,954,954
16562,-0.454764896205935,FALSE,494,494
16563,0.132410744417352,TRUE,866,639
16564,-0.735154268489338,TRUE,873,702
16565,-1.80095199467444,FALSE,159,159
16566,1.13134055221603,FALSE,761,761
16567,0.662462098677329,FALSE,465,465
16568,-0.299656492872603,FALSE,44,44
16569,-1.08262572015804,FALSE,869,869
16570,-1.46738869281305,TRUE,581,906
16571,-0.431697990318721,FALSE,563,563
16572,0.481960574219159,FALSE,931,931
16573,0.672157622670729,FALSE,569,569
16574,-0.0485195714955049,FALSE,994,994
16575,-0.511806631024453,FALSE,820,820
16576,1.48625346257427,FALSE,984,984
16577,-0.167580249143594,FALSE,158,158
16578,0.0857137162781853,FALSE,965,965
16579,-0.609407473158241,FALSE,252,252
16580,0.364763300222304,FALSE,755,755
16581,0.674448104728973,FALSE,137,137
16582,0.553610840132049,TRUE,605,653
16583,0.437346638095735,FALSE,619,619
16584,1.32439537706524,FALSE,317,317
16585,0.555795638085292,TRUE,630,110
16586,-0.783983750660386,FALSE,44,44
16587,-0.749590418635777,FALSE,567,567
16588,-0.635790832607435,FALSE,290,290
16589,-0.487606567808275,FALSE,499,499
16590,1.81809432754431,TRUE,681,522
16591,-0.584518163162891,FALSE,564,564
16592,0.0146894237073033,FALSE,85,85
16593,0.572111135663056,FALSE,390,390
16594,-0.316724469335398,TRUE,981,65
16595,1.30547484957149,TRUE,970,552
16596,-1.31137460456492,FALSE,594,594
16597,1.20421030755043,FALSE,239,239
16598,0.820464320112705,FALSE,795,795
16599,2.28684009052861,TRUE,681,439
16600,-0.129988785132844,FALSE,606,606
16601,0.277238363393011,FALSE,714,714
16602,1.49631120257041,FALSE,553,553
16603,-1.45969588924498,FALSE,575,575
16604,-0.117754591445942,FALSE,890,890
16605,-0.0208351970249039,TRUE,997,195
16606,-0.371134607126921,TRUE,264,157
16607,0.865995085634793,TRUE,420,314
16608,-0.326244355448551,FALSE,128,128
16609,-0.592172209123592,TRUE,439,867
16610,0.413502687813459,FALSE,573,573
16611,-0.170881369023441,FALSE,184,184
16612,0.336360660611148,FALSE,57,57
16613,-1.54757477672222,FALSE,168,168
16614,0.13007710749015,FALSE,472,472
16615,1.14795184242058,FALSE,783,783
16616,-0.82635466352656,TRUE,283,207
16617,-2.08237883906429,FALSE,686,686
16618,0.580062328182527,FALSE,50,50
16619,-1.89560644763722,FALSE,919,919
16620,-0.25942831076393,TRUE,480,391
16621,1.41972979164475,FALSE,460,460
16622,-0.881310291583059,FALSE,529,529
16623,-1.28448675555723,FALSE,375,375
16624,0.195575938914091,FALSE,795,795
16625,0.35363343450663,TRUE,454,270
16626,-0.186670724339901,FALSE,101,101
16627,0.365728469898365,FALSE,989,989
16628,0.279078241657495,FALSE,479,479
16629,1.43125853418944,TRUE,628,437
16630,1.01713148954142,FALSE,199,199
16631,0.941531857574927,FALSE,366,366
16632,-0.628998931327715,TRUE,179,610
16633,-1.58923834535861,FALSE,110,110
16634,-0.142651141271315,FALSE,475,475
16635,-1.18358516355262,FALSE,818,818
16636,1.07182859490814,FALSE,116,116
16637,-0.556469370280915,FALSE,459,459
16638,-0.204979319666542,FALSE,858,858
16639,1.98150870929718,FALSE,276,276
16640,0.0815966702269022,FALSE,897,897
16641,-1.1072429493257,TRUE,357,969
16642,1.00717742135516,FALSE,286,286
16643,-1.88610518803513,TRUE,119,916
16644,1.21898705032084,FALSE,743,743
16645,1.72203390567508,FALSE,392,392
16646,-2.57307640391793,FALSE,748,748
16647,-0.476128707173833,FALSE,707,707
16648,-0.0636679558700552,FALSE,605,605
16649,0.0186293495584743,FALSE,624,624
16650,0.506037414864887,TRUE,665,281
16651,0.074958529153235,TRUE,678,651
16652,-0.330877281444772,TRUE,603,233
16653,-0.0500190050766679,FALSE,830,830
16654,0.57596910155926,TRUE,876,40
16655,-0.516104744213038,TRUE,558,61
16656,-0.789066324697234,FALSE,450,450
16657,0.713566728094226,FALSE,795,795
16658,0.460687660354706,FALSE,694,694
16659,-0.945278743161821,FALSE,297,297
16660,1.31552395568623,TRUE,700,79
16661,-0.872331718335951,FALSE,649,649
16662,-0.292986229826696,TRUE,983,946
16663,0.292010597923927,FALSE,832,832
16664,0.171590308036425,TRUE,401,344
16665,-1.0525896627241,FALSE,753,753
16666,-0.533962028663518,TRUE,203,136
16667,1.43560377330175,FALSE,357,357
16668,-0.966340474381154,FALSE,872,872
16669,-0.397996781263615,FALSE,877,877
16670,0.198706668239593,FALSE,201,201
16671,-0.0515191077553239,TRUE,870,644
16672,-0.573371555805397,FALSE,578,578
16673,-0.779553283845342,FALSE,389,389
16674,-1.06948418942537,FALSE,199,199
16675,-0.258914973549555,FALSE,977,977
16676,0.980878790345334,FALSE,481,481
16677,1.66037130025731,FALSE,648,648
16678,1.05587236721845,FALSE,878,878
16679,-0.715344929877317,FALSE,757,757
16680,1.12536914902054,FALSE,995,995
16681,0.257102538537488,TRUE,428,511
16682,-0.202394029239461,TRUE,76,590
16683,-1.22388122857905,FALSE,451,451
16684,-0.104916844906647,FALSE,405,405
16685,-0.279431249892675,FALSE,628,628
16686,1.05123475069176,FALSE,533,533
16687,0.68947320086377,FALSE,309,309
16688,1.16814598967627,FALSE,225,225
16689,-0.651498588328941,TRUE,699,673
16690,-1.48392232756149,TRUE,380,901
16691,-0.898074330119716,FALSE,134,134
16692,-0.345535567161159,FALSE,577,577
16693,-0.601167548760639,FALSE,718,718
16694,-0.0378119927057446,FALSE,177,177
16695,2.19456247005751,FALSE,532,532
16696,-2.32506972501896,TRUE,207,214
16697,0.0819732179348335,FALSE,437,437
16698,0.23301239919963,TRUE,650,666
16699,-0.00717415248641798,FALSE,346,346
16700,-0.51162587594071,TRUE,108,587
16701,-0.610297634986513,FALSE,430,430
16702,1.08492533012816,FALSE,150,150
16703,0.205409904417287,FALSE,29,29
16704,0.655701866530337,TRUE,224,976
16705,-1.19602831400027,TRUE,149,975
16706,0.105793090357062,FALSE,657,657
16707,-1.69414298743733,FALSE,782,782
16708,0.110529358393468,FALSE,436,436
16709,-0.475118793302091,FALSE,922,922
16710,1.12276813943515,TRUE,898,718
16711,0.280410361212201,FALSE,756,756
16712,1.09664741009533,FALSE,433,433
16713,1.51902940050423,FALSE,58,58
16714,0.718270178031504,FALSE,127,127
16715,0.368992518001088,FALSE,44,44
16716,-0.176770782784811,FALSE,922,922
16717,-1.52189191659968,FALSE,473,473
16718,0.0425947422271965,FALSE,304,304
16719,0.301450344916333,FALSE,466,466
16720,-0.0222006926523443,FALSE,473,473
16721,-1.99739459437849,FALSE,831,831
16722,-0.388744875922984,FALSE,423,423
16723,-0.0099362441477706,FALSE,589,589
16724,-0.224558437082932,FALSE,580,580
16725,0.094581503403354,FALSE,337,337
16726,2.00020968390143,FALSE,220,220
16727,-2.21609362771137,FALSE,787,787
16728,-1.0932060040351,FALSE,870,870
16729,0.904587162941418,FALSE,418,418
16730,0.295731939554567,FALSE,250,250
16731,-0.451686720189212,TRUE,870,273
16732,-1.2189542122148,FALSE,912,912
16733,0.0855252494511631,FALSE,525,525
16734,-0.173847826476809,FALSE,496,496
16735,-1.62450262670859,FALSE,323,323
16736,-0.8730844121218,FALSE,139,139
16737,0.400146960008179,TRUE,692,180
16738,-1.04275846804256,FALSE,854,854
16739,0.487605425488028,FALSE,712,712
16740,0.664289325631513,FALSE,694,694
16741,-0.142644596681776,FALSE,532,532
16742,0.0474548844579296,TRUE,249,620
16743,0.224360753260357,FALSE,550,550
16744,0.524885054739152,FALSE,615,615
16745,-1.4796669266279,FALSE,243,243
16746,-1.06020950300935,FALSE,760,760
16747,-0.895765004328872,TRUE,575,623
16748,0.948393263472602,FALSE,773,773
16749,2.73260131125037,FALSE,110,110
16750,0.754463474292795,TRUE,744,31
16751,0.788136560273516,FALSE,675,675
16752,-2.08640497957343,FALSE,125,125
16753,-1.15121853863013,FALSE,135,135
16754,-0.53404814767725,FALSE,318,318
16755,0.0242826737977472,FALSE,634,634
16756,-0.489142712497446,FALSE,617,617
16757,0.873593520645051,FALSE,35,35
16758,0.161272810914354,FALSE,3,3
16759,-1.98565830601894,FALSE,459,459
16760,-0.242079366542842,FALSE,173,173
16761,-1.07109282584719,FALSE,648,648
16762,-0.12882633673077,FALSE,22,22
16763,1.31369648531165,FALSE,814,814
16764,-0.842126692629919,FALSE,482,482
16765,1.06898001070036,TRUE,752,958
16766,-0.933865750679833,FALSE,360,360
16767,-0.641855620959978,TRUE,278,680
16768,0.227308850322086,TRUE,425,473
16769,-0.0776028203462782,FALSE,515,515
16770,2.48745837144904,TRUE,837,412
16771,-1.69393903576622,FALSE,905,905
16772,0.11461846737111,FALSE,888,888
16773,1.48231893295382,FALSE,120,120
16774,-0.0942841251852751,FALSE,575,575
16775,-0.00741502136955096,FALSE,760,760
16776,0.873826449318803,FALSE,292,292
16777,-0.371193071314022,FALSE,462,462
16778,0.399144177206655,FALSE,390,390
16779,1.74393083606482,TRUE,313,479
16780,0.312065852203048,FALSE,386,386
16781,0.107395239839245,FALSE,866,866
16782,-1.18232107698533,FALSE,753,753
16783,-0.294825249867662,TRUE,709,265
16784,-0.787978110499617,FALSE,238,238
16785,-0.742150421617257,TRUE,114,375
16786,0.412222849085319,FALSE,389,389
16787,0.954701825579583,FALSE,351,351
16788,-1.19950933600627,FALSE,375,375
16789,-0.806096902574245,TRUE,264,387
16790,-1.91549547877921,TRUE,518,341
16791,-0.132737310969788,TRUE,803,553
16792,1.1728148308075,FALSE,561,561
16793,0.00923787897483782,FALSE,264,264
16794,0.295779327593573,FALSE,643,643
16795,-0.744839865849363,TRUE,735,739
16796,-1.42180055838148,FALSE,638,638
16797,0.136751558032113,TRUE,106,895
16798,-1.39101992528331,TRUE,84,447
16799,-1.07740295058301,TRUE,154,383
16800,0.323286355473127,FALSE,637,637
16801,0.319138250886915,FALSE,474,474
16802,0.068554830403744,FALSE,517,517
16803,0.838028336604986,FALSE,12,12
16804,-0.208013207606667,FALSE,577,577
16805,0.24701780829266,FALSE,727,727
16806,-0.867323795921959,FALSE,280,280
16807,-1.20290122890375,TRUE,271,823
16808,0.145613706527865,TRUE,245,595
16809,-1.0539041627612,FALSE,128,128
16810,0.712337655042217,FALSE,183,183
16811,-1.84186355429631,FALSE,41,41
16812,0.928350111501106,TRUE,974,950
16813,-0.55805685655912,TRUE,555,817
16814,1.25042392794413,FALSE,941,941
16815,-0.602466540200674,TRUE,212,910
16816,-0.0363198169487109,TRUE,301,971
16817,-1.08887848649344,FALSE,231,231
16818,-0.295202817003388,FALSE,267,267
16819,1.91699685898147,FALSE,680,680
16820,1.98017892995511,FALSE,971,971
16821,-1.17588729724705,TRUE,339,739
16822,0.0294070940958104,FALSE,336,336
16823,0.66203362982974,TRUE,37,377
16824,1.67401769932964,TRUE,825,904
16825,0.109518482972801,FALSE,769,769
16826,1.53658528891958,TRUE,685,535
16827,0.587938331582546,FALSE,815,815
16828,-0.567445232734065,TRUE,614,59
16829,0.254040812792605,FALSE,373,373
16830,-1.08606489012377,FALSE,519,519
16831,0.192103001719132,FALSE,379,379
16832,0.27211210375875,FALSE,696,696
16833,0.0640415346559259,FALSE,500,500
16834,1.53543765931332,FALSE,320,320
16835,-0.795874045819981,FALSE,14,14
16836,2.02898577599649,FALSE,961,961
16837,0.742735716083434,FALSE,115,115
16838,0.108330025343863,TRUE,50,233
16839,-0.986931180140826,FALSE,257,257
16840,-1.88155421684497,FALSE,71,71
16841,-1.22539585952725,FALSE,857,857
16842,0.150287281690579,FALSE,654,654
16843,-0.602690335440304,FALSE,34,34
16844,-1.18330530726189,FALSE,865,865
16845,1.44336277768441,FALSE,890,890
16846,-0.964109658432263,FALSE,234,234
16847,-0.899291740750779,FALSE,414,414
16848,-0.69909185782357,TRUE,996,254
16849,0.894097546374627,FALSE,384,384
16850,-0.367744105645956,FALSE,370,370
16851,1.22358326717325,TRUE,655,50
16852,0.31719024625284,FALSE,609,609
16853,1.12677554081716,TRUE,396,736
16854,-0.414280591942555,TRUE,156,301
16855,-1.09744843409701,FALSE,901,901
16856,-2.06042852871508,TRUE,685,511
16857,-0.570576976074474,FALSE,380,380
16858,-1.54790329719306,FALSE,277,277
16859,0.296132556544075,TRUE,753,11
16860,-0.441122935646999,FALSE,29,29
16861,-0.342760324250598,FALSE,729,729
16862,-1.12196278447308,TRUE,876,561
16863,-0.311611952870853,FALSE,80,80
16864,-1.75695822943811,FALSE,786,786
16865,1.15802562080894,FALSE,334,334
16866,-0.842792115497977,TRUE,412,655
16867,-0.789866113399731,FALSE,875,875
16868,0.155511428802798,FALSE,678,678
16869,-0.337327058087517,FALSE,550,550
16870,-0.221865931475959,FALSE,489,489
16871,1.17477592136337,FALSE,226,226
16872,-1.84097842458452,FALSE,80,80
16873,-0.0661110517808991,FALSE,962,962
16874,-0.520529114941408,FALSE,730,730
16875,0.45563791532845,FALSE,152,152
16876,0.295568785838523,TRUE,428,813
16877,-2.04351633804657,TRUE,555,325
16878,-1.45271605837822,TRUE,767,785
16879,-0.450241546507452,FALSE,982,982
16880,1.78436821962776,TRUE,598,50
16881,-0.882248273420298,FALSE,798,798
16882,-0.0785816899498884,FALSE,337,337
16883,0.853750348208349,FALSE,290,290
16884,2.74089861206187,TRUE,543,759
16885,2.27086825996856,FALSE,238,238
16886,1.52580670526218,FALSE,936,936
16887,0.163936816234228,FALSE,287,287
16888,-1.00472973834651,TRUE,50,931
16889,-0.204216872043378,FALSE,183,183
16890,1.05118210379483,FALSE,409,409
16891,1.23772598020526,FALSE,686,686
16892,-0.183689303946835,FALSE,638,638
16893,-0.821877129785125,FALSE,613,613
16894,-0.518743081939278,TRUE,621,434
16895,-1.0138509277509,FALSE,465,465
16896,2.92705016337743,FALSE,244,244
16897,0.888041113478497,FALSE,279,279
16898,-1.01747030601825,FALSE,83,83
16899,-1.08656142130632,TRUE,423,148
16900,1.13290808654322,FALSE,525,525
16901,-0.397079187114098,FALSE,508,508
16902,0.189211242773587,FALSE,366,366
16903,-1.87027523543324,FALSE,312,312
16904,-0.329032567568547,FALSE,123,123
16905,0.858976945988148,FALSE,670,670
16906,1.32323174291032,FALSE,47,47
16907,0.00690820697475125,TRUE,17,185
16908,-1.81052355692076,FALSE,295,295
16909,-0.0752362106875648,FALSE,24,24
16910,0.255276804053118,FALSE,579,579
16911,-0.670916768081512,FALSE,866,866
16912,-0.746339675738161,FALSE,356,356
16913,-0.722329402245245,FALSE,261,261
16914,1.93838010474177,FALSE,902,902
16915,1.53414836949534,FALSE,239,239
16916,-0.323811539666117,FALSE,996,996
16917,-2.07567917218012,FALSE,466,466
16918,-0.84255233201743,TRUE,422,652
16919,-0.635193752369467,FALSE,464,464
16920,-1.04328569193561,FALSE,739,739
16921,0.77012546021676,TRUE,557,293
16922,-0.363602883068888,FALSE,742,742
16923,0.447363839598365,FALSE,579,579
16924,-0.0599280413283904,FALSE,903,903
16925,-1.62884810290013,FALSE,132,132
16926,0.328325736293964,FALSE,840,840
16927,-0.171461689204862,FALSE,973,973
16928,-0.973807094241863,FALSE,960,960
16929,-0.868962505965223,FALSE,114,114
16930,0.0905486798821877,FALSE,656,656
16931,-2.19897501705203,FALSE,817,817
16932,-1.32504220363782,FALSE,111,111
16933,-0.11009798564606,FALSE,645,645
16934,-0.543158709942921,TRUE,458,804
16935,-0.664778676464408,TRUE,997,184
16936,0.964851801412582,FALSE,719,719
16937,-0.0684163175259126,FALSE,472,472
16938,0.498040158227863,TRUE,276,128
16939,-1.64572543109757,FALSE,257,257
16940,0.872492468459768,TRUE,502,300
16941,-0.26805394055823,FALSE,640,640
16942,-0.509191708535937,TRUE,639,442
16943,-0.496359786771354,TRUE,990,264
16944,0.627262389039944,TRUE,547,438
16945,-1.63908827905509,TRUE,378,287
16946,-2.32942487485566,FALSE,782,782
16947,-1.76328372712179,TRUE,78,830
16948,1.17850095127877,FALSE,909,909
16949,0.241951775251666,FALSE,501,501
16950,0.973443420189088,FALSE,651,651
16951,0.454480501159308,TRUE,558,151
16952,2.31461979027597,FALSE,137,137
16953,0.736993880029639,FALSE,823,823
16954,0.00930747506987078,TRUE,891,296
16955,-0.0562911828428189,FALSE,527,527
16956,0.105866961514529,TRUE,774,18
16957,1.37499554220136,FALSE,748,748
16958,1.79179425811162,FALSE,197,197
16959,1.54799620475114,TRUE,939,261
16960,0.0166251208198403,FALSE,36,36
16961,-1.81513669052228,TRUE,270,76
16962,-1.5478637038517,FALSE,127,127
16963,-1.00758080387474,TRUE,968,674
16964,-0.266456117208721,FALSE,516,516
16965,-0.826196393803041,FALSE,91,91
16966,-1.26187715317109,FALSE,835,835
16967,-0.201677506204363,FALSE,738,738
16968,-0.994751800077282,FALSE,145,145
16969,-0.408505303769794,TRUE,608,982
16970,2.4134620948171,FALSE,304,304
16971,-1.43768814243924,FALSE,933,933
16972,-1.1214780246378,FALSE,175,175
16973,1.9122661796124,FALSE,416,416
16974,-0.505738406847151,FALSE,579,579
16975,-0.598247601020043,FALSE,467,467
16976,-0.322967220155995,TRUE,287,556
16977,-1.88976907793217,FALSE,526,526
16978,2.1558970727552,FALSE,722,722
16979,-0.606534919117842,FALSE,201,201
16980,0.0233895828590145,FALSE,907,907
16981,-0.484962551203514,FALSE,916,916
16982,0.823615772793469,FALSE,809,809
16983,-0.0224723468015048,FALSE,183,183
16984,1.29722859430729,TRUE,577,812
16985,2.91743983625458,TRUE,50,749
16986,-1.11428345494951,FALSE,688,688
16987,0.0449555502125278,TRUE,176,734
16988,-0.491499664493487,FALSE,157,157
16989,-0.103951102153696,TRUE,647,771
16990,-0.206190824445724,FALSE,313,313
16991,1.70312467214461,FALSE,260,260
16992,1.87202691634842,FALSE,201,201
16993,0.714328566965794,FALSE,290,290
16994,0.362643662425708,FALSE,313,313
16995,-0.781367255048683,FALSE,682,682
16996,0.568090430045135,FALSE,624,624
16997,-0.235464770960171,FALSE,577,577
16998,-0.841056823911208,FALSE,397,397
16999,-1.03069038609399,TRUE,389,458
17000,0.716672136459729,TRUE,858,993
17001,-0.283501470326998,FALSE,168,168
17002,-1.13546369605092,FALSE,985,985
17003,-0.632816610132082,FALSE,692,692
17004,1.3511612455984,FALSE,163,163
17005,-1.96784648453447,TRUE,997,915
17006,0.690127318138919,TRUE,382,845
17007,1.1774054428478,TRUE,145,343
17008,1.16011302564375,FALSE,779,779
17009,0.635575140829705,FALSE,609,609
17010,-1.59615198411681,TRUE,634,979
17011,-0.163100883643463,TRUE,428,871
17012,-1.44324021265801,FALSE,283,283
17013,-0.631247703551547,FALSE,419,419
17014,0.158378344138519,FALSE,999,999
17015,0.356961698560736,FALSE,118,118
17016,1.18065536819851,FALSE,167,167
17017,0.0950198921459256,FALSE,410,410
17018,-0.0553698695640779,FALSE,171,171
17019,-0.154673086412954,TRUE,364,456
17020,-0.0446659771496857,FALSE,274,274
17021,-1.03094555703188,FALSE,856,856
17022,-2.20710070683711,FALSE,991,991
17023,-1.54757441672894,FALSE,13,13
17024,0.870084256857824,FALSE,570,570
17025,1.88545643130557,FALSE,374,374
17026,-0.633635940130597,FALSE,514,514
17027,-0.453467434834039,FALSE,347,347
17028,-0.232688889682561,FALSE,502,502
17029,0.714488212441339,FALSE,103,103
17030,-0.968767111247949,FALSE,755,755
17031,-0.802997529543349,FALSE,795,795
17032,-0.33539666968278,FALSE,344,344
17033,0.694615615989112,FALSE,191,191
17034,1.31728960607412,FALSE,575,575
17035,-0.012350983631076,FALSE,411,411
17036,0.488292812717705,TRUE,355,722
17037,-1.23765725813739,FALSE,107,107
17038,-0.765448984633261,FALSE,970,970
17039,-1.44666363859372,FALSE,421,421
17040,-1.15279299350125,FALSE,327,327
17041,-1.46633133386098,FALSE,307,307
17042,1.00264834589345,TRUE,105,684
17043,-0.46828834269235,TRUE,750,570
17044,0.367563204801117,FALSE,769,769
17045,0.431081459507958,FALSE,489,489
17046,-1.29194269520881,TRUE,662,476
17047,0.262697724498057,FALSE,988,988
17048,1.17543715121958,TRUE,776,224
17049,-0.206698775113228,FALSE,225,225
17050,-0.0818873043312982,TRUE,327,590
17051,-0.039674040072978,FALSE,867,867
17052,-0.380500159627615,FALSE,74,74
17053,-0.22169489388339,FALSE,817,817
17054,0.349983697964523,FALSE,670,670
17055,0.23085600284053,FALSE,86,86
17056,-0.690966473156886,TRUE,501,939
17057,-0.443210834243366,TRUE,99,955
17058,2.87751983821064,FALSE,113,113
17059,-1.86337471067619,TRUE,103,904
17060,0.953203518696552,FALSE,139,139
17061,1.11072247518569,FALSE,915,915
17062,-1.63338801693691,FALSE,472,472
17063,-0.395222493901185,FALSE,763,763
17064,-1.27014915256884,FALSE,383,383
17065,-1.01121498561948,FALSE,503,503
17066,0.293054307860482,FALSE,573,573
17067,0.617429867398381,TRUE,478,138
17068,-0.358841148138926,FALSE,304,304
17069,0.00392358198281824,FALSE,325,325
17070,-0.0973054351825204,FALSE,503,503
17071,0.404363835124735,FALSE,645,645
17072,-2.20578002376702,FALSE,325,325
17073,2.0769711811719,FALSE,700,700
17074,-0.313892830739597,FALSE,779,779
17075,-0.393977324033578,TRUE,707,926
17076,1.94245317653805,FALSE,741,741
17077,-0.648293632315276,FALSE,848,848
17078,0.423657977576067,FALSE,528,528
17079,-0.271395880518306,FALSE,36,36
17080,-0.11598606511857,FALSE,962,962
17081,-0.812655675848597,FALSE,571,571
17082,0.643016736336701,FALSE,94,94
17083,1.51421520678201,TRUE,229,602
17084,0.525313704656586,FALSE,394,394
17085,-1.07769835705223,FALSE,738,738
17086,-1.12148496559817,TRUE,386,322
17087,1.00577204038933,TRUE,569,990
17088,-0.261259244092064,FALSE,778,778
17089,0.0715801587700622,FALSE,920,920
17090,0.0200851846906928,FALSE,934,934
17091,-0.0403048881521908,TRUE,778,59
17092,0.289049212009349,FALSE,734,734
17093,1.04996314009348,TRUE,136,169
17094,-1.56370325857088,FALSE,476,476
17095,-1.09166863945352,FALSE,76,76
17096,-0.0962362615701751,TRUE,761,457
17097,-0.391577082137115,FALSE,417,417
17098,1.8869276033457,FALSE,928,928
17099,-0.48414420048146,TRUE,744,600
17100,-0.780475357767851,FALSE,522,522
17101,-0.86284174037006,FALSE,379,379
17102,-1.17557660741971,FALSE,325,325
17103,1.24313347950026,FALSE,585,585
17104,0.0572448528038599,FALSE,552,552
17105,0.674596108218355,FALSE,206,206
17106,-0.752496145720287,TRUE,776,619
17107,-0.218458507992251,FALSE,963,963
17108,0.344849162177449,FALSE,519,519
17109,0.571859816215295,FALSE,942,942
17110,0.292746160937001,FALSE,259,259
17111,-0.185553369703258,FALSE,419,419
17112,0.0972902823109277,FALSE,459,459
17113,-0.498144098111834,FALSE,304,304
17114,0.734464593552873,FALSE,729,729
17115,1.02223160403152,FALSE,450,450
17116,-2.04266411625249,FALSE,248,248
17117,-3.04468664190685,TRUE,165,514
17118,0.220766908797648,FALSE,150,150
17119,1.63853639008748,FALSE,932,932
17120,0.0883358188135823,FALSE,705,705
17121,0.532090640337817,FALSE,611,611
17122,0.479221646448238,TRUE,219,557
17123,-0.912683912483311,FALSE,9,9
17124,0.290894451404202,TRUE,382,102
17125,0.901408004500207,FALSE,633,633
17126,-0.874292559959079,FALSE,229,229
17127,1.95150302105273,FALSE,810,810
17128,0.166918391090672,FALSE,662,662
17129,-0.842978172495295,FALSE,576,576
17130,0.402653871735321,FALSE,400,400
17131,1.16420809222157,FALSE,579,579
17132,-0.0288844007344063,FALSE,397,397
17133,0.092070217534539,TRUE,645,136
17134,-0.0976976204213846,TRUE,960,578
17135,0.316401970764476,TRUE,176,405
17136,-0.811461300730346,TRUE,182,292
17137,-0.173023919757162,FALSE,203,203
17138,-0.735901446261606,TRUE,888,303
17139,0.00381727909140123,FALSE,785,785
17140,-1.20197537413967,FALSE,954,954
17141,-0.0864258115057057,FALSE,271,271
17142,1.0124187774026,FALSE,345,345
17143,0.426012073918822,FALSE,904,904
17144,-0.145373592542156,FALSE,638,638
17145,2.6457611493906,FALSE,480,480
17146,0.301767892871321,FALSE,430,430
17147,-1.9177190794625,TRUE,610,10
17148,0.541187570539369,FALSE,278,278
17149,1.25948771490025,FALSE,523,523
17150,1.4077091653296,FALSE,776,776
17151,0.492673545763774,TRUE,119,756
17152,0.944424367233972,FALSE,972,972
17153,0.792114408331895,FALSE,586,586
17154,1.29349091401264,TRUE,142,321
17155,-1.82881683447356,TRUE,222,528
17156,-0.813553910527838,TRUE,630,485
17157,-0.770464180162472,TRUE,333,583
17158,-0.299332694218272,TRUE,407,709
17159,-0.221365718916527,FALSE,796,796
17160,-0.403108716661572,FALSE,784,784
17161,0.0173709166986136,FALSE,99,99
17162,-0.764610218433043,FALSE,289,289
17163,1.99738128969073,FALSE,419,419
17164,0.308448678189274,TRUE,788,825
17165,-0.208366352471481,TRUE,949,822
17166,-0.549256439543039,TRUE,196,544
17167,0.163721844039022,TRUE,477,844
17168,-0.329993250963014,TRUE,926,29
17169,0.104984923187149,FALSE,763,763
17170,0.185735166952816,TRUE,650,516
17171,-0.456881504867666,FALSE,96,96
17172,1.21022180729846,FALSE,757,757
17173,2.36791951648601,TRUE,548,357
17174,-1.38020093327572,FALSE,654,654
17175,0.436184856462801,FALSE,158,158
17176,-0.519909657522759,FALSE,601,601
17177,0.901092703946183,FALSE,966,966
17178,-0.668253056997578,FALSE,296,296
17179,0.338297067759387,FALSE,378,378
17180,-0.82474622687448,FALSE,594,594
17181,-0.296369733990617,FALSE,854,854
17182,-1.67655575082864,FALSE,249,249
17183,-0.336174321522513,TRUE,693,866
17184,2.07802684511773,FALSE,613,613
17185,0.318954646699647,TRUE,910,928
17186,-0.467669612683454,TRUE,477,707
17187,2.54613464983395,FALSE,44,44
17188,0.936828819904914,FALSE,843,843
17189,-0.0502883907925359,TRUE,500,442
17190,-0.972684057559024,TRUE,419,221
17191,-1.41005081263475,TRUE,303,991
17192,0.631936554265277,FALSE,299,299
17193,-0.364356598185513,FALSE,393,393
17194,2.2889003061225,FALSE,138,138
17195,0.00957575154854949,FALSE,901,901
17196,-0.205743451289169,TRUE,139,162
17197,-0.551671921422647,FALSE,791,791
17198,-1.22521683695571,TRUE,624,276
17199,0.0229964640249002,FALSE,839,839
17200,-1.86580459746714,FALSE,538,538
17201,-0.309216273070623,FALSE,65,65
17202,-1.57508872929187,FALSE,743,743
17203,-0.662661921239222,FALSE,710,710
17204,1.64593570478255,TRUE,513,213
17205,-0.10608024294701,FALSE,291,291
17206,-0.963538825289929,FALSE,677,677
17207,-1.42181628170289,FALSE,281,281
17208,-1.18445152251641,FALSE,690,690
17209,0.869952123084035,FALSE,831,831
17210,1.96412540585728,FALSE,495,495
17211,-0.230427782984423,FALSE,143,143
17212,-0.223300433766498,FALSE,106,106
17213,-0.466423773975057,FALSE,70,70
17214,1.97302373230858,FALSE,289,289
17215,-1.7896874704293,FALSE,284,284
17216,0.864484696572087,FALSE,337,337
17217,-1.17673300286584,FALSE,325,325
17218,1.11412575703152,FALSE,283,283
17219,0.608540921148067,FALSE,121,121
17220,0.681367632138072,TRUE,6,628
17221,-1.13888836193672,FALSE,822,822
17222,-0.72733368424024,TRUE,224,90
17223,-2.36139678422805,FALSE,537,537
17224,-0.840022776629052,FALSE,411,411
17225,-1.27622165242252,FALSE,260,260
17226,-0.172053163212516,FALSE,590,590
17227,-0.19204637346615,FALSE,171,171
17228,-0.775898272664052,TRUE,814,528
17229,-0.631616193874075,FALSE,833,833
17230,-1.75171309866315,TRUE,366,255
17231,0.741522649934826,FALSE,287,287
17232,0.281298197319712,FALSE,737,737
17233,0.595841279338019,FALSE,101,101
17234,0.967567113229933,TRUE,269,339
17235,-0.299939904510164,TRUE,869,802
17236,1.84797064361176,FALSE,775,775
17237,-0.916224781636324,FALSE,844,844
17238,0.0983737746434849,FALSE,974,974
17239,1.13044068015394,FALSE,592,592
17240,0.50512597914504,FALSE,764,764
17241,-0.760360995273216,FALSE,776,776
17242,-0.862360243723408,FALSE,907,907
17243,1.0665938910461,TRUE,63,401
17244,-0.376750437509482,FALSE,570,570
17245,-0.540254329634919,FALSE,195,195
17246,-0.890979403767499,TRUE,617,872
17247,0.33475881918338,FALSE,834,834
17248,1.5243861175434,TRUE,21,727
17249,1.49789407936402,FALSE,969,969
17250,1.06484325355416,FALSE,85,85
17251,-1.55462298836626,FALSE,217,217
17252,1.44495789156306,FALSE,893,893
17253,0.825682848460633,FALSE,114,114
17254,1.6736253173159,FALSE,296,296
17255,-1.07286631790879,FALSE,913,913
17256,-1.09109208924823,TRUE,805,368
17257,-0.231853058632104,FALSE,441,441
17258,-0.312927065036318,FALSE,677,677
17259,0.584965284933315,FALSE,834,834
17260,-0.305298643580282,FALSE,915,915
17261,-0.202213493300241,TRUE,476,707
17262,-1.06886969830134,FALSE,314,314
17263,0.690149906490773,FALSE,190,190
17264,1.42059922358347,FALSE,547,547
17265,-0.154393459354036,FALSE,403,403
17266,-0.3479048429198,TRUE,996,860
17267,0.534258898010271,FALSE,52,52
17268,-0.60626069032539,FALSE,628,628
17269,-0.301563523869277,TRUE,951,660
17270,-1.17107399664689,FALSE,649,649
17271,-0.482710175006585,FALSE,339,339
17272,1.58074512299574,FALSE,310,310
17273,-0.4406001829275,FALSE,262,262
17274,0.862106923015097,FALSE,384,384
17275,-1.46918833806447,FALSE,866,866
17276,1.16814273492668,FALSE,909,909
17277,-0.691130546125747,TRUE,483,510
17278,-1.93410481415142,FALSE,812,812
17279,-0.0753046181409911,FALSE,119,119
17280,-1.02954463311326,FALSE,450,450
17281,0.175918643819875,TRUE,191,872
17282,-0.0371615085261629,FALSE,750,750
17283,2.4314988721045,FALSE,833,833
17284,0.571611324643545,FALSE,464,464
17285,1.28079489634017,FALSE,14,14
17286,1.29184835562664,FALSE,454,454
17287,0.10522298599988,FALSE,985,985
17288,-0.0695829719516734,FALSE,844,844
17289,-1.68207539142617,FALSE,517,517
17290,0.648538421184901,FALSE,98,98
17291,1.02043028839209,FALSE,892,892
17292,-0.864741925239232,FALSE,62,62
17293,-1.0370614421743,FALSE,320,320
17294,0.922355236109168,FALSE,602,602
17295,0.816313105831135,FALSE,846,846
17296,-0.571301131124708,TRUE,122,639
17297,-0.699455032570253,FALSE,14,14
17298,-0.487398112748918,FALSE,105,105
17299,1.4645748105576,FALSE,501,501
17300,0.0308064089961241,TRUE,230,69
17301,0.504975780322106,FALSE,842,842
17302,0.223639192588273,FALSE,822,822
17303,1.56829724670418,TRUE,856,303
17304,-1.67280763525362,FALSE,736,736
17305,0.405755142574235,TRUE,848,804
17306,0.187950006879164,FALSE,704,704
17307,0.94279726842182,FALSE,899,899
17308,0.355948038722422,FALSE,678,678
17309,-1.23767086234834,FALSE,707,707
17310,-1.07268351692458,FALSE,636,636
17311,-0.418472564249598,TRUE,187,169
17312,-0.447956072474781,FALSE,246,246
17313,0.992205516652698,FALSE,882,882
17314,0.994567414062756,TRUE,564,54
17315,-0.338918412402303,TRUE,657,509
17316,-0.914893015895359,FALSE,949,949
17317,1.42200317145541,TRUE,499,416
17318,1.63375420707527,FALSE,976,976
17319,0.0553595516609158,TRUE,988,450
17320,-0.648679914596148,FALSE,82,82
17321,-0.654401821317963,FALSE,808,808
17322,0.365746524496763,FALSE,966,966
17323,0.535463167915932,FALSE,969,969
17324,2.67666184687393,FALSE,8,8
17325,0.144000725730919,FALSE,408,408
17326,0.510095666692215,FALSE,531,531
17327,-1.20502877578361,FALSE,62,62
17328,0.430442038260501,FALSE,527,527
17329,-0.124676571005278,FALSE,17,17
17330,1.3744128975641,FALSE,826,826
17331,-0.396811373697923,FALSE,450,450
17332,-1.55580304508637,FALSE,404,404
17333,-0.347286638200746,FALSE,202,202
17334,-0.868260889870706,FALSE,307,307
17335,0.569177135553106,FALSE,498,498
17336,0.0974617833639671,FALSE,720,720
17337,0.195070945856224,TRUE,129,999
17338,1.43123912276826,FALSE,498,498
17339,0.69497742420341,FALSE,936,936
17340,-0.564337653004866,TRUE,904,245
17341,-0.0495825460273974,FALSE,821,821
17342,-0.266895872281545,FALSE,512,512
17343,1.47856799797739,TRUE,444,18
17344,1.53560541717048,TRUE,571,963
17345,-0.992908301743184,FALSE,359,359
17346,-1.39905676488581,FALSE,657,657
17347,1.46886144617305,TRUE,599,689
17348,-0.118994337869537,FALSE,22,22
17349,-1.64693410392319,FALSE,576,576
17350,0.253643728602432,TRUE,19,755
17351,-0.875487181428723,FALSE,327,327
17352,-0.781523214161793,FALSE,500,500
17353,0.161188845274194,TRUE,375,529
17354,-1.49099225489948,TRUE,303,353
17355,0.347987331335091,TRUE,699,595
17356,-0.839258954818779,FALSE,983,983
17357,0.389418869563342,FALSE,339,339
17358,1.45660921945635,FALSE,299,299
17359,-0.522689805445223,FALSE,713,713
17360,1.05489787774858,FALSE,74,74
17361,-0.925638939240537,TRUE,323,654
17362,-0.926340546039821,TRUE,102,361
17363,0.0195298826717827,FALSE,478,478
17364,-0.376260303395768,FALSE,349,349
17365,-1.26837474223077,FALSE,12,12
17366,-0.908138743106937,TRUE,389,234
17367,1.70428783465809,FALSE,890,890
17368,-0.432574120916686,FALSE,854,854
17369,-2.04995074316621,TRUE,304,8
17370,0.362479082224516,FALSE,669,669
17371,-0.886000439674184,FALSE,322,322
17372,-1.58601725155541,FALSE,897,897
17373,-0.0394423851075303,FALSE,382,382
17374,-2.19967192268336,FALSE,471,471
17375,-2.4216513839637,TRUE,978,952
17376,-1.28415205189893,FALSE,906,906
17377,1.1582555559541,FALSE,191,191
17378,-0.993438455803299,FALSE,717,717
17379,-0.302090416454324,FALSE,662,662
17380,0.140098971804386,FALSE,610,610
17381,-0.758895166091333,FALSE,242,242
17382,0.138116595758025,FALSE,165,165
17383,-1.90521921043391,FALSE,697,697
17384,0.0924851547090947,FALSE,353,353
17385,-0.573321743837307,FALSE,758,758
17386,0.632533233668177,TRUE,638,805
17387,-0.66300270218505,TRUE,890,853
17388,-0.196397169446208,TRUE,185,787
17389,0.877540501118261,TRUE,578,176
17390,-1.20827548042351,FALSE,259,259
17391,-0.560052112225723,FALSE,361,361
17392,-0.566897889925186,FALSE,103,103
17393,-1.73260446976876,FALSE,948,948
17394,0.739638192130651,TRUE,894,581
17395,-1.5412292034536,FALSE,839,839
17396,1.05649203920376,FALSE,171,171
17397,-1.29331921533229,FALSE,375,375
17398,1.9879229942652,TRUE,863,294
17399,0.945369595586966,FALSE,476,476
17400,0.559243770497912,FALSE,460,460
17401,0.750270482079552,FALSE,527,527
17402,1.1652157803281,FALSE,598,598
17403,-0.53483232076115,FALSE,327,327
17404,-1.17083948179994,FALSE,961,961
17405,-0.81310983584666,FALSE,852,852
17406,-3.41807587573758,FALSE,478,478
17407,-0.899182162575172,FALSE,9,9
17408,-0.546120525642571,TRUE,195,852
17409,-0.244024510867427,FALSE,375,375
17410,0.224356095013459,FALSE,709,709
17411,-0.332198576729956,FALSE,120,120
17412,-0.802125324572586,FALSE,982,982
17413,0.365719938397748,TRUE,473,115
17414,1.10431380675725,TRUE,949,316
17415,1.18276833846358,FALSE,608,608
17416,0.452853783470077,FALSE,550,550
17417,1.320357867585,FALSE,753,753
17418,-0.523557493404649,TRUE,727,893
17419,1.0492264455266,FALSE,734,734
17420,-0.350290885236128,TRUE,13,102
17421,-0.13017381554008,FALSE,893,893
17422,-0.491998112669183,FALSE,801,801
17423,-1.07952647907093,FALSE,930,930
17424,0.0577221014146807,TRUE,332,546
17425,0.917438647811389,TRUE,55,789
17426,-0.767937763041763,FALSE,594,594
17427,0.879709776691133,FALSE,788,788
17428,-0.597578710517734,FALSE,380,380
17429,-1.17713856403386,FALSE,565,565
17430,-0.132919794563503,FALSE,785,785
17431,-1.0732867121763,FALSE,712,712
17432,-0.384489467133994,FALSE,730,730
17433,-1.5608101171197,TRUE,993,957
17434,-0.863949239748525,TRUE,926,790
17435,0.723374899230889,TRUE,331,277
17436,-0.107273983217869,FALSE,819,819
17437,-0.226061306623618,FALSE,220,220
17438,0.44421309426717,FALSE,222,222
17439,0.706045855669696,FALSE,481,481
17440,0.513383130073185,FALSE,847,847
17441,-1.8570714707407,FALSE,460,460
17442,0.488986351269334,FALSE,331,331
17443,-0.352815788096448,FALSE,692,692
17444,0.813629712874788,FALSE,298,298
17445,-0.0845790809962496,FALSE,805,805
17446,-0.451297524935628,FALSE,163,163
17447,-0.274065402545666,FALSE,909,909
17448,2.37833829016774,FALSE,214,214
17449,0.451641461379976,FALSE,437,437
17450,1.84500619807556,FALSE,986,986
17451,-0.617293041356408,TRUE,808,135
17452,-1.43796236707283,FALSE,891,891
17453,-0.766590902961389,TRUE,666,534
17454,0.032550754074433,FALSE,446,446
17455,-0.15665817895047,FALSE,270,270
17456,0.86314453926643,FALSE,364,364
17457,-0.910329642943693,FALSE,692,692
17458,-0.513869128435335,TRUE,798,62
17459,-0.874688087469123,FALSE,428,428
17460,1.41609626911146,FALSE,984,984
17461,-0.172966294246367,FALSE,444,444
17462,-0.753673831037096,FALSE,15,15
17463,1.21841615634588,FALSE,644,644
17464,-0.200586803397789,FALSE,488,488
17465,1.42169119004447,TRUE,758,283
17466,-1.24429867157271,FALSE,57,57
17467,1.46343300901337,TRUE,382,453
17468,0.0427036066806432,FALSE,111,111
17469,-0.770532047022585,FALSE,460,460
17470,-1.33347229602459,FALSE,504,504
17471,2.54899649151191,FALSE,582,582
17472,-0.965152790596685,FALSE,175,175
17473,-0.693512347656868,FALSE,791,791
17474,-0.753038052972662,TRUE,510,729
17475,0.994383834747057,TRUE,503,47
17476,0.313118890361485,FALSE,288,288
17477,-0.788250528757193,TRUE,923,133
17478,-0.0884491097994015,FALSE,984,984
17479,1.20926550042228,FALSE,782,782
17480,-0.311456140625999,FALSE,243,243
17481,0.869865675595312,FALSE,956,956
17482,-0.835310462265659,TRUE,999,73
17483,0.744634291758976,TRUE,954,489
17484,0.319697842345895,FALSE,486,486
17485,1.31689188531152,FALSE,470,470
17486,1.46500948387804,FALSE,315,315
17487,-0.187352001789396,FALSE,815,815
17488,-0.331273579744661,TRUE,791,342
17489,0.939383897572731,FALSE,132,132
17490,0.805283830294029,FALSE,838,838
17491,-1.11932701893565,TRUE,792,65
17492,0.639025445153847,FALSE,494,494
17493,-0.329197286846796,FALSE,713,713
17494,-0.889315752819426,FALSE,994,994
17495,0.886978252044691,FALSE,109,109
17496,-2.55743443600822,FALSE,510,510
17497,-0.550091399452289,TRUE,422,389
17498,0.544167587447805,FALSE,620,620
17499,1.01325804822464,FALSE,285,285
17500,-0.79122076046639,FALSE,102,102
17501,-0.333792553436961,FALSE,988,988
17502,0.553865425034031,FALSE,671,671
17503,1.10280787553047,FALSE,959,959
17504,-0.634389132761441,FALSE,327,327
17505,-0.087544769853704,FALSE,857,857
17506,0.405620598530472,FALSE,974,974
17507,-1.15021791384521,FALSE,643,643
17508,0.325168450155847,FALSE,486,486
17509,-1.10923846278709,FALSE,587,587
17510,-0.00396910688779282,FALSE,917,917
17511,1.09905434263891,FALSE,769,769
17512,-0.775354613692115,TRUE,948,726
17513,0.523020956872953,FALSE,727,727
17514,0.493866850704375,FALSE,505,505
17515,-0.542166057941919,FALSE,39,39
17516,0.73506934274547,FALSE,104,104
17517,-0.515281401408341,FALSE,974,974
17518,0.710855814910599,FALSE,378,378
17519,0.65032325063708,FALSE,788,788
17520,-0.623790320433124,FALSE,732,732
17521,-0.654793586819969,TRUE,491,446
17522,0.288150826134466,TRUE,341,182
17523,-0.99312527339038,FALSE,283,283
17524,-1.01809660630386,FALSE,90,90
17525,1.07319872539709,FALSE,892,892
17526,1.1245305908807,FALSE,287,287
17527,-0.366843794982631,FALSE,721,721
17528,0.842812762502774,FALSE,39,39
17529,0.145210343310721,FALSE,875,875
17530,0.238094210644392,FALSE,396,396
17531,-0.100079347751852,FALSE,627,627
17532,1.43210865024359,FALSE,446,446
17533,-1.6098753496221,FALSE,744,744
17534,1.3613892968375,FALSE,288,288
17535,0.718887876905786,TRUE,500,484
17536,0.317065312261055,FALSE,400,400
17537,0.648807628467564,FALSE,536,536
17538,-1.04437453898617,FALSE,996,996
17539,-0.104455798937772,FALSE,653,653
17540,-0.462369122092295,FALSE,466,466
17541,0.47018603105282,TRUE,218,759
17542,1.57460398405305,FALSE,306,306
17543,-1.92256058622661,FALSE,110,110
17544,1.13663796091556,TRUE,769,681
17545,0.203503201127578,FALSE,639,639
17546,0.348140797724098,FALSE,877,877
17547,-0.815024552781593,FALSE,883,883
17548,-0.866962849404082,FALSE,906,906
17549,-1.01223762318023,FALSE,947,947
17550,2.4257905229045,TRUE,917,456
17551,1.6913409200901,FALSE,213,213
17552,-0.13132463373264,FALSE,371,371
17553,1.64898071331853,FALSE,285,285
17554,-1.58991082663619,FALSE,103,103
17555,1.00753183035941,FALSE,380,380
17556,-0.423975442238395,FALSE,919,919
17557,2.02282435867722,TRUE,168,253
17558,1.00576369181228,TRUE,442,113
17559,-1.7752421566842,FALSE,903,903
17560,1.06286057513911,FALSE,924,924
17561,-1.60540266171384,FALSE,827,827
17562,1.97616455006787,TRUE,741,628
17563,-1.80547840440057,FALSE,369,369
17564,-1.18095178468006,FALSE,486,486
17565,0.157159897060663,FALSE,110,110
17566,-0.691561921812557,FALSE,58,58
17567,0.376254090489054,FALSE,903,903
17568,-1.27331396827991,FALSE,508,508
17569,-1.46848813003067,TRUE,309,565
17570,0.644673169305809,FALSE,708,708
17571,-0.442829239552014,FALSE,683,683
17572,-0.34057382442182,FALSE,922,922
17573,0.843454212375377,FALSE,530,530
17574,-1.13447214761389,FALSE,469,469
17575,-0.259049717958857,FALSE,790,790
17576,-1.27870060666845,FALSE,532,532
17577,1.44172040141452,TRUE,110,217
17578,0.470090764966645,TRUE,95,688
17579,0.050147199590671,FALSE,89,89
17580,0.832440274303745,FALSE,277,277
17581,1.3110354283912,FALSE,531,531
17582,-0.504306423651245,TRUE,249,912
17583,-0.367609177678174,FALSE,912,912
17584,0.203782771733431,FALSE,693,693
17585,0.869668632683753,TRUE,643,114
17586,0.289221289586733,FALSE,454,454
17587,0.156141661188066,TRUE,236,331
17588,-0.188871160099581,TRUE,688,739
17589,-0.574993176046848,FALSE,599,599
17590,-0.591841421431773,FALSE,494,494
17591,-0.639746915639055,FALSE,549,549
17592,-0.806364184521049,TRUE,748,660
17593,-0.201678143643271,FALSE,500,500
17594,-2.39637130012572,FALSE,47,47
17595,0.306301928538608,FALSE,606,606
17596,-0.9829829937984,FALSE,456,456
17597,-0.136609483297683,FALSE,661,661
17598,-0.0121785339319113,FALSE,654,654
17599,2.97858615635282,FALSE,619,619
17600,0.373309442566316,FALSE,512,512
17601,0.954428932595887,TRUE,168,955
17602,1.44595670099753,FALSE,184,184
17603,0.515594677551374,TRUE,593,68
17604,-0.403018167994121,FALSE,699,699
17605,-0.55997227870678,TRUE,34,607
17606,-0.93815559098273,TRUE,731,610
17607,-0.507091745463,TRUE,852,142
17608,0.602686040376032,FALSE,111,111
17609,-1.95312888145377,FALSE,711,711
17610,1.98651761477846,FALSE,680,680
17611,0.220334222120575,FALSE,169,169
17612,-0.50716149728811,FALSE,237,237
17613,-1.05293511904852,FALSE,804,804
17614,0.616468365944328,FALSE,284,284
17615,-1.66566538898784,TRUE,15,765
17616,0.459799635856788,FALSE,185,185
17617,-0.594440487490694,FALSE,375,375
17618,0.618008247691914,FALSE,647,647
17619,0.221289307681784,TRUE,606,881
17620,-0.155859163865586,FALSE,441,441
17621,-0.366497092783822,FALSE,189,189
17622,-0.522798020799672,FALSE,398,398
17623,0.501965978538725,FALSE,875,875
17624,-1.1371861853973,TRUE,864,71
17625,-0.13722128788569,FALSE,120,120
17626,-0.727726484781033,FALSE,771,771
17627,-1.29748001164251,FALSE,61,61
17628,-0.731346212420461,TRUE,933,964
17629,-0.738982676066567,FALSE,394,394
17630,1.31110565119069,FALSE,795,795
17631,-1.00797698839287,FALSE,601,601
17632,0.751033926253951,FALSE,457,457
17633,1.65882565073858,FALSE,195,195
17634,-1.80457805151395,TRUE,103,285
17635,-2.35520028072367,FALSE,864,864
17636,0.724065071245771,TRUE,439,580
17637,0.720943593204167,TRUE,473,235
17638,2.43416459105867,FALSE,445,445
17639,-0.761747505413517,FALSE,476,476
17640,0.0285463106483331,FALSE,386,386
17641,-1.32971793756913,FALSE,26,26
17642,0.175914572642138,FALSE,397,397
17643,-0.285968319266053,FALSE,425,425
17644,1.28532165586355,FALSE,678,678
17645,1.09745499258914,TRUE,597,726
17646,0.258141131248838,TRUE,512,107
17647,0.94745709410752,TRUE,761,822
17648,-0.335896320904439,TRUE,269,501
17649,0.845983977813227,FALSE,788,788
17650,-0.837048696105487,FALSE,914,914
17651,0.950498316360773,FALSE,632,632
17652,-0.793039211743658,FALSE,177,177
17653,-1.3094658243106,FALSE,908,908
17654,0.184464820570006,FALSE,507,507
17655,0.124735311988268,TRUE,644,100
17656,0.951079030743359,FALSE,584,584
17657,0.972880325434096,FALSE,632,632
17658,1.24119564809667,FALSE,553,553
17659,0.139734664255679,FALSE,136,136
17660,1.01685178226693,FALSE,793,793
17661,-0.974648510707476,FALSE,109,109
17662,0.447400197514639,TRUE,37,776
17663,-0.100564561744661,FALSE,893,893
17664,0.0160821775909983,TRUE,335,601
17665,-0.539773232650998,FALSE,115,115
17666,-1.48328990394388,FALSE,93,93
17667,0.494745196967419,FALSE,263,263
17668,0.811786386379374,FALSE,408,408
17669,0.298920564792677,FALSE,796,796
17670,0.988150858899399,FALSE,222,222
17671,2.68499456264879,FALSE,524,524
17672,2.4561955241652,TRUE,968,499
17673,0.160956800529337,FALSE,538,538
17674,-0.619827562168978,FALSE,839,839
17675,-0.155316739269543,TRUE,19,113
17676,-1.13249965933039,FALSE,319,319
17677,0.212978101968218,FALSE,591,591
17678,0.388974489127709,TRUE,980,566
17679,-1.17164440096742,FALSE,654,654
17680,0.10515715596808,FALSE,166,166
17681,0.865140554235464,FALSE,218,218
17682,0.0768260548458867,FALSE,127,127
17683,-0.519379009472353,FALSE,298,298
17684,0.946476056895985,TRUE,686,405
17685,-1.26460040314943,FALSE,39,39
17686,0.353270538529929,FALSE,444,444
17687,0.125604939649453,FALSE,450,450
17688,0.0854697669949919,FALSE,610,610
17689,-2.19179253984878,FALSE,429,429
17690,0.622719046056863,FALSE,449,449
17691,0.0165749903111555,TRUE,425,703
17692,0.37126634986003,FALSE,218,218
17693,-0.722481458150251,FALSE,310,310
17694,-1.969361385162,FALSE,341,341
17695,0.613230032167374,FALSE,64,64
17696,-0.616438445406023,FALSE,455,455
17697,-1.68757506705463,FALSE,100,100
17698,1.9050830793089,FALSE,233,233
17699,0.672390093973221,TRUE,470,107
17700,0.193581584557215,FALSE,955,955
17701,1.13996313122162,FALSE,29,29
17702,-1.65611567830405,TRUE,83,3
17703,0.522064578923207,TRUE,606,41
17704,0.0601606358382622,TRUE,384,920
17705,-0.0430343792304753,FALSE,546,546
17706,0.520633748594613,TRUE,579,696
17707,0.318843795076158,FALSE,639,639
17708,0.379917101830667,FALSE,462,462
17709,-0.45626621753219,TRUE,829,861
17710,-0.00962228355359404,FALSE,251,251
17711,-1.227541421777,FALSE,474,474
17712,0.181641584395462,FALSE,174,174
17713,-0.0308936350831451,FALSE,611,611
17714,-0.680149197233953,TRUE,427,947
17715,-0.53140950423435,FALSE,816,816
17716,0.183728674785087,FALSE,731,731
17717,0.256328735968818,FALSE,96,96
17718,0.0229236670425625,FALSE,549,549
17719,-0.186971935960098,FALSE,685,685
17720,0.630330912556897,FALSE,640,640
17721,-0.0416241243038279,FALSE,196,196
17722,0.750717027297281,FALSE,362,362
17723,-1.25976313439219,FALSE,769,769
17724,-0.364285782195264,FALSE,232,232
17725,2.39688435679374,FALSE,977,977
17726,0.00556024445241857,FALSE,521,521
17727,0.60970566516495,FALSE,2,2
17728,2.42702070715432,FALSE,242,242
17729,0.194275234486106,FALSE,306,306
17730,0.338404908951333,TRUE,378,839
17731,-0.0848045280117694,TRUE,855,341
17732,1.15565444417366,FALSE,668,668
17733,-1.76914001416027,FALSE,559,559
17734,-0.377134756682838,FALSE,973,973
17735,-0.523783666769708,FALSE,53,53
17736,0.938695578784443,TRUE,855,18
17737,-0.571059925631278,FALSE,100,100
17738,1.99348347837717,TRUE,463,619
17739,-0.765367640334517,FALSE,926,926
17740,0.177893207736761,FALSE,572,572
17741,0.167887119675038,FALSE,323,323
17742,-0.869710757411761,TRUE,835,612
17743,-0.126808183937505,FALSE,172,172
17744,1.27178945520929,TRUE,843,862
17745,0.50113489889223,FALSE,462,462
17746,0.75185114537761,FALSE,933,933
17747,0.410532285785696,TRUE,40,524
17748,-0.467357176688999,FALSE,18,18
17749,0.172800708008717,FALSE,694,694
17750,-0.984290760942335,TRUE,355,59
17751,0.0906287642662219,FALSE,744,744
17752,-0.4177137487273,FALSE,580,580
17753,2.66252584954336,TRUE,921,449
17754,0.486034477458821,FALSE,855,855
17755,1.41772625717275,FALSE,493,493
17756,-0.676965334158589,FALSE,23,23
17757,0.0584804393241549,FALSE,628,628
17758,0.365786624016231,FALSE,247,247
17759,0.400070885062839,FALSE,759,759
17760,0.262312500151659,FALSE,629,629
17761,1.38362332592093,TRUE,914,659
17762,0.345059897696786,FALSE,60,60
17763,-1.70733005663511,FALSE,452,452
17764,1.43090685735763,FALSE,770,770
17765,-0.323068621420185,FALSE,907,907
17766,-0.845934921971646,FALSE,413,413
17767,0.351699112156076,FALSE,227,227
17768,0.535031210594753,FALSE,24,24
17769,0.177080524625883,FALSE,780,780
17770,-0.384609710479366,FALSE,227,227
17771,1.14020374227185,FALSE,114,114
17772,1.59137433142831,FALSE,592,592
17773,0.279803611668873,FALSE,128,128
17774,0.719588494687828,FALSE,70,70
17775,-0.0457384439650854,FALSE,627,627
17776,-1.9147968400992,FALSE,606,606
17777,-0.886923594841372,FALSE,520,520
17778,-1.6422954883144,FALSE,992,992
17779,1.12575094212946,TRUE,950,519
17780,0.0898158349353091,FALSE,986,986
17781,0.352039963892635,FALSE,389,389
17782,-1.17970387092411,TRUE,155,70
17783,0.650555288663269,FALSE,532,532
17784,1.90353757769824,FALSE,858,858
17785,-0.509781947214248,FALSE,991,991
17786,0.512218605302741,TRUE,976,655
17787,-0.688176484245648,FALSE,414,414
17788,0.0927418206954385,FALSE,154,154
17789,-0.898112098134174,TRUE,432,143
17790,-0.40877718909577,FALSE,544,544
17791,1.34207774435266,FALSE,551,551
17792,-0.0299605943116779,FALSE,686,686
17793,0.0122463634708584,TRUE,601,514
17794,-2.17793383602291,FALSE,434,434
17795,-0.655328397338581,FALSE,104,104
17796,-0.786775985337856,TRUE,783,49
17797,-0.748030250246559,FALSE,846,846
17798,0.65578360805889,FALSE,171,171
17799,1.22700646684682,FALSE,928,928
17800,-1.64607708532773,FALSE,463,463
17801,0.274484600299315,FALSE,474,474
17802,-2.03007503215363,FALSE,638,638
17803,-1.13201237588728,FALSE,334,334
17804,0.650959538117835,TRUE,644,406
17805,-0.00713617790607768,FALSE,703,703
17806,-1.20612900979078,TRUE,49,674
17807,-2.40819141357425,FALSE,41,41
17808,0.640348399339706,FALSE,658,658
17809,0.584474816460017,FALSE,464,464
17810,1.95083317315212,FALSE,773,773
17811,1.34683904440345,FALSE,554,554
17812,-0.260622633236321,TRUE,492,777
17813,-0.138706909316997,FALSE,448,448
17814,-0.189379371847856,FALSE,878,878
17815,-0.388625008708096,FALSE,47,47
17816,-1.95987459777231,FALSE,866,866
17817,0.464211565377476,FALSE,345,345
17818,0.825599182504852,FALSE,308,308
17819,-0.831368733003486,FALSE,896,896
17820,-0.541861679774767,FALSE,195,195
17821,-0.105979597379579,FALSE,92,92
17822,-1.42814020128819,FALSE,709,709
17823,-0.691031820922889,FALSE,767,767
17824,-0.928110111512484,FALSE,39,39
17825,-0.801561472829495,FALSE,55,55
17826,0.517767977698696,FALSE,974,974
17827,0.650581231789409,FALSE,153,153
17828,0.0630533114130681,FALSE,727,727
17829,-0.366933028950703,TRUE,205,312
17830,-0.191319301307473,FALSE,510,510
17831,2.20396311212085,TRUE,5,770
17832,-0.150451520225334,FALSE,772,772
17833,-0.409312358702769,FALSE,6,6
17834,-0.179511838827499,FALSE,890,890
17835,-0.532057141499225,FALSE,693,693
17836,0.208781442890619,FALSE,582,582
17837,0.965450434767917,FALSE,637,637
17838,0.166680424672417,FALSE,138,138
17839,-0.572361841683137,FALSE,116,116
17840,0.302867514133203,FALSE,660,660
17841,-0.682706369658831,FALSE,357,357
17842,-0.877736015645781,TRUE,88,380
17843,0.679225473656772,FALSE,956,956
17844,0.805171995117705,FALSE,190,190
17845,-0.121848621055316,TRUE,771,15
17846,-0.911786544566857,FALSE,627,627
17847,0.975923699921957,TRUE,352,277
17848,0.757587865879352,FALSE,451,451
17849,1.73876083196374,FALSE,80,80
17850,0.266175808548114,TRUE,139,436
17851,1.22750584835802,FALSE,623,623
17852,-1.46483191599651,FALSE,789,789
17853,1.00807534814254,FALSE,114,114
17854,-1.21376422455002,FALSE,230,230
17855,-0.562565425951373,TRUE,161,138
17856,0.495332513102123,FALSE,304,304
17857,0.220368275738142,FALSE,898,898
17858,-1.04999054567475,FALSE,375,375
17859,-0.232281761150063,TRUE,281,705
17860,0.130967534784343,FALSE,562,562
17861,-0.591487030427477,FALSE,707,707
17862,0.138111680619586,FALSE,559,559
17863,-0.789034610446156,FALSE,376,376
17864,0.398520243623486,TRUE,535,662
17865,0.782000438221783,FALSE,770,770
17866,0.819385151247249,FALSE,635,635
17867,-0.875952325441577,FALSE,641,641
17868,0.239186432718777,FALSE,518,518
17869,-0.545045615334546,TRUE,343,305
17870,-0.807488711128067,FALSE,224,224
17871,-0.752181961715455,FALSE,259,259
17872,-0.226491992905938,TRUE,549,314
17873,0.39851816978369,FALSE,581,581
17874,-1.2170068754857,TRUE,955,238
17875,0.387521576514187,FALSE,171,171
17876,-1.65204062919012,FALSE,668,668
17877,0.224405132003868,FALSE,57,57
17878,-0.252977655191946,FALSE,42,42
17879,-1.15943773685464,FALSE,942,942
17880,0.327097009875864,FALSE,57,57
17881,-0.76079296611151,FALSE,334,334
17882,0.722437260378221,FALSE,687,687
17883,-1.22639136899648,FALSE,344,344
17884,-2.37751065369471,FALSE,765,765
17885,-0.186751400446491,FALSE,468,468
17886,0.16411469788822,TRUE,951,337
17887,0.458338823109826,FALSE,784,784
17888,1.0915558821031,TRUE,223,201
17889,2.69775455840906,FALSE,510,510
17890,1.94346385429758,TRUE,988,718
17891,0.419180821707737,FALSE,876,876
17892,-0.154524551872837,FALSE,451,451
17893,2.0112517713512,FALSE,872,872
17894,0.58772033838442,FALSE,73,73
17895,-0.645021470580945,FALSE,95,95
17896,0.672264174091343,FALSE,389,389
17897,0.150821493447415,FALSE,0,0
17898,-0.232482918028232,FALSE,937,937
17899,-0.859276622718445,TRUE,560,570
17900,-1.2156354365089,FALSE,35,35
17901,0.267262206840042,FALSE,148,148
17902,-0.627535656819697,FALSE,508,508
17903,-1.45203145226973,FALSE,983,983
17904,-1.38239778511902,FALSE,794,794
17905,-0.373414788144903,TRUE,675,499
17906,1.44834934470699,FALSE,386,386
17907,-1.13205598860664,TRUE,824,863
17908,0.266773056854057,FALSE,541,541
17909,-0.772213921419951,FALSE,223,223
17910,-1.8500421875925,FALSE,92,92
17911,-0.768775049535105,FALSE,32,32
17912,-0.552154124175545,FALSE,940,940
17913,-0.00268108086035305,FALSE,69,69
17914,0.216903933116255,FALSE,259,259
17915,0.619154307878816,TRUE,424,214
17916,-0.42282852559067,TRUE,314,640
17917,1.43434940482781,TRUE,464,586
17918,0.388422235012204,FALSE,143,143
17919,-0.801742719767538,FALSE,950,950
17920,-0.00735668224076219,FALSE,378,378
17921,-0.171052319062658,TRUE,734,899
17922,1.20448506196909,TRUE,495,614
17923,-0.75124809647296,TRUE,139,617
17924,0.276642768441023,FALSE,39,39
17925,-0.272375025136101,FALSE,528,528
17926,0.333582410083897,FALSE,840,840
17927,1.27876780832389,FALSE,579,579
17928,0.824402715155652,FALSE,630,630
17929,1.75370762601688,TRUE,683,58
17930,-1.21347464650205,TRUE,373,68
17931,-1.5370623335341,TRUE,859,804
17932,0.260626864235258,TRUE,437,212
17933,0.108800320113693,TRUE,249,863
17934,1.33260730979556,FALSE,491,491
17935,-1.01395321348592,FALSE,635,635
17936,0.104358116363043,FALSE,296,296
17937,0.500988275862168,FALSE,609,609
17938,-0.431314977130335,TRUE,487,937
17939,-1.59691160178268,FALSE,995,995
17940,-0.585636225101675,TRUE,503,680
17941,0.431220485634932,FALSE,509,509
17942,1.01285390391073,FALSE,813,813
17943,-0.946850229421195,FALSE,418,418
17944,0.632500334174473,TRUE,179,8
17945,0.284775170499818,TRUE,393,71
17946,0.861273711252361,FALSE,820,820
17947,-0.0797785115971166,FALSE,145,145
17948,2.67494465553031,FALSE,863,863
17949,0.11090713840029,FALSE,265,265
17950,1.19268450011161,TRUE,307,602
17951,-1.0123474012469,FALSE,684,684
17952,0.679868739460395,FALSE,125,125
17953,-0.242062615633522,FALSE,378,378
17954,0.181432157340506,FALSE,759,759
17955,-0.334108407199464,FALSE,363,363
17956,-0.731698928171198,FALSE,270,270
17957,0.156415830380377,FALSE,611,611
17958,-0.966212300389081,FALSE,166,166
17959,-0.707169721345845,TRUE,122,596
17960,0.14985672401788,TRUE,862,87
17961,0.168539775872902,TRUE,52,235
17962,-1.4587484573021,FALSE,210,210
17963,-1.31889395036541,FALSE,351,351
17964,-1.4642814647409,FALSE,730,730
17965,1.18059033821463,TRUE,59,444
17966,-1.45712645034779,FALSE,217,217
17967,0.68230982201113,FALSE,988,988
17968,0.219691931044822,FALSE,971,971
17969,1.58251068818622,FALSE,944,944
17970,-0.130018160092888,FALSE,829,829
17971,-1.48427135314905,FALSE,761,761
17972,0.490875455744703,FALSE,410,410
17973,1.75739966255081,FALSE,108,108
17974,-0.04168586516447,FALSE,708,708
17975,0.440734076309015,FALSE,270,270
17976,-0.674984891030049,FALSE,365,365
17977,-1.78016568749236,FALSE,418,418
17978,-2.21289820820629,TRUE,829,452
17979,0.892165342090524,FALSE,519,519
17980,1.3713649797448,FALSE,714,714
17981,-0.521226266156504,FALSE,451,451
17982,-0.251910661416513,FALSE,535,535
17983,-0.387529777549168,FALSE,121,121
17984,0.48920353577484,FALSE,686,686
17985,2.0752804245032,FALSE,855,855
17986,1.67802030121204,FALSE,4,4
17987,1.68726238146016,FALSE,180,180
17988,-0.127268752666886,FALSE,116,116
17989,1.55793477793127,FALSE,367,367
17990,-0.936796717799318,FALSE,992,992
17991,-0.547574613657605,FALSE,168,168
17992,-0.630249679202687,FALSE,861,861
17993,0.0572683048315414,TRUE,775,138
17994,1.43807556040742,FALSE,56,56
17995,-0.518314150698749,TRUE,96,405
17996,0.951070788473945,FALSE,125,125
17997,0.890156829512992,FALSE,215,215
17998,-0.817941558485862,FALSE,169,169
17999,-1.75346129909477,FALSE,842,842
18000,0.278222422366323,FALSE,885,885
18001,-1.60253773352533,FALSE,779,779
18002,-0.320899532681085,FALSE,305,305
18003,-1.22611414886788,TRUE,463,136
18004,-0.776657578754613,FALSE,825,825
18005,0.0877763553105378,FALSE,518,518
18006,-0.45071046039773,TRUE,614,167
18007,0.316111330536178,FALSE,24,24
18008,2.40606817734118,TRUE,872,819
18009,1.30812689665788,FALSE,553,553
18010,-1.03779129539351,FALSE,520,520
18011,1.0399673079781,FALSE,637,637
18012,-0.0917519081899008,FALSE,308,308
18013,-0.073077259312223,FALSE,360,360
18014,0.460347006488918,FALSE,485,485
18015,-0.355176913763481,TRUE,708,541
18016,-0.386784191464069,TRUE,512,745
18017,-0.606660438660325,FALSE,92,92
18018,0.159619133370559,FALSE,713,713
18019,-1.02127091722836,TRUE,986,379
18020,0.760567769291127,FALSE,691,691
18021,0.721173646444034,FALSE,129,129
18022,0.00451261230457885,TRUE,849,621
18023,0.521062541339888,FALSE,83,83
18024,-0.0835166376157386,FALSE,671,671
18025,0.645753486090038,FALSE,223,223
18026,1.4535511896345,FALSE,491,491
18027,-1.63097353387945,FALSE,61,61
18028,-0.256965765273443,FALSE,317,317
18029,0.447796765061151,FALSE,123,123
18030,-0.976446295443901,TRUE,826,674
18031,-0.535291574692432,FALSE,408,408
18032,-0.239628479607802,FALSE,552,552
18033,1.113210707877,FALSE,553,553
18034,0.0591502232649989,FALSE,19,19
18035,-1.71109939218609,TRUE,384,173
18036,0.655133755127115,FALSE,597,597
18037,0.0248781410962097,FALSE,698,698
18038,-0.224189443041778,FALSE,311,311
18039,0.085847138090897,FALSE,777,777
18040,0.0779718359572812,FALSE,212,212
18041,0.712713714202625,FALSE,939,939
18042,-1.85975240054972,TRUE,628,932
18043,-0.317157607885288,FALSE,524,524
18044,-2.26469920443996,FALSE,812,812
18045,-0.106880106327971,FALSE,168,168
18046,0.0433908273761177,FALSE,160,160
18047,-0.0550923375259332,FALSE,934,934
18048,0.361370812874536,TRUE,43,548
18049,-0.625598203934596,FALSE,704,704
18050,0.130586097261105,FALSE,295,295
18051,-0.121270959883468,FALSE,234,234
18052,1.52786958924635,TRUE,549,497
18053,-0.200202545642131,FALSE,200,200
18054,-0.964708029419139,TRUE,110,904
18055,-1.55602373134834,TRUE,125,120
18056,0.169840001698389,FALSE,253,253
18057,0.0463122377083633,FALSE,531,531
18058,0.569318573330719,TRUE,89,219
18059,0.0627757749312673,FALSE,684,684
18060,-1.83176010174429,FALSE,716,716
18061,-0.164045536360548,FALSE,715,715
18062,1.50536518875929,FALSE,559,559
18063,-0.0450801584271981,FALSE,3,3
18064,0.00940051060156113,FALSE,783,783
18065,1.04526275325509,FALSE,925,925
18066,-0.482665776550942,FALSE,822,822
18067,1.25147560226848,TRUE,576,960
18068,0.291067992045513,TRUE,166,484
18069,-0.613562191108385,FALSE,314,314
18070,-0.542843092984228,FALSE,530,530
18071,0.207292382323745,FALSE,873,873
18072,-0.352482780894867,FALSE,402,402
18073,-0.36082551712128,FALSE,667,667
18074,-0.413350569963605,TRUE,955,301
18075,0.867976209920254,TRUE,234,934
18076,-0.372069903788536,FALSE,704,704
18077,-0.228696624250748,FALSE,6,6
18078,-1.56144833693048,FALSE,201,201
18079,-0.467745868100374,FALSE,266,266
18080,0.166686952652949,FALSE,170,170
18081,0.981529054898469,FALSE,841,841
18082,0.788827532312247,FALSE,414,414
18083,0.953459171236269,FALSE,683,683
18084,-0.914744334754863,TRUE,867,218
18085,-0.273496944359529,FALSE,748,748
18086,2.41839216944111,TRUE,764,166
18087,-0.490858972882082,TRUE,527,788
18088,-0.389950545325356,FALSE,16,16
18089,0.497964584302782,FALSE,912,912
18090,0.579799065246458,TRUE,444,117
18091,-0.710876447539844,FALSE,960,960
18092,-1.23521296968459,FALSE,645,645
18093,-0.673721820302062,TRUE,69,929
18094,0.0472993221688198,FALSE,644,644
18095,-1.3170383325249,FALSE,307,307
18096,0.0107403156273375,FALSE,22,22
18097,0.88352464517789,FALSE,375,375
18098,0.686048749066547,FALSE,30,30
18099,0.00247901692121746,TRUE,17,709
18100,-1.94746357956342,FALSE,740,740
18101,1.23144571480852,FALSE,11,11
18102,0.884570769342594,FALSE,619,619
18103,-0.515091431777394,TRUE,789,201
18104,1.28627919060062,TRUE,150,909
18105,0.398132681790294,FALSE,31,31
18106,0.206711734476706,FALSE,452,452
18107,-0.0738850230827701,FALSE,187,187
18108,1.10963254928796,FALSE,658,658
18109,-0.20268954213294,TRUE,913,682
18110,0.465337590220292,TRUE,568,162
18111,-0.516246077592588,TRUE,683,325
18112,0.675313745481279,FALSE,35,35
18113,-0.0123244795985742,FALSE,38,38
18114,-0.366461384462128,FALSE,412,412
18115,-1.71976251015958,FALSE,740,740
18116,-1.57997539657798,FALSE,150,150
18117,-0.297397911400901,FALSE,107,107
18118,-1.06349316696542,FALSE,70,70
18119,0.843798262654251,FALSE,928,928
18120,0.310781041266814,TRUE,39,279
18121,-0.626808620231198,FALSE,388,388
18122,-0.420627267063732,FALSE,656,656
18123,0.227017815338008,FALSE,854,854
18124,-0.403001078781043,FALSE,665,665
18125,0.499837083173578,FALSE,368,368
18126,0.036595931811527,TRUE,112,22
18127,0.440507727927215,FALSE,14,14
18128,-0.0683850025353169,FALSE,29,29
18129,1.20585573979965,FALSE,511,511
18130,1.48213888724349,FALSE,446,446
18131,0.107750739594737,FALSE,398,398
18132,-0.464140209840731,FALSE,856,856
18133,0.249849740233917,FALSE,325,325
18134,-1.54821061240378,FALSE,236,236
18135,0.582906902013668,FALSE,539,539
18136,-0.38835788661501,FALSE,674,674
18137,-0.0982924958316871,FALSE,990,990
18138,0.666390491448499,FALSE,201,201
18139,0.726487459375031,TRUE,49,684
18140,0.102445373056678,FALSE,161,161
18141,-0.0707086980751326,FALSE,749,749
18142,-1.8313624794229,TRUE,428,453
18143,1.36942422767241,FALSE,327,327
18144,0.581437500827672,FALSE,963,963
18145,2.35453401149506,FALSE,140,140
18146,-0.279855162305645,FALSE,895,895
18147,0.864351003663755,TRUE,650,733
18148,-0.272519708814539,FALSE,104,104
18149,-0.757175077359853,FALSE,977,977
18150,-0.322050965474999,FALSE,940,940
18151,0.712660477071601,FALSE,854,854
18152,-0.627105654093744,TRUE,580,714
18153,0.766448711720471,FALSE,89,89
18154,0.525750031999772,FALSE,979,979
18155,1.28414486012229,FALSE,731,731
18156,-1.64486559014837,FALSE,515,515
18157,1.50957314416338,FALSE,582,582
18158,-2.31740294681755,FALSE,130,130
18159,0.461015379301007,FALSE,480,480
18160,0.197852675994489,FALSE,108,108
18161,0.29221702779109,TRUE,183,913
18162,-0.929450524327417,FALSE,571,571
18163,1.11885920536092,TRUE,483,802
18164,0.183986348364381,FALSE,160,160
18165,-0.526066448859251,FALSE,251,251
18166,-1.06653452070319,FALSE,901,901
18167,0.179178128805799,FALSE,972,972
18168,-0.107535894110943,TRUE,792,966
18169,1.27368995774805,FALSE,62,62
18170,-0.942673891147918,FALSE,350,350
18171,0.891477813514289,FALSE,67,67
18172,0.369200790821787,FALSE,677,677
18173,-1.08644187100434,FALSE,69,69
18174,0.040875634030265,FALSE,606,606
18175,-0.0263101674369399,FALSE,69,69
18176,1.63461738442765,FALSE,908,908
18177,0.303920109725999,FALSE,321,321
18178,-0.511943453930461,FALSE,298,298
18179,0.990505185161539,FALSE,480,480
18180,-0.140558793552561,FALSE,165,165
18181,-1.63847622600414,TRUE,973,710
18182,0.671796683694629,TRUE,568,945
18183,0.415949795741086,FALSE,314,314
18184,1.33941220947784,FALSE,105,105
18185,-0.234346664830385,FALSE,663,663
18186,0.144317080641148,FALSE,793,793
18187,-0.955433453843088,FALSE,896,896
18188,0.318044097364308,FALSE,915,915
18189,-0.319894356702766,FALSE,489,489
18190,-1.0045819230344,FALSE,601,601
18191,-0.0440139111899893,FALSE,748,748
18192,-0.692361413499803,FALSE,319,319
18193,-1.33848223146297,FALSE,514,514
18194,-0.771961188467913,FALSE,176,176
18195,-0.766648235144382,FALSE,747,747
18196,1.34835480759662,TRUE,29,74
18197,0.35954965554566,TRUE,422,700
18198,0.359658412562017,FALSE,263,263
18199,0.101999546660932,TRUE,191,443
18200,-0.564239442519927,FALSE,321,321
18201,-1.66383277109224,TRUE,26,792
18202,1.74078428281658,FALSE,986,986
18203,1.74727283648218,FALSE,477,477
18204,0.322215596908036,FALSE,482,482
18205,-0.296143229576535,TRUE,922,915
18206,-0.0532945718928014,FALSE,379,379
18207,1.16029877263658,TRUE,929,115
18208,-0.947444842546656,FALSE,33,33
18209,0.328060336455007,FALSE,315,315
18210,0.374120941081646,TRUE,479,598
18211,-2.68029211373044,FALSE,842,842
18212,-0.48757578510808,TRUE,644,113
18213,-0.376196418661912,FALSE,452,452
18214,-0.693095744760187,FALSE,232,232
18215,-1.4664360499762,FALSE,857,857
18216,0.467925820434045,FALSE,47,47
18217,-0.758316219286709,FALSE,726,726
18218,1.53959291846083,TRUE,328,467
18219,1.03331626860265,FALSE,662,662
18220,2.3681654917582,FALSE,666,666
18221,0.218013127194726,TRUE,444,506
18222,-0.366647705213027,TRUE,55,668
18223,-0.256147357668145,TRUE,982,495
18224,0.416977513132828,FALSE,259,259
18225,1.19085878507545,FALSE,433,433
18226,0.379908515649751,TRUE,101,165
18227,-1.10949859045498,FALSE,477,477
18228,-0.315793633263291,TRUE,470,283
18229,0.565192367088331,FALSE,637,637
18230,1.25504203928379,FALSE,638,638
18231,-1.95038971601728,TRUE,284,426
18232,-0.922620152873994,FALSE,927,927
18233,-0.321765410848892,FALSE,647,647
18234,-0.225738839309141,FALSE,493,493
18235,-0.0743885051425221,FALSE,20,20
18236,1.02335308115884,FALSE,709,709
18237,2.21733020833993,FALSE,651,651
18238,-0.160831954871399,TRUE,66,726
18239,-0.975533035576178,FALSE,957,957
18240,0.260256331971718,TRUE,978,711
18241,-0.361611832252744,FALSE,836,836
18242,0.10263635588437,FALSE,797,797
18243,-0.181892451278144,FALSE,423,423
18244,-0.758715764100515,FALSE,578,578
18245,-0.743115894691872,FALSE,150,150
18246,-1.70650987694894,FALSE,203,203
18247,-0.474167551302355,TRUE,722,546
18248,0.14598635984665,TRUE,656,867
18249,0.0162462317756729,FALSE,338,338
18250,0.536912136615252,FALSE,732,732
18251,0.898235553903741,FALSE,939,939
18252,1.34977095845187,FALSE,133,133
18253,1.25436194630331,FALSE,870,870
18254,0.378481234611352,FALSE,412,412
18255,0.157617227700358,TRUE,932,586
18256,-0.516480483775137,FALSE,47,47
18257,-0.519358382620584,FALSE,467,467
18258,0.0147962435512526,FALSE,991,991
18259,-0.718178905675852,FALSE,29,29
18260,-0.222973991067964,FALSE,723,723
18261,-0.810016460096254,FALSE,933,933
18262,0.202199442612274,FALSE,575,575
18263,0.28193719452798,FALSE,93,93
18264,-1.00602518018938,FALSE,740,740
18265,-1.95464334867893,FALSE,813,813
18266,-3.29652410115804,FALSE,763,763
18267,2.09069774068708,FALSE,217,217
18268,-0.869456904538622,FALSE,155,155
18269,0.4671251194798,FALSE,286,286
18270,0.680744238811048,FALSE,271,271
18271,-0.429933482976944,TRUE,648,579
18272,-0.465565926796537,TRUE,84,450
18273,-0.516367402330025,FALSE,869,869
18274,-1.56207797542651,FALSE,128,128
18275,-0.883091600585752,FALSE,668,668
18276,-1.0664530640803,FALSE,651,651
18277,-0.500857031532687,FALSE,474,474
18278,-0.42175860663013,FALSE,195,195
18279,-0.0269058690372722,TRUE,557,142
18280,-0.224653082685969,FALSE,770,770
18281,0.378033278756372,FALSE,389,389
18282,-0.221491435305631,FALSE,447,447
18283,0.125058846340503,FALSE,790,790
18284,0.287823738410113,FALSE,486,486
18285,-0.595715212012228,FALSE,670,670
18286,1.3143911491265,FALSE,339,339
18287,0.372233326263636,FALSE,658,658
18288,0.039461366025437,FALSE,155,155
18289,0.469456381886563,FALSE,389,389
18290,-1.25728732647024,FALSE,289,289
18291,0.25882548485304,FALSE,610,610
18292,0.852329163249286,FALSE,351,351
18293,-1.06576745968583,FALSE,362,362
18294,-0.937237048872628,FALSE,218,218
18295,-0.82307498945709,TRUE,279,972
18296,1.28113075135917,FALSE,424,424
18297,-0.258914811080209,FALSE,456,456
18298,1.85468692963009,FALSE,768,768
18299,-1.09330412551989,FALSE,418,418
18300,-1.11567803574771,TRUE,110,764
18301,-1.16967805545444,FALSE,704,704
18302,-0.60115388420932,FALSE,536,536
18303,-0.547815815565484,FALSE,247,247
18304,0.798051490018241,FALSE,762,762
18305,-0.240133971518101,TRUE,938,444
18306,0.0186216759003342,FALSE,63,63
18307,0.175871044967724,FALSE,333,333
18308,-0.337455817686767,FALSE,865,865
18309,-0.254622502848117,FALSE,40,40
18310,2.14092215439029,FALSE,647,647
18311,-0.320335070416487,FALSE,210,210
18312,1.92712276740921,FALSE,759,759
18313,0.144890739332523,TRUE,515,362
18314,-1.12347320977229,FALSE,682,682
18315,-2.27983825551918,TRUE,334,515
18316,-0.146101313295057,FALSE,987,987
18317,0.348303786514814,FALSE,409,409
18318,0.96153441079956,FALSE,357,357
18319,0.444913319060017,FALSE,424,424
18320,-0.423537341248537,FALSE,281,281
18321,-1.36852454645038,FALSE,663,663
18322,0.516969800470056,TRUE,196,958
18323,0.959915673783187,FALSE,309,309
18324,-2.06734818767462,FALSE,454,454
18325,-0.660015911789216,FALSE,956,956
18326,-0.628213613388513,FALSE,712,712
18327,0.246556178788416,FALSE,203,203
18328,0.0235610949445622,FALSE,348,348
18329,0.349307925435642,FALSE,819,819
18330,1.64386523748671,FALSE,177,177
18331,0.30806727103032,FALSE,189,189
18332,1.89328592501449,FALSE,35,35
18333,-0.500494329488545,FALSE,585,585
18334,0.721818528009102,FALSE,501,501
18335,1.23708235340196,FALSE,482,482
18336,1.72004811007006,FALSE,687,687
18337,0.592368459637356,FALSE,461,461
18338,0.393855523919877,FALSE,831,831
18339,-1.42832855777294,FALSE,167,167
18340,0.322986346745714,FALSE,307,307
18341,1.99806233377228,TRUE,164,761
18342,-0.414269511098823,FALSE,922,922
18343,-1.52289076874534,FALSE,930,930
18344,0.931841566658066,FALSE,607,607
18345,-0.361545848055414,FALSE,193,193
18346,-1.98303843634594,FALSE,434,434
18347,-0.779159988991533,FALSE,415,415
18348,-2.48832965539108,FALSE,864,864
18349,-0.498808542504018,TRUE,695,496
18350,-0.209775804058287,FALSE,13,13
18351,-0.251324202296398,FALSE,211,211
18352,1.07321990889341,FALSE,289,289
18353,0.68530416638298,FALSE,695,695
18354,1.60926007560977,FALSE,125,125
18355,1.6970783406929,TRUE,974,941
18356,-0.293154473112178,FALSE,745,745
18357,0.631057089777351,TRUE,666,490
18358,0.65720934352744,FALSE,343,343
18359,0.0226560235146042,FALSE,589,589
18360,-0.81685553572876,FALSE,780,780
18361,1.03883144268176,FALSE,938,938
18362,-1.04958293859371,FALSE,780,780
18363,0.345566864722621,FALSE,464,464
18364,0.00811325294251102,FALSE,506,506
18365,0.359831252623706,FALSE,733,733
18366,-0.57738811763278,FALSE,45,45
18367,0.561706147814945,FALSE,676,676
18368,0.47866344807126,FALSE,286,286
18369,0.0600201686029735,FALSE,195,195
18370,-0.642155914032242,FALSE,90,90
18371,0.114815055138406,FALSE,487,487
18372,-0.517685386753554,FALSE,889,889
18373,-1.32985017898799,FALSE,544,544
18374,-0.929411907283543,FALSE,659,659
18375,-0.928119190421909,TRUE,554,884
18376,-1.22429810498632,FALSE,980,980
18377,-0.333107704623647,FALSE,346,346
18378,0.208493958647966,FALSE,262,262
18379,-1.05875533910317,FALSE,362,362
18380,1.23226709762587,FALSE,103,103
18381,-2.23236254126156,FALSE,748,748
18382,-0.901476146464629,FALSE,403,403
18383,0.844597416280007,TRUE,599,438
18384,1.17646216421126,FALSE,908,908
18385,0.356681415189342,FALSE,5,5
18386,-0.203749924753692,FALSE,573,573
18387,1.30785661032619,TRUE,900,684
18388,-1.03701156976473,FALSE,255,255
18389,-0.291191619717238,FALSE,532,532
18390,-1.49547489143613,FALSE,289,289
18391,0.351832198814307,TRUE,241,229
18392,-0.339221189007058,FALSE,126,126
18393,0.639440477039772,FALSE,77,77
18394,0.883904276179124,FALSE,332,332
18395,1.14596879190248,TRUE,356,685
18396,0.0491414640567702,FALSE,65,65
18397,-0.152409942940628,TRUE,547,4
18398,0.434727925206045,FALSE,701,701
18399,1.13440579860731,FALSE,769,769
18400,0.837268396398118,FALSE,298,298
18401,-0.321274077945882,FALSE,998,998
18402,-1.58924890497948,FALSE,499,499
18403,0.0777006616343059,FALSE,183,183
18404,1.32399024640254,FALSE,641,641
18405,1.17434704386338,FALSE,339,339
18406,-0.544153502624102,FALSE,542,542
18407,-1.34746419951173,FALSE,238,238
18408,2.00119554372571,FALSE,573,573
18409,1.07056724486774,FALSE,266,266
18410,-0.804092583765192,FALSE,982,982
18411,-0.116804251292017,FALSE,454,454
18412,-0.204693016766731,TRUE,59,414
18413,0.20244853425014,FALSE,139,139
18414,0.897976552782491,TRUE,773,969
18415,-0.766123121233478,FALSE,548,548
18416,-0.0496243005838906,TRUE,558,887
18417,-0.632037999819128,FALSE,845,845
18418,0.965941803232271,FALSE,650,650
18419,1.69242535691615,TRUE,295,18
18420,-0.620401485802682,TRUE,774,428
18421,-0.442454521097232,FALSE,823,823
18422,0.509190564172999,TRUE,519,789
18423,1.54574101434871,FALSE,40,40
18424,0.571754571516838,TRUE,483,86
18425,0.214073878540126,FALSE,54,54
18426,-1.1382776329104,FALSE,717,717
18427,-2.79860756384627,TRUE,212,359
18428,-1.4796620391032,TRUE,129,429
18429,-1.97662570241427,FALSE,47,47
18430,0.389320977865512,FALSE,65,65
18431,0.00141102530001877,FALSE,2,2
18432,-0.0383733734024097,FALSE,301,301
18433,0.78935435567661,TRUE,330,476
18434,-0.153785110510489,FALSE,826,826
18435,1.34783588281669,FALSE,545,545
18436,-0.641601410719435,FALSE,725,725
18437,0.0358555368006064,FALSE,40,40
18438,-0.11585897515658,TRUE,74,150
18439,-1.50018265181911,FALSE,476,476
18440,1.30259511949047,FALSE,776,776
18441,-1.68725079442728,FALSE,285,285
18442,2.1036067995317,FALSE,854,854
18443,-0.46349779954565,FALSE,486,486
18444,-0.0663242390266878,FALSE,105,105
18445,0.224848472072259,FALSE,442,442
18446,-0.600336612175027,FALSE,755,755
18447,1.55295359876232,TRUE,149,91
18448,-0.315864111500411,FALSE,822,822
18449,0.587337320259088,TRUE,225,95
18450,-0.392181463888482,FALSE,547,547
18451,-1.44987079989648,TRUE,258,516
18452,-1.63603214432772,TRUE,414,204
18453,-1.87117928751668,FALSE,378,378
18454,1.03642702598522,FALSE,53,53
18455,-0.399583881483751,FALSE,10,10
18456,0.217242385878567,FALSE,963,963
18457,-0.33156144270219,FALSE,594,594
18458,0.0299201096305897,FALSE,454,454
18459,1.26843746095578,FALSE,158,158
18460,0.824974522650843,FALSE,397,397
18461,1.34200178183963,TRUE,701,224
18462,0.640047628063251,FALSE,648,648
18463,0.906201937915906,TRUE,898,248
18464,-1.20360476908719,FALSE,803,803
18465,-0.90942271041151,FALSE,704,704
18466,-0.903487884975793,FALSE,693,693
18467,-1.27231812336626,TRUE,461,911
18468,-0.605390249662496,TRUE,245,176
18469,-0.0438460209092944,FALSE,123,123
18470,-0.289689312635065,FALSE,55,55
18471,1.08982611608064,FALSE,891,891
18472,0.478593887245788,FALSE,366,366
18473,-0.776391167082392,FALSE,47,47
18474,-0.497733279727632,FALSE,654,654
18475,1.12686786922245,TRUE,508,506
18476,-1.66270326128134,FALSE,473,473
18477,-0.359419311934087,TRUE,931,611
18478,-0.39460999607846,FALSE,317,317
18479,-0.619251909695738,FALSE,317,317
18480,0.0103170037784875,TRUE,980,574
18481,-1.62257847220718,FALSE,694,694
18482,-1.20564467595267,TRUE,324,841
18483,1.0376594293378,FALSE,757,757
18484,1.30753243379458,FALSE,615,615
18485,-1.32302861440366,FALSE,502,502
18486,-0.704825681079018,FALSE,580,580
18487,0.508332199437948,TRUE,950,852
18488,0.61037329851858,FALSE,506,506
18489,-1.4755659989304,TRUE,401,78
18490,0.758634178038794,FALSE,149,149
18491,1.69202809793868,TRUE,280,791
18492,-0.295973493530672,FALSE,958,958
18493,-0.831344042492233,FALSE,115,115
18494,0.337833009163674,FALSE,111,111
18495,1.46832638292505,FALSE,640,640
18496,0.70895776521754,FALSE,894,894
18497,-0.816299629404357,FALSE,589,589
18498,-0.47273136097507,FALSE,275,275
18499,-0.62926820971909,TRUE,788,675
18500,-0.69916207284241,TRUE,877,583
18501,-0.0346568501631155,FALSE,217,217
18502,0.288890667273905,FALSE,398,398
18503,-0.528698784984603,FALSE,812,812
18504,-0.704746511236954,FALSE,83,83
18505,-0.750914427101637,FALSE,706,706
18506,-0.963818271483194,FALSE,833,833
18507,-0.428532628249292,FALSE,924,924
18508,-0.33708967552305,TRUE,256,113
18509,0.887886456294832,TRUE,184,230
18510,0.42496097922147,TRUE,540,578
18511,2.58316390917353,FALSE,256,256
18512,-0.339394952976842,FALSE,1,1
18513,-0.371067441639891,TRUE,880,794
18514,-1.08657169570685,FALSE,20,20
18515,0.180405503056341,TRUE,637,928
18516,0.189606967608591,FALSE,100,100
18517,-0.726030601270838,TRUE,412,323
18518,-1.25006132260984,FALSE,727,727
18519,1.42517835071198,TRUE,344,652
18520,3.70335062644464,FALSE,370,370
18521,-0.188450048737684,FALSE,988,988
18522,0.0206551333844864,FALSE,152,152
18523,0.201283634750485,FALSE,431,431
18524,0.197728427602947,TRUE,803,4
18525,0.626380502801711,FALSE,602,602
18526,-0.395035501029822,FALSE,159,159
18527,-2.36122353087291,FALSE,215,215
18528,1.06359272172873,TRUE,955,684
18529,0.230996716742583,FALSE,918,918
18530,0.20047294335918,TRUE,715,40
18531,-1.10340211241324,FALSE,943,943
18532,0.00895667440265884,FALSE,747,747
18533,-0.0393514123327917,FALSE,404,404
18534,0.188899317908709,FALSE,278,278
18535,0.156544914887394,FALSE,812,812
18536,-0.84340683989746,FALSE,952,952
18537,0.519976455751954,FALSE,37,37
18538,0.105643490604997,FALSE,798,798
18539,-0.213450978970571,FALSE,577,577
18540,-0.339274176711688,FALSE,880,880
18541,1.32280580600479,FALSE,598,598
18542,-0.45115414697083,TRUE,569,384
18543,0.146492748111377,FALSE,31,31
18544,0.462635010013033,TRUE,416,978
18545,0.819625808401254,FALSE,867,867
18546,0.724344451569248,FALSE,688,688
18547,-0.468967034033346,FALSE,312,312
18548,-0.39797882395944,FALSE,659,659
18549,0.99928635727184,FALSE,897,897
18550,-0.180265571895789,TRUE,524,843
18551,0.839494513617356,FALSE,371,371
18552,-1.95602937595759,FALSE,530,530
18553,0.43301469535083,FALSE,185,185
18554,-0.0596685210487025,TRUE,602,757
18555,0.248147531611,FALSE,515,515
18556,-0.707018171007816,TRUE,36,913
18557,-2.30720021697094,FALSE,334,334
18558,0.757722867073734,FALSE,326,326
18559,-1.75330568359439,FALSE,687,687
18560,-0.892350312674291,TRUE,938,477
18561,-0.246673754246316,TRUE,426,819
18562,-0.036188826830932,FALSE,720,720
18563,-0.1770854571268,FALSE,141,141
18564,0.0102454517320812,FALSE,858,858
18565,0.944335367289455,TRUE,950,505
18566,-0.21623323715547,FALSE,424,424
18567,0.483531814016256,FALSE,434,434
18568,-2.44829534209353,TRUE,239,492
18569,0.116916980855549,FALSE,448,448
18570,-0.0539348358515315,FALSE,888,888
18571,0.491027446760548,TRUE,323,300
18572,-0.559155131810534,TRUE,165,141
18573,1.0974900548977,FALSE,113,113
18574,0.186910707935366,TRUE,898,349
18575,-0.244648504148801,FALSE,36,36
18576,-0.585535959800689,FALSE,743,743
18577,0.949525530520668,FALSE,621,621
18578,-1.79468455512595,FALSE,966,966
18579,-1.01556129878505,FALSE,574,574
18580,-1.52568057035774,TRUE,68,589
18581,1.40105684497822,FALSE,374,374
18582,0.862899472968671,FALSE,226,226
18583,-1.76587536607313,TRUE,868,53
18584,-0.328768938691552,TRUE,551,269
18585,0.877258348663121,TRUE,39,349
18586,1.01026579357616,FALSE,257,257
18587,1.57851171405849,TRUE,509,332
18588,-0.0609392262422306,FALSE,537,537
18589,0.757631561480636,FALSE,129,129
18590,0.0471944131764409,FALSE,872,872
18591,0.39135492693812,FALSE,930,930
18592,-0.771650861803849,TRUE,241,913
18593,-0.253341930424376,TRUE,926,180
18594,0.120370381918041,FALSE,675,675
18595,1.97309162062236,FALSE,703,703
18596,-0.0549746698298747,FALSE,888,888
18597,0.832445528544883,FALSE,199,199
18598,0.408903299141803,FALSE,932,932
18599,-1.19948902410175,FALSE,240,240
18600,-1.62614262511536,FALSE,551,551
18601,0.981775124441232,TRUE,284,846
18602,1.08520382406543,FALSE,897,897
18603,-1.80605425349411,TRUE,50,529
18604,0.570535918009608,FALSE,13,13
18605,1.31480344212549,FALSE,917,917
18606,-1.48520828502403,FALSE,907,907
18607,-0.48151086356524,FALSE,148,148
18608,1.66941789752559,TRUE,887,68
18609,0.514376955796947,TRUE,610,867
18610,-0.907871113848211,TRUE,281,542
18611,-0.624190130845892,TRUE,875,275
18612,-1.03061380521311,TRUE,118,952
18613,-0.468461233058793,FALSE,488,488
18614,0.824637314068547,FALSE,381,381
18615,-0.902934659468334,FALSE,891,891
18616,-0.359207839790898,FALSE,187,187
18617,0.965899633240945,FALSE,299,299
18618,-0.855175672226519,FALSE,167,167
18619,-0.833000060309438,FALSE,951,951
18620,1.07054108448762,FALSE,63,63
18621,-0.172433420130284,FALSE,403,403
18622,-0.602468719265053,FALSE,945,945
18623,0.481711024694585,FALSE,928,928
18624,0.616000154244571,TRUE,0,740
18625,-1.32208084828317,FALSE,338,338
18626,1.60841426709157,FALSE,691,691
18627,-1.01091662529479,TRUE,364,667
18628,0.105284047036387,FALSE,161,161
18629,0.447721135288785,FALSE,285,285
18630,1.65262260777892,TRUE,367,680
18631,0.458604033376037,FALSE,949,949
18632,1.23514409192436,FALSE,961,961
18633,0.0470563501774088,FALSE,620,620
18634,0.093152785711568,TRUE,454,568
18635,-1.18093621380826,FALSE,726,726
18636,2.36216477229217,FALSE,139,139
18637,0.276828173697497,FALSE,865,865
18638,1.63084236159501,FALSE,96,96
18639,0.232318704693706,TRUE,169,593
18640,-0.93431764349343,TRUE,94,600
18641,1.06247724405104,TRUE,227,246
18642,0.894996637624056,TRUE,195,535
18643,-0.601600167518923,FALSE,986,986
18644,-0.53396423966762,FALSE,952,952
18645,1.26712834636362,TRUE,472,193
18646,-0.746688743870581,FALSE,819,819
18647,-0.558145862058465,FALSE,797,797
18648,-1.69736321809767,FALSE,9,9
18649,0.658540571379734,TRUE,189,783
18650,0.238557553684885,TRUE,567,618
18651,-0.742680332896074,FALSE,198,198
18652,-0.537821889263707,TRUE,546,962
18653,0.12676659528119,FALSE,482,482
18654,-0.268592535927008,FALSE,677,677
18655,-0.775863205508173,FALSE,504,504
18656,1.94956904035596,FALSE,740,740
18657,0.106080546459007,FALSE,635,635
18658,0.865004517562554,FALSE,223,223
18659,0.458673461439985,TRUE,582,166
18660,-0.57243828542852,FALSE,58,58
18661,-0.329540034729085,FALSE,338,338
18662,-0.0596240540486255,FALSE,357,357
18663,-0.205402333452048,FALSE,438,438
18664,-0.943872103094268,FALSE,920,920
18665,1.13176664986067,TRUE,826,361
18666,-0.897135870808645,FALSE,686,686
18667,-0.919526146590313,TRUE,360,796
18668,1.40826098448629,FALSE,85,85
18669,0.727966279617287,FALSE,270,270
18670,-0.487705869229662,TRUE,619,255
18671,0.72115262190888,FALSE,243,243
18672,1.17731250935065,FALSE,373,373
18673,-2.39041762595371,TRUE,553,999
18674,-0.22999989107151,FALSE,798,798
18675,-0.622024450078569,TRUE,876,580
18676,-0.0413154653216957,TRUE,52,627
18677,0.662746516077475,FALSE,272,272
18678,1.37989902334305,TRUE,145,307
18679,0.58391818126008,TRUE,578,982
18680,-0.0291201067079358,TRUE,773,956
18681,-0.14508031162232,FALSE,430,430
18682,1.30878395267386,FALSE,935,935
18683,-0.529256136507369,FALSE,48,48
18684,-1.26106478032397,FALSE,79,79
18685,-1.73840475680891,TRUE,951,840
18686,-0.140147575684745,FALSE,941,941
18687,-0.658637088674312,FALSE,326,326
18688,-1.22404886963331,FALSE,517,517
18689,-0.938227093953808,FALSE,634,634
18690,0.379704036169504,TRUE,154,325
18691,-2.12227062879527,FALSE,833,833
18692,0.621444971082939,FALSE,576,576
18693,0.0130151781898371,FALSE,362,362
18694,-1.74346360044843,FALSE,915,915
18695,0.201633093566104,FALSE,955,955
18696,-0.683175183724647,FALSE,534,534
18697,0.15642875899137,FALSE,350,350
18698,-1.24632872989172,FALSE,310,310
18699,0.14719716522025,FALSE,926,926
18700,-0.0250130525128346,FALSE,16,16
18701,-0.891298224836235,FALSE,638,638
18702,-2.97410133696758,FALSE,315,315
18703,-0.285993895505246,TRUE,225,544
18704,0.572392899255474,FALSE,280,280
18705,-0.835020650831227,FALSE,295,295
18706,1.9892998371453,FALSE,690,690
18707,-1.38833860500839,FALSE,72,72
18708,-1.1803053985579,TRUE,504,626
18709,-0.240759321225739,FALSE,421,421
18710,-1.41880887017829,FALSE,202,202
18711,0.770196986070856,TRUE,899,691
18712,-0.948363939889661,FALSE,124,124
18713,0.0481973000527509,FALSE,733,733
18714,-1.37345480120212,FALSE,827,827
18715,-1.03757254544259,TRUE,131,867
18716,-0.65763817961877,FALSE,722,722
18717,1.94465650650487,TRUE,947,670
18718,-0.543646263867572,TRUE,523,75
18719,-1.06720689945066,FALSE,498,498
18720,0.618702472606413,FALSE,279,279
18721,1.50455731327098,TRUE,920,242
18722,-0.896841819947043,FALSE,103,103
18723,-0.433650978029098,TRUE,505,637
18724,0.427818147567497,FALSE,548,548
18725,-1.14851449953542,FALSE,387,387
18726,0.132727679347434,FALSE,374,374
18727,-1.9700108901738,TRUE,770,337
18728,-0.353172760224857,FALSE,252,252
18729,-0.996377355882063,FALSE,891,891
18730,-0.904448402551621,TRUE,664,806
18731,0.286471388262252,TRUE,361,742
18732,-0.434320722386316,FALSE,928,928
18733,-0.157765677617564,FALSE,756,756
18734,-1.06646129597777,FALSE,31,31
18735,0.199769273247526,FALSE,595,595
18736,-0.0608313197841046,TRUE,222,447
18737,-0.551459934445889,FALSE,431,431
18738,-0.911855358656324,FALSE,795,795
18739,0.61061281946007,FALSE,342,342
18740,0.146288175783369,FALSE,651,651
18741,-0.939688365314804,FALSE,651,651
18742,1.4294601319577,FALSE,15,15
18743,-0.54555228987484,FALSE,456,456
18744,1.13254747775479,FALSE,165,165
18745,0.0707848800262596,FALSE,918,918
18746,-0.900859148149272,FALSE,27,27
18747,-1.60580623424654,FALSE,278,278
18748,-1.21146206028462,FALSE,37,37
18749,-0.029247694425108,FALSE,930,930
18750,0.119320600425009,FALSE,57,57
18751,-0.896822453686503,FALSE,915,915
18752,-0.116435421590082,FALSE,416,416
18753,1.28493976075637,FALSE,802,802
18754,-0.0169832283700828,TRUE,534,670
18755,0.0503535622173096,FALSE,975,975
18756,0.480214403620007,FALSE,408,408
18757,1.40186537033882,FALSE,544,544
18758,-1.75345995814841,FALSE,275,275
18759,-1.25649389806906,TRUE,963,777
18760,-1.7766441024633,FALSE,728,728
18761,-1.08880374510948,FALSE,239,239
18762,0.725908011140421,FALSE,66,66
18763,0.361108952883972,FALSE,377,377
18764,0.225453862685807,FALSE,85,85
18765,0.113314215022617,FALSE,584,584
18766,-0.705369614684268,FALSE,360,360
18767,-0.0844630228659537,FALSE,473,473
18768,0.253733721207594,FALSE,556,556
18769,1.15341458704924,FALSE,412,412
18770,-0.76462305465393,FALSE,953,953
18771,1.14410364738126,FALSE,551,551
18772,0.650530494511519,FALSE,985,985
18773,0.66600602443029,TRUE,924,421
18774,-0.0286752894510144,FALSE,206,206
18775,-1.4225833630145,TRUE,439,794
18776,0.433023689795912,FALSE,852,852
18777,-0.743493986588784,TRUE,2,665
18778,-0.227338020197702,FALSE,151,151
18779,1.92215330961866,FALSE,677,677
18780,-1.7563978240383,FALSE,2,2
18781,0.327587267585719,FALSE,40,40
18782,3.00073946325237,FALSE,102,102
18783,1.97913713533671,TRUE,479,353
18784,-2.31811144845561,TRUE,108,683
18785,-0.927957848872877,FALSE,248,248
18786,-2.12999154718865,FALSE,810,810
18787,0.233201391655038,FALSE,757,757
18788,-0.197531748424598,FALSE,780,780
18789,-1.37482046285978,TRUE,876,502
18790,0.825645231793477,FALSE,295,295
18791,-2.11953979238072,TRUE,707,375
18792,-0.0630251815762203,FALSE,286,286
18793,-0.0244726525527849,TRUE,190,195
18794,0.283328367298962,TRUE,578,873
18795,0.393549449313199,FALSE,135,135
18796,0.466657464479609,TRUE,330,283
18797,-0.894451393002239,TRUE,959,798
18798,0.0589030155916054,FALSE,439,439
18799,0.109295433471691,TRUE,852,393
18800,1.46268549963493,TRUE,664,746
18801,-0.483622970590339,FALSE,618,618
18802,-0.512701697603696,TRUE,886,938
18803,-1.18022346598769,TRUE,633,375
18804,3.22402474539952,FALSE,28,28
18805,1.02378144581963,FALSE,21,21
18806,1.6697746008651,FALSE,193,193
18807,-0.697393690166649,FALSE,34,34
18808,-0.817462950537758,FALSE,647,647
18809,-0.771248829200057,FALSE,562,562
18810,1.29823326400067,TRUE,873,23
18811,0.832759691978276,TRUE,768,774
18812,1.49897123877511,TRUE,489,388
18813,0.803147702593959,FALSE,463,463
18814,0.268435406972884,TRUE,875,878
18815,0.768526684776008,FALSE,617,617
18816,-0.502059825499942,FALSE,581,581
18817,3.08912799673141,TRUE,241,974
18818,0.838846515094441,FALSE,990,990
18819,-1.28058661242782,FALSE,461,461
18820,0.884287323237043,FALSE,180,180
18821,-0.409623461679419,FALSE,840,840
18822,0.8084350640051,FALSE,338,338
18823,-0.694000771838951,FALSE,229,229
18824,1.14133012338152,FALSE,139,139
18825,-0.663233183098738,FALSE,730,730
18826,1.21634512132928,FALSE,639,639
18827,-0.654404633058203,TRUE,96,597
18828,1.3536835836524,FALSE,767,767
18829,0.23087746724052,FALSE,357,357
18830,-0.176962481375395,FALSE,860,860
18831,-0.639791758319483,FALSE,619,619
18832,-1.06183350160924,FALSE,985,985
18833,-0.362915910848628,FALSE,178,178
18834,-2.22062732456624,FALSE,615,615
18835,0.652351383850228,TRUE,739,563
18836,-0.269995140422907,TRUE,834,741
18837,0.45614631053423,FALSE,785,785
18838,-0.112462837550648,FALSE,693,693
18839,-0.54060341424847,TRUE,618,430
18840,3.75870218491067,FALSE,840,840
18841,0.319657921687193,FALSE,479,479
18842,-0.0180981878298152,FALSE,64,64
18843,-1.3329840240541,FALSE,361,361
18844,-0.379445641970287,FALSE,6,6
18845,0.185658924640015,FALSE,900,900
18846,0.624256654036158,TRUE,635,239
18847,0.241367714250386,FALSE,654,654
18848,-2.12344166200463,TRUE,532,162
18849,-0.43288779768531,FALSE,673,673
18850,2.28422294401466,TRUE,230,790
18851,-0.331581680906535,FALSE,926,926
18852,-0.626978639205921,TRUE,136,902
18853,0.139487694335088,FALSE,209,209
18854,-0.356021281593271,TRUE,760,660
18855,0.733520295235429,FALSE,343,343
18856,0.255539951225351,FALSE,49,49
18857,-0.506375317660573,FALSE,394,394
18858,-1.3728335116368,FALSE,86,86
18859,-0.549596456739035,TRUE,371,644
18860,1.50342874055534,FALSE,987,987
18861,1.289348491293,TRUE,656,282
18862,-0.39849896013019,FALSE,444,444
18863,-0.75306540183465,FALSE,602,602
18864,0.206836815314676,FALSE,626,626
18865,-0.186681166709466,FALSE,496,496
18866,-1.96265687052134,TRUE,483,738
18867,-1.29463628584979,FALSE,300,300
18868,0.889270903521936,FALSE,753,753
18869,0.184784617115057,FALSE,466,466
18870,0.234553895357259,FALSE,332,332
18871,0.222194730599144,FALSE,88,88
18872,-1.0309796667375,FALSE,343,343
18873,0.627158673496787,TRUE,331,941
18874,-0.104004528138599,TRUE,288,646
18875,1.87781681062947,FALSE,473,473
18876,0.346606839608011,TRUE,613,99
18877,0.614229324233158,FALSE,152,152
18878,0.19883838437881,FALSE,826,826
18879,-0.980839980767069,FALSE,533,533
18880,1.27173384868016,TRUE,149,343
18881,0.386618692358637,FALSE,571,571
18882,0.355443617664732,FALSE,381,381
18883,1.56913604556288,FALSE,123,123
18884,0.625267849225275,TRUE,491,49
18885,-1.31567863455915,FALSE,462,462
18886,-1.51149972634077,FALSE,537,537
18887,0.152884954573007,FALSE,587,587
18888,1.69626548137183,FALSE,627,627
18889,-0.339095372487462,TRUE,941,917
18890,0.247204791177068,FALSE,150,150
18891,0.268797414396878,FALSE,104,104
18892,0.693328513981249,FALSE,529,529
18893,0.921084290677395,FALSE,626,626
18894,0.931515247782737,FALSE,762,762
18895,0.671969587531062,FALSE,839,839
18896,-0.316709606350773,FALSE,370,370
18897,-0.0168363941279013,FALSE,650,650
18898,0.556232861233718,TRUE,276,283
18899,1.02295790548947,FALSE,216,216
18900,0.716738194086457,FALSE,554,554
18901,0.544869199909237,FALSE,106,106
18902,2.02288004203004,FALSE,250,250
18903,0.325285853577607,FALSE,643,643
18904,0.250606624709817,FALSE,950,950
18905,0.461249801702357,FALSE,368,368
18906,1.07185293481195,FALSE,229,229
18907,1.08960684095406,FALSE,216,216
18908,-0.278298727696236,FALSE,81,81
18909,1.64400972264726,FALSE,97,97
18910,-0.67706307441372,FALSE,541,541
18911,0.0798301606529094,FALSE,465,465
18912,-1.34452988442547,FALSE,233,233
18913,-0.497846411178346,FALSE,78,78
18914,-0.435134817977142,TRUE,233,634
18915,-0.654703562506351,FALSE,610,610
18916,-0.452748522404033,TRUE,108,674
18917,0.894920766766214,FALSE,863,863
18918,-1.16005449655597,FALSE,671,671
18919,-0.56165691103494,FALSE,362,362
18920,0.692035969670394,TRUE,911,336
18921,-1.71227699334712,FALSE,313,313
18922,0.759017960295574,FALSE,723,723
18923,-0.4830245736886,TRUE,167,280
18924,0.858538381189452,TRUE,227,580
18925,-1.18237020677071,FALSE,592,592
18926,-0.539064360146625,TRUE,823,271
18927,-0.0477630980231768,FALSE,721,721
18928,-0.274364622864437,FALSE,667,667
18929,-0.922482422343857,FALSE,431,431
18930,0.395988675347021,FALSE,545,545
18931,0.539738400155653,TRUE,439,324
18932,1.41915970888233,FALSE,847,847
18933,1.10176037310889,FALSE,802,802
18934,-0.684661796005822,FALSE,778,778
18935,-0.0809573588873593,TRUE,760,867
18936,1.08789948331834,FALSE,855,855
18937,-1.23007699867744,FALSE,77,77
18938,-1.52872055935087,TRUE,739,680
18939,0.404460324080951,FALSE,736,736
18940,-0.802202160434661,FALSE,471,471
18941,0.491119148844863,FALSE,275,275
18942,2.48611020802721,FALSE,9,9
18943,0.980175268570762,FALSE,952,952
18944,0.670789898527846,TRUE,980,785
18945,-0.269101513674269,FALSE,653,653
18946,1.61765444775822,TRUE,562,421
18947,-1.31491424958984,FALSE,38,38
18948,1.05632545445559,TRUE,741,527
18949,1.18051343060534,FALSE,846,846
18950,-1.44024523442218,TRUE,805,597
18951,-0.965616403304745,FALSE,600,600
18952,-1.22479287182939,FALSE,755,755
18953,0.488418453512216,FALSE,88,88
18954,0.907849980179127,FALSE,530,530
18955,-0.724712210529297,FALSE,62,62
18956,1.22595142878754,TRUE,336,564
18957,-0.70261674873046,FALSE,781,781
18958,-1.66867059548047,FALSE,709,709
18959,-0.909521907000086,FALSE,700,700
18960,0.948356318909301,FALSE,895,895
18961,0.114314629271393,FALSE,368,368
18962,0.044673832826669,FALSE,41,41
18963,0.488778738932305,FALSE,609,609
18964,-0.691603287866242,TRUE,305,358
18965,1.09631124207843,FALSE,754,754
18966,-0.597517922606868,FALSE,220,220
18967,-0.47921835784104,FALSE,357,357
18968,-0.931736991872392,FALSE,324,324
18969,-0.522001481648057,TRUE,922,202
18970,1.09681571381948,FALSE,142,142
18971,0.888460405161367,FALSE,855,855
18972,-0.0958558723129708,FALSE,581,581
18973,-0.698167945267881,TRUE,182,254
18974,-0.0788927577695528,FALSE,84,84
18975,-0.965168944536994,FALSE,904,904
18976,-0.334104028513468,FALSE,872,872
18977,-0.707650650961421,FALSE,501,501
18978,-0.196736488596768,FALSE,726,726
18979,-0.467015258087378,FALSE,805,805
18980,-0.210505886660817,FALSE,276,276
18981,0.519998396815614,FALSE,488,488
18982,0.425905019189819,FALSE,550,550
18983,-0.44241249293836,FALSE,584,584
18984,0.722391334262091,TRUE,988,234
18985,-1.91081403818987,FALSE,879,879
18986,1.297217185457,TRUE,855,952
18987,1.24982968299928,FALSE,210,210
18988,0.726729746488072,FALSE,887,887
18989,0.31116101795663,FALSE,250,250
18990,-0.914812363785004,TRUE,779,460
18991,-1.50197990965712,TRUE,497,3
18992,1.00940287239875,FALSE,67,67
18993,0.0203953132540624,TRUE,16,532
18994,1.75207168793644,TRUE,220,783
18995,-0.72560534516421,TRUE,991,748
18996,-1.07059301751581,FALSE,454,454
18997,-0.731312243401841,FALSE,395,395
18998,-0.169889000246118,TRUE,254,711
18999,-1.2313148373074,FALSE,709,709
19000,2.02791086269836,FALSE,554,554
19001,-1.49474970068853,TRUE,480,319
19002,-1.57294916132995,FALSE,548,548
19003,-0.300212282309103,TRUE,348,947
19004,-0.764373488581798,FALSE,199,199
19005,-1.1161571217615,FALSE,63,63
19006,2.58654646009518,FALSE,499,499
19007,-0.942218562666475,FALSE,838,838
19008,1.1948731280978,FALSE,395,395
19009,1.42716598195669,TRUE,938,96
19010,-0.478742111330258,TRUE,167,608
19011,0.641961016014358,FALSE,0,0
19012,-1.7010484348607,TRUE,106,830
19013,-0.403866131143785,FALSE,798,798
19014,-0.552259228917039,FALSE,30,30
19015,0.49038696166971,TRUE,562,566
19016,1.41126614572136,FALSE,813,813
19017,-1.36984770545162,FALSE,370,370
19018,1.48225269049809,FALSE,212,212
19019,1.8055621150251,FALSE,911,911
19020,-0.31206446068215,FALSE,613,613
19021,-1.56761797682969,FALSE,305,305
19022,0.54510481006362,TRUE,306,78
19023,0.102749178988086,TRUE,94,10
19024,-0.790815711621128,FALSE,967,967
19025,1.89059573142579,TRUE,612,241
19026,-0.722244668126845,FALSE,655,655
19027,0.222712296571903,TRUE,252,563
19028,0.429685274995017,FALSE,830,830
19029,-1.51674666250546,TRUE,734,143
19030,1.46232006714673,TRUE,35,560
19031,1.85424359579931,FALSE,125,125
19032,0.553568885952044,FALSE,460,460
19033,1.17494107281627,FALSE,405,405
19034,-0.590425060755459,TRUE,265,601
19035,-0.29888685566244,FALSE,591,591
19036,0.557080775880168,FALSE,165,165
19037,0.316999049445457,FALSE,196,196
19038,-0.813321885328184,FALSE,873,873
19039,0.0680752135094036,FALSE,143,143
19040,1.23808290715514,FALSE,56,56
19041,-0.72366912257151,FALSE,14,14
19042,-0.502022070470047,FALSE,512,512
19043,-1.09993401753859,FALSE,581,581
19044,0.755254846000747,FALSE,426,426
19045,-0.811696874798196,FALSE,578,578
19046,0.580543471094356,FALSE,777,777
19047,-0.966158492224368,FALSE,569,569
19048,-1.0217635666018,FALSE,713,713
19049,-0.0851903506522017,FALSE,623,623
19050,-1.23476174161146,FALSE,874,874
19051,1.46299608562963,FALSE,214,214
19052,0.287566643281326,FALSE,389,389
19053,-0.328050671058629,FALSE,211,211
19054,-1.40409575427755,FALSE,833,833
19055,-2.3800937394718,FALSE,894,894
19056,1.48892350293618,FALSE,104,104
19057,1.80426415601003,FALSE,364,364
19058,0.839066718278622,FALSE,511,511
19059,-0.964201435776396,FALSE,228,228
19060,1.41359995316529,FALSE,702,702
19061,0.813876848188159,FALSE,275,275
19062,-1.32173041197965,TRUE,518,532
19063,1.78902894575633,FALSE,292,292
19064,-1.71553768152421,TRUE,567,918
19065,-1.91391299676717,TRUE,319,375
19066,0.532012080399321,FALSE,931,931
19067,-1.12091454713458,FALSE,898,898
19068,-2.12090894723196,FALSE,152,152
19069,-1.31852613845707,FALSE,827,827
19070,2.93047064752159,FALSE,1,1
19071,0.50742050320771,FALSE,154,154
19072,-1.34407081642939,FALSE,145,145
19073,-0.456779445775396,FALSE,793,793
19074,0.421074240502661,FALSE,798,798
19075,-0.316408548093104,FALSE,592,592
19076,0.359468408613115,FALSE,84,84
19077,-0.259211302326239,FALSE,926,926
19078,0.863591616883932,FALSE,426,426
19079,0.819529076986392,TRUE,25,505
19080,0.938005395448737,FALSE,507,507
19081,-0.185776375475575,TRUE,557,505
19082,-1.58519482817666,FALSE,219,219
19083,1.88188047115849,FALSE,944,944
19084,-0.477161427697492,FALSE,107,107
19085,-0.481325604940184,FALSE,832,832
19086,2.46352877625045,TRUE,830,518
19087,0.967147118422639,FALSE,273,273
19088,-0.0990055489723762,TRUE,450,749
19089,0.704903214586862,FALSE,518,518
19090,0.348033389206094,FALSE,630,630
19091,0.156440966144589,FALSE,34,34
19092,-0.467850992472928,FALSE,105,105
19093,1.2566405258944,FALSE,632,632
19094,0.69383675796334,FALSE,147,147
19095,-0.180531501984558,FALSE,420,420
19096,0.771398282411697,FALSE,473,473
19097,-0.0116410709047272,FALSE,657,657
19098,0.200127251400578,FALSE,423,423
19099,1.46418655279435,TRUE,213,129
19100,0.365380227900092,FALSE,857,857
19101,0.374857250240043,FALSE,791,791
19102,0.803652644083687,FALSE,845,845
19103,-0.495217781330215,FALSE,729,729
19104,-1.09709498839654,FALSE,9,9
19105,1.20176356934497,FALSE,377,377
19106,1.28686323173471,FALSE,332,332
19107,0.777485523033594,FALSE,101,101
19108,1.09050020679782,FALSE,694,694
19109,1.40784995013727,FALSE,809,809
19110,-0.526525601647434,FALSE,889,889
19111,1.37179290167155,FALSE,139,139
19112,0.152059065952029,FALSE,548,548
19113,-2.34371824010617,FALSE,482,482
19114,0.507189141627203,TRUE,840,400
19115,0.346502601408186,FALSE,484,484
19116,-3.48873364974963,FALSE,839,839
19117,-1.02699598486782,FALSE,42,42
19118,-1.07932999538506,FALSE,0,0
19119,-0.345944364614187,TRUE,844,109
19120,-0.29699829431883,FALSE,823,823
19121,0.428153241220653,FALSE,594,594
19122,0.455037535123293,FALSE,475,475
19123,-1.9730953786041,FALSE,176,176
19124,-0.102588946317618,FALSE,679,679
19125,-0.618111643784725,FALSE,701,701
19126,0.27194863192341,FALSE,588,588
19127,-0.177051843439896,FALSE,996,996
19128,-1.09335908117157,FALSE,423,423
19129,-0.612848473272388,FALSE,639,639
19130,0.590060280788041,FALSE,686,686
19131,-0.485796239283828,FALSE,561,561
19132,-0.245740489568261,TRUE,496,609
19133,-1.42765707288971,FALSE,344,344
19134,-0.0419264070172528,TRUE,545,781
19135,0.298299365940451,FALSE,203,203
19136,-1.30493155778784,TRUE,375,562
19137,2.09269348061631,TRUE,303,978
19138,2.00751309978942,FALSE,552,552
19139,0.317250238793303,TRUE,528,190
19140,0.831851544128698,FALSE,231,231
19141,-1.58402224134408,TRUE,125,432
19142,-0.0382836837449545,FALSE,123,123
19143,0.376778954240722,FALSE,114,114
19144,-0.65819461881927,TRUE,13,597
19145,-2.38482120001434,FALSE,109,109
19146,-0.17823452768314,FALSE,309,309
19147,-0.313080927046939,TRUE,999,760
19148,-0.246166744681241,TRUE,127,482
19149,0.0294471212335251,FALSE,650,650
19150,0.640360543573562,FALSE,677,677
19151,0.387534509987863,TRUE,786,258
19152,1.16527218065415,FALSE,482,482
19153,0.0878857671331893,FALSE,304,304
19154,0.393968336132216,FALSE,255,255
19155,-0.221986425986099,FALSE,595,595
19156,0.206674453705904,FALSE,736,736
19157,-1.66630195331808,FALSE,871,871
19158,-1.11235972588194,FALSE,79,79
19159,-0.341140029780629,TRUE,522,172
19160,0.73700442891931,FALSE,374,374
19161,-1.1887698852746,FALSE,80,80
19162,-0.672598735377545,FALSE,55,55
19163,1.5759121689807,TRUE,769,225
19164,0.584011477588624,FALSE,531,531
19165,-1.16090145278038,FALSE,681,681
19166,0.356625877051523,FALSE,680,680
19167,0.511647183555437,FALSE,155,155
19168,0.501949468818561,FALSE,275,275
19169,1.01309800224662,FALSE,846,846
19170,0.54908974485737,FALSE,83,83
19171,-1.8238530892938,FALSE,196,196
19172,-0.349436634716787,FALSE,102,102
19173,0.532690295768409,FALSE,996,996
19174,0.235610530839058,FALSE,827,827
19175,-0.41713640676869,FALSE,739,739
19176,0.212858741244122,FALSE,921,921
19177,0.468513634056249,FALSE,290,290
19178,1.74966271909705,FALSE,801,801
19179,0.503902796852563,FALSE,252,252
19180,-0.894982956561099,TRUE,598,40
19181,1.34939451881723,TRUE,526,847
19182,0.239666067796666,FALSE,248,248
19183,-0.50361285827767,FALSE,934,934
19184,0.906577471965724,FALSE,359,359
19185,0.923052949258618,FALSE,126,126
19186,0.862847120888639,FALSE,193,193
19187,0.502528229933621,FALSE,195,195
19188,-2.00604938057236,FALSE,868,868
19189,0.952145554988694,FALSE,963,963
19190,0.485236218259384,FALSE,43,43
19191,-1.58529507646219,FALSE,97,97
19192,-0.451347037678474,FALSE,422,422
19193,1.06717868439934,FALSE,13,13
19194,-1.61040060979739,FALSE,340,340
19195,0.00150950512906395,FALSE,223,223
19196,-0.352065227573766,TRUE,359,95
19197,1.34360062741589,FALSE,899,899
19198,1.85901422641361,FALSE,27,27
19199,0.476588581948094,FALSE,830,830
19200,0.786077783606716,FALSE,290,290
19201,-1.31844664794505,FALSE,746,746
19202,-0.0458582608171539,FALSE,776,776
19203,0.07791585453914,FALSE,885,885
19204,-0.765834390319304,FALSE,495,495
19205,-0.883768754309926,FALSE,663,663
19206,0.0825470445754399,TRUE,652,471
19207,1.70519491399045,FALSE,880,880
19208,1.17992409887454,FALSE,608,608
19209,1.14467248716782,FALSE,74,74
19210,-0.957319406367518,FALSE,481,481
19211,0.0396125729469163,TRUE,857,160
19212,-1.71813678519936,TRUE,46,156
19213,-0.147900386898042,FALSE,416,416
19214,-1.06635006508454,FALSE,724,724
19215,1.07625519738837,TRUE,693,615
19216,0.264568722120866,FALSE,183,183
19217,-1.63874795190339,FALSE,335,335
19218,-2.38216783272716,FALSE,348,348
19219,1.35551912136363,FALSE,50,50
19220,0.105967425192198,FALSE,614,614
19221,0.36778172465295,TRUE,103,825
19222,-0.902852692033459,TRUE,827,283
19223,0.364206516832646,FALSE,887,887
19224,0.0940542086032026,TRUE,113,976
19225,-0.848801729463573,FALSE,558,558
19226,-0.0544978895040415,FALSE,581,581
19227,0.0381146719701006,FALSE,817,817
19228,0.00113139334786223,TRUE,342,504
19229,0.381545428470891,TRUE,741,68
19230,-0.157430913798854,TRUE,53,394
19231,-2.29561872701119,FALSE,64,64
19232,-0.144614839679821,TRUE,250,550
19233,1.13088443156588,FALSE,390,390
19234,-1.05462106579919,FALSE,249,249
19235,-0.514649787301312,FALSE,434,434
19236,-0.444864153602972,TRUE,54,161
19237,-0.621566328045277,TRUE,413,18
19238,-1.25517535610875,FALSE,516,516
19239,-0.190421147225314,FALSE,255,255
19240,0.632742658438137,FALSE,294,294
19241,0.614398996355601,FALSE,853,853
19242,1.5744653716573,TRUE,455,471
19243,-0.3689932111038,FALSE,28,28
19244,-0.603328645876572,FALSE,619,619
19245,-0.0179485451090518,FALSE,532,532
19246,-0.453305882784834,TRUE,920,88
19247,-0.100730315937041,FALSE,408,408
19248,-1.37432303114862,FALSE,262,262
19249,0.608384774769986,FALSE,681,681
19250,0.310089322911606,FALSE,734,734
19251,-0.830439998382474,FALSE,137,137
19252,-0.989187791863216,FALSE,162,162
19253,0.266072386535327,FALSE,218,218
19254,-0.551474204542491,FALSE,348,348
19255,-1.27977363026924,TRUE,996,75
19256,-0.368260241148345,TRUE,553,878
19257,-0.477128398216438,FALSE,57,57
19258,1.01661423183602,FALSE,528,528
19259,-0.535607066275276,TRUE,489,595
19260,-0.127203579647324,FALSE,356,356
19261,-1.33684995962434,FALSE,213,213
19262,0.924310713789578,FALSE,611,611
19263,0.168967653714443,FALSE,175,175
19264,-1.83072016490382,FALSE,846,846
19265,-0.424455265422842,FALSE,294,294
19266,1.28617109906856,FALSE,280,280
19267,0.910011887251871,FALSE,262,262
19268,0.471279886607758,FALSE,125,125
19269,0.478659186089807,TRUE,968,305
19270,0.0655730110692939,FALSE,91,91
19271,0.218572981144214,TRUE,928,23
19272,-1.12854092228146,TRUE,188,197
19273,1.4980218090473,FALSE,827,827
19274,0.736863236514602,FALSE,257,257
19275,-0.648244993760752,FALSE,543,543
19276,-0.313053444375798,TRUE,782,4
19277,0.1270434475662,FALSE,348,348
19278,-0.577729747130139,FALSE,973,973
19279,-1.98806503592053,FALSE,993,993
19280,-0.350211692836178,TRUE,880,803
19281,0.325698433778054,FALSE,467,467
19282,-0.633243935854472,TRUE,191,850
19283,-1.16181459662339,TRUE,634,941
19284,0.341085961809691,FALSE,26,26
19285,1.49290472356967,FALSE,715,715
19286,-1.82804349997189,FALSE,8,8
19287,-0.519170744903308,FALSE,743,743
19288,-2.15793946977551,FALSE,783,783
19289,0.417823077154339,TRUE,344,774
19290,-2.15181269387271,FALSE,302,302
19291,0.505907041130269,FALSE,173,173
19292,0.425492092677152,FALSE,193,193
19293,-0.107884423123469,FALSE,710,710
19294,0.965198889914943,FALSE,947,947
19295,1.20028327418929,TRUE,570,864
19296,0.600198863607494,FALSE,309,309
19297,0.883892713259939,FALSE,483,483
19298,-0.816374310894839,TRUE,821,686
19299,1.09819414133694,TRUE,882,539
19300,-0.993682918522681,FALSE,613,613
19301,0.943574388401312,FALSE,627,627
19302,-0.0877359018826185,FALSE,638,638
19303,1.48522136670344,FALSE,566,566
19304,0.57834836627896,FALSE,326,326
19305,0.0255015274225819,TRUE,253,652
19306,0.439239357911501,FALSE,630,630
19307,1.17931563764683,FALSE,988,988
19308,-1.2836623374816,FALSE,107,107
19309,1.74872236476405,FALSE,759,759
19310,-0.342328141628427,FALSE,88,88
19311,0.448571223161999,FALSE,250,250
19312,-1.82633556379423,FALSE,382,382
19313,-0.268830813151999,TRUE,256,673
19314,-0.285481182324328,TRUE,745,573
19315,1.02316597025411,FALSE,974,974
19316,-0.479308769832557,FALSE,694,694
19317,0.979063388455402,TRUE,252,77
19318,0.836336607471779,TRUE,584,209
19319,-1.06548994199424,FALSE,657,657
19320,1.79361920823269,TRUE,82,708
19321,-1.54041505107778,TRUE,951,245
19322,-1.60458269649204,TRUE,628,476
19323,2.46512599290117,FALSE,362,362
19324,-1.09024441443029,FALSE,354,354
19325,-0.372275305176038,FALSE,447,447
19326,-0.591671518225976,TRUE,630,490
19327,-0.268139809902297,FALSE,749,749
19328,-0.302424289730984,FALSE,280,280
19329,0.755623412767075,FALSE,810,810
19330,0.03372227377904,FALSE,168,168
19331,-0.0123097184543384,FALSE,32,32
19332,-0.096201055319104,FALSE,868,868
19333,0.000339028843009322,FALSE,523,523
19334,-0.110147958547601,TRUE,69,469
19335,0.657699420655724,FALSE,598,598
19336,-0.0851031057370472,FALSE,573,573
19337,0.698399309213203,FALSE,930,930
19338,-0.0305419172919021,TRUE,627,400
19339,0.82980815010739,FALSE,725,725
19340,0.709004684344409,FALSE,167,167
19341,-0.960512832855085,FALSE,535,535
19342,-1.14211953409851,FALSE,904,904
19343,-1.53182201478806,FALSE,454,454
19344,-1.17074535397601,TRUE,524,521
19345,-3.0192473993389,FALSE,192,192
19346,1.67830264147817,FALSE,613,613
19347,1.0177401872645,TRUE,631,597
19348,-0.847489712368617,FALSE,920,920
19349,-0.527192570583897,FALSE,357,357
19350,1.87103881982921,TRUE,727,183
19351,-1.58921463635568,FALSE,301,301
19352,-0.0219737574916709,FALSE,547,547
19353,-1.38177848279104,FALSE,792,792
19354,0.434702574146849,FALSE,737,737
19355,1.53774967628795,FALSE,82,82
19356,0.718538717664251,TRUE,246,747
19357,0.448420584560588,FALSE,888,888
19358,-0.823310374101921,FALSE,6,6
19359,1.41580437260754,FALSE,184,184
19360,0.149370314441286,FALSE,908,908
19361,1.18912303684703,TRUE,507,769
19362,0.653075287390667,TRUE,114,621
19363,-0.375068890369522,FALSE,891,891
19364,0.482556565499061,FALSE,77,77
19365,0.0162399691250788,FALSE,696,696
19366,0.622536199519519,FALSE,239,239
19367,-2.06225749639439,TRUE,588,743
19368,-0.40454412442981,FALSE,3,3
19369,-1.35216983599558,TRUE,759,584
19370,0.373998173494512,FALSE,0,0
19371,-1.0785153552188,FALSE,493,493
19372,-1.17814484138736,FALSE,190,190
19373,-0.457523413272717,FALSE,188,188
19374,-0.681523979672688,FALSE,708,708
19375,-0.515286630897666,FALSE,796,796
19376,0.298414029762856,FALSE,111,111
19377,-0.0623848945864132,TRUE,917,51
19378,0.23556964221055,FALSE,428,428
19379,-1.20897630886904,FALSE,203,203
19380,0.323781798425944,FALSE,698,698
19381,-0.704817319879379,FALSE,872,872
19382,-0.108302910925919,FALSE,792,792
19383,-1.05168133146166,FALSE,288,288
19384,0.319820306964688,FALSE,758,758
19385,0.525427862195559,TRUE,37,827
19386,0.118115036233742,FALSE,798,798
19387,0.108517160184286,FALSE,369,369
19388,1.16123353932977,FALSE,831,831
19389,0.544096331502313,FALSE,682,682
19390,0.874665999234131,TRUE,797,360
19391,-0.374090401972358,FALSE,656,656
19392,-0.230889663472814,TRUE,31,175
19393,0.740424530564052,TRUE,763,14
19394,0.157832882767018,FALSE,8,8
19395,0.38555808426476,FALSE,634,634
19396,2.09675392632377,FALSE,694,694
19397,0.967560833158317,TRUE,315,962
19398,0.678149352721401,TRUE,469,274
19399,2.24702532186388,FALSE,428,428
19400,-0.893819727285209,FALSE,15,15
19401,0.803031952730453,FALSE,970,970
19402,-0.554912430086976,FALSE,727,727
19403,0.347837515622011,FALSE,600,600
19404,-1.47208480191066,FALSE,513,513
19405,-1.10188884968121,FALSE,382,382
19406,1.06433972347611,FALSE,537,537
19407,-1.4610250263657,FALSE,925,925
19408,-1.28036453744155,FALSE,173,173
19409,0.381299238060427,FALSE,816,816
19410,-0.544143997429494,FALSE,744,744
19411,-0.976410826807371,FALSE,406,406
19412,-1.04032086223346,FALSE,482,482
19413,-0.484975203099964,FALSE,571,571
19414,0.956047677965757,TRUE,156,26
19415,-0.306665350627314,FALSE,250,250
19416,0.745498508635366,FALSE,5,5
19417,-1.24018697425273,TRUE,746,147
19418,0.094524853988318,FALSE,201,201
19419,0.155124408322118,FALSE,471,471
19420,0.128718652216353,FALSE,605,605
19421,-0.891590020488789,TRUE,351,766
19422,0.0343084150452005,TRUE,871,844
19423,0.760341625646572,FALSE,587,587
19424,-0.0163536996652726,FALSE,817,817
19425,0.412540747025194,FALSE,251,251
19426,0.699261420979919,FALSE,257,257
19427,1.33716540509173,FALSE,894,894
19428,-0.0606708330018836,TRUE,384,219
19429,-1.30506729792124,FALSE,403,403
19430,0.847802294417502,FALSE,764,764
19431,1.39672336849517,FALSE,143,143
19432,0.00266276437689838,TRUE,650,595
19433,-0.939296597788975,FALSE,741,741
19434,-1.3643166283043,FALSE,859,859
19435,-0.814138872982947,TRUE,817,509
19436,0.132480651189364,FALSE,346,346
19437,0.164971200764974,FALSE,472,472
19438,0.246658514831651,FALSE,480,480
19439,-0.1874763048803,FALSE,5,5
19440,-0.624232735933648,TRUE,63,222
19441,-1.3353968431067,FALSE,780,780
19442,0.902781963865489,FALSE,557,557
19443,0.356265561009714,TRUE,215,610
19444,-1.45194649602172,FALSE,702,702
19445,0.135315297735819,FALSE,742,742
19446,-0.0513520179963304,FALSE,889,889
19447,0.983101247888497,FALSE,537,537
19448,-1.44994683079488,FALSE,43,43
19449,-1.64344866103759,FALSE,331,331
19450,-0.110064640596734,FALSE,822,822
19451,0.856743018260408,FALSE,45,45
19452,-0.0613838510169975,TRUE,70,837
19453,-1.28970476534557,TRUE,285,492
19454,0.757238672685337,FALSE,836,836
19455,3.2688405844091,FALSE,82,82
19456,-1.24416896148017,FALSE,292,292
19457,0.559220505862135,FALSE,434,434
19458,0.354510618784276,TRUE,360,574
19459,-1.40557015804478,FALSE,740,740
19460,1.5731386594686,FALSE,721,721
19461,-0.408691198321911,TRUE,47,539
19462,-1.71663907189235,FALSE,927,927
19463,-0.769186255238139,TRUE,366,2
19464,-1.02886167417094,FALSE,713,713
19465,1.17511005171335,TRUE,254,207
19466,-1.92473799570298,FALSE,758,758
19467,0.629148594100597,FALSE,853,853
19468,1.21682453778974,TRUE,390,272
19469,1.5543671666788,FALSE,413,413
19470,-1.16850819581016,TRUE,205,9
19471,1.82537306346615,TRUE,105,950
19472,1.53036001864984,FALSE,776,776
19473,1.14462429817987,FALSE,567,567
19474,0.750084243049579,FALSE,77,77
19475,-1.64323703330574,TRUE,916,80
19476,-0.359737346650129,FALSE,612,612
19477,0.241604184803657,TRUE,361,860
19478,1.52053093195264,FALSE,849,849
19479,0.0109104086398813,FALSE,874,874
19480,0.244477478792157,TRUE,492,975
19481,-0.530072379589669,TRUE,852,258
19482,0.827116716233195,FALSE,47,47
19483,0.450881940981188,TRUE,302,357
19484,-0.36400364962037,FALSE,680,680
19485,-0.242340219098479,FALSE,853,853
19486,2.7350790669639,FALSE,512,512
19487,0.00180756989880118,FALSE,590,590
19488,-0.763931627251631,TRUE,775,956
19489,-0.0904710832802103,FALSE,436,436
19490,-0.469169819039164,FALSE,565,565
19491,-0.318113245692981,FALSE,317,317
19492,-0.702787064698346,FALSE,27,27
19493,-1.62673177941087,FALSE,929,929
19494,1.55621442694483,FALSE,461,461
19495,1.11051279434386,FALSE,461,461
19496,0.77420260247708,FALSE,936,936
19497,0.507232890329628,TRUE,521,798
19498,-0.419630366495707,FALSE,537,537
19499,-0.528487917930389,TRUE,963,452
19500,-1.42521509144223,TRUE,650,394
19501,1.73298966220907,FALSE,375,375
19502,1.66085181444233,FALSE,977,977
19503,-0.853436096336616,FALSE,538,538
19504,0.269055932086966,FALSE,34,34
19505,-0.860970363310031,FALSE,15,15
19506,-1.51778056185181,FALSE,260,260
19507,-0.0170631769389326,FALSE,237,237
19508,-0.684333227901009,FALSE,356,356
19509,0.159890973794978,FALSE,718,718
19510,-0.264213646005807,FALSE,821,821
19511,0.678553011969061,TRUE,203,341
19512,0.271591853829369,FALSE,409,409
19513,1.29097622048728,FALSE,417,417
19514,-0.883765754345527,FALSE,991,991
19515,-0.820501333156169,FALSE,731,731
19516,-0.0775073006026627,FALSE,454,454
19517,1.23358613866689,FALSE,598,598
19518,-0.985267201461378,FALSE,265,265
19519,0.469157524778227,FALSE,366,366
19520,-1.02476913792071,TRUE,109,47
19521,0.953040067538586,FALSE,182,182
19522,-0.605258958775329,TRUE,472,464
19523,-0.0374993148509481,FALSE,145,145
19524,2.02345618313585,FALSE,889,889
19525,0.230879756202367,TRUE,884,42
19526,-1.22070794183059,FALSE,483,483
19527,0.659804404128919,FALSE,563,563
19528,-0.142836283797994,FALSE,448,448
19529,-0.16509221951795,FALSE,153,153
19530,-1.09556519061716,FALSE,890,890
19531,-1.99683715025919,FALSE,302,302
19532,-1.49843569185612,FALSE,72,72
19533,0.727558147436896,FALSE,151,151
19534,0.508402388128627,TRUE,99,641
19535,-0.463242739979752,TRUE,608,312
19536,-1.25616855350646,FALSE,584,584
19537,-0.27079942670004,FALSE,89,89
19538,-1.13364951956009,FALSE,767,767
19539,-0.332607103851486,TRUE,60,988
19540,-2.75809457214525,FALSE,928,928
19541,1.55687507758175,FALSE,475,475
19542,0.171740753479914,TRUE,759,627
19543,1.73259561513057,FALSE,744,744
19544,0.526050537392761,FALSE,977,977
19545,-0.720905478080276,FALSE,798,798
19546,-0.667106947446982,TRUE,450,555
19547,0.48818949113309,TRUE,836,143
19548,0.53002074638718,FALSE,925,925
19549,1.04188616579943,FALSE,976,976
19550,-2.04828023464991,TRUE,88,877
19551,0.963492143461327,FALSE,883,883
19552,-0.983371919845122,FALSE,22,22
19553,-1.51931665422151,TRUE,48,949
19554,0.888025591005611,FALSE,367,367
19555,0.248166796668722,FALSE,368,368
19556,-0.0173521614900293,FALSE,263,263
19557,0.174052216824553,FALSE,96,96
19558,-2.15902609748709,TRUE,197,83
19559,-0.332808452364369,FALSE,626,626
19560,0.157632145598444,TRUE,401,244
19561,1.17940355675113,FALSE,267,267
19562,-0.950716690614519,TRUE,621,575
19563,0.0504042108729149,FALSE,680,680
19564,-1.10978888890054,TRUE,451,220
19565,-0.230976285627022,FALSE,668,668
19566,0.916733312468817,FALSE,725,725
19567,1.51131544051803,FALSE,672,672
19568,-2.12095639027538,FALSE,221,221
19569,-0.551195553171275,TRUE,174,784
19570,1.86604372869977,FALSE,842,842
19571,-0.906169741460993,FALSE,223,223
19572,0.330293745569932,FALSE,666,666
19573,-0.734221717292392,FALSE,538,538
19574,-1.19332328271383,TRUE,596,662
19575,-0.0394981543975574,FALSE,430,430
19576,-0.122690641959627,FALSE,957,957
19577,1.26343653138181,TRUE,134,464
19578,-0.864640719465519,FALSE,210,210
19579,0.698466959801422,FALSE,254,254
19580,-1.06945620356222,TRUE,474,564
19581,-0.407809087050526,TRUE,751,272
19582,-0.0321616946259077,FALSE,130,130
19583,-1.34169827243981,TRUE,833,544
19584,0.262691728975604,TRUE,179,932
19585,1.46621864186845,FALSE,250,250
19586,-0.304215660504083,FALSE,957,957
19587,1.10976326698461,FALSE,976,976
19588,0.238713388846355,FALSE,296,296
19589,-0.911039057417619,TRUE,431,747
19590,1.59840262941003,TRUE,132,31
19591,-0.256096052904736,TRUE,572,861
19592,-0.327969507955583,FALSE,461,461
19593,0.739376436136258,TRUE,189,157
19594,0.103870411692079,FALSE,664,664
19595,-0.010427587825442,FALSE,787,787
19596,0.98040907318945,TRUE,640,103
19597,0.5680382277635,FALSE,291,291
19598,1.49775471174541,TRUE,557,669
19599,-0.146601129341026,FALSE,93,93
19600,0.634693354605294,TRUE,385,832
19601,0.0991362756391142,FALSE,946,946
19602,0.264565999945207,FALSE,800,800
19603,-0.343534906119111,FALSE,443,443
19604,1.90343374909061,FALSE,408,408
19605,-1.00603378440443,TRUE,540,101
19606,-0.170764879506444,FALSE,963,963
19607,-1.12479329785686,FALSE,341,341
19608,-1.0416589295623,FALSE,947,947
19609,-1.09914135894671,TRUE,134,446
19610,-0.603792738252701,FALSE,948,948
19611,-0.419643838317679,FALSE,243,243
19612,-0.922242829044619,TRUE,390,415
19613,-0.747561944211967,FALSE,559,559
19614,-0.285479528416564,TRUE,953,576
19615,-0.9751558334232,FALSE,842,842
19616,1.51929313826948,TRUE,547,902
19617,0.379881502695578,FALSE,439,439
19618,-0.643761380589952,FALSE,357,357
19619,-0.353772649480495,FALSE,112,112
19620,-1.10824247495899,FALSE,16,16
19621,2.00806166582838,FALSE,175,175
19622,-0.0420178704269282,FALSE,174,174
19623,0.723683527233936,FALSE,513,513
19624,-0.290537375290523,FALSE,553,553
19625,1.63303751723875,TRUE,244,804
19626,-0.0336814294450382,FALSE,371,371
19627,-0.588968119084041,FALSE,287,287
19628,-0.2831443463456,TRUE,482,430
19629,0.144265483267306,FALSE,515,515
19630,-0.18362233547805,TRUE,272,618
19631,0.62464872379139,FALSE,534,534
19632,1.24802544158633,FALSE,618,618
19633,-1.24373251742777,FALSE,316,316
19634,0.13788579559944,FALSE,788,788
19635,-0.244819009184074,FALSE,881,881
19636,-0.609120733286077,FALSE,126,126
19637,-0.161876150628855,FALSE,556,556
19638,0.341465183068141,FALSE,535,535
19639,0.130611982011178,FALSE,113,113
19640,-0.140461173268747,FALSE,107,107
19641,-1.5098359600929,FALSE,408,408
19642,0.538394086291186,FALSE,935,935
19643,0.580896498393318,TRUE,333,410
19644,0.503746005017119,TRUE,532,314
19645,0.431243687197292,FALSE,219,219
19646,-0.452350121200055,FALSE,455,455
19647,0.552570486547047,FALSE,955,955
19648,2.89738932549056,FALSE,863,863
19649,-0.415681427260853,FALSE,66,66
19650,0.650948029447289,FALSE,654,654
19651,-0.134336048075935,FALSE,47,47
19652,-0.235310899880328,FALSE,956,956
19653,0.335491974072959,FALSE,467,467
19654,1.00609962976349,FALSE,866,866
19655,0.0161689036561342,TRUE,218,933
19656,-1.06357995547401,FALSE,112,112
19657,-0.917219406398942,FALSE,650,650
19658,-0.14518253235022,FALSE,857,857
19659,-1.51219000752041,FALSE,57,57
19660,1.71728728070939,FALSE,804,804
19661,1.8255411341153,FALSE,89,89
19662,0.645658775586169,TRUE,241,83
19663,-0.516225342054905,FALSE,48,48
19664,-1.13868863031901,FALSE,284,284
19665,1.70392499881846,FALSE,590,590
19666,0.235500062077139,FALSE,172,172
19667,-0.0516237477083223,FALSE,710,710
19668,-0.12066300795023,FALSE,911,911
19669,-1.19273537373046,TRUE,517,614
19670,-0.940550804870137,FALSE,382,382
19671,-1.00726319494153,FALSE,940,940
19672,-1.22811302206777,TRUE,780,211
19673,0.408044950298547,FALSE,861,861
19674,0.797904248178868,TRUE,181,365
19675,-1.34901226827416,FALSE,686,686
19676,-0.97088350231803,FALSE,447,447
19677,-0.721697142231105,FALSE,86,86
19678,-0.650823796201092,FALSE,862,862
19679,0.0607390495556194,FALSE,526,526
19680,-0.765788615068372,FALSE,544,544
19681,0.528084765591289,FALSE,483,483
19682,-0.688144279156827,FALSE,930,930
19683,-0.129437088675497,TRUE,446,369
19684,0.773421968598925,FALSE,893,893
19685,0.778568236971356,FALSE,560,560
19686,-0.750422449141026,FALSE,169,169
19687,0.388505610028717,TRUE,53,236
19688,-1.58115989543583,FALSE,939,939
19689,0.261057587216495,TRUE,773,493
19690,-0.0345488244400533,FALSE,971,971
19691,0.325972325260342,TRUE,221,595
19692,-0.039215548072987,FALSE,29,29
19693,-2.13686314344809,FALSE,830,830
19694,0.421676458048077,FALSE,762,762
19695,-1.25286781702429,FALSE,727,727
19696,-0.161558147388652,FALSE,145,145
19697,-0.638944745076263,FALSE,196,196
19698,0.247416921941629,FALSE,537,537
19699,0.720239938794765,TRUE,780,637
19700,-0.667090977378264,FALSE,395,395
19701,-0.465743388726739,FALSE,729,729
19702,-1.17546494698652,FALSE,967,967
19703,-1.84694094745151,TRUE,18,337
19704,-1.19458537406502,FALSE,969,969
19705,-0.505746180297914,TRUE,803,773
19706,-0.411058861581428,FALSE,798,798
19707,0.797916644428874,FALSE,606,606
19708,-0.363783966309267,FALSE,749,749
19709,-0.947594370306792,FALSE,817,817
19710,-0.367821180912529,FALSE,764,764
19711,-0.129746043341181,FALSE,112,112
19712,0.274409110433182,FALSE,836,836
19713,0.873400074443449,FALSE,793,793
19714,0.978267448729324,TRUE,743,983
19715,0.690622107328408,FALSE,493,493
19716,-2.22619653447054,FALSE,962,962
19717,-1.34327177898004,FALSE,15,15
19718,-0.0644197312905062,FALSE,662,662
19719,-0.77743081476191,TRUE,178,125
19720,-1.10374595603353,FALSE,587,587
19721,-0.71367378458475,FALSE,747,747
19722,0.608847418985281,TRUE,573,797
19723,0.483072117445313,TRUE,781,594
19724,1.17104648082015,FALSE,502,502
19725,-0.0142123773208916,FALSE,85,85
19726,-1.30639126729704,FALSE,172,172
19727,1.58126570373748,FALSE,634,634
19728,-0.758693413707321,TRUE,902,280
19729,0.142115694109251,FALSE,523,523
19730,-0.0192694621373369,FALSE,268,268
19731,0.337889465694209,FALSE,74,74
19732,-1.11005066853872,TRUE,830,512
19733,-1.50517554254661,FALSE,351,351
19734,0.575204256137773,FALSE,6,6
19735,-0.424521581155526,TRUE,891,823
19736,-1.8735651181706,TRUE,821,545
19737,-1.28224392462368,FALSE,210,210
19738,0.513867338048738,FALSE,538,538
19739,-0.0400868688276025,FALSE,865,865
19740,-0.913473648871834,FALSE,538,538
19741,0.615053035352141,FALSE,186,186
19742,0.206859794059452,FALSE,902,902
19743,0.0181126378561424,FALSE,826,826
19744,1.34260861676671,TRUE,866,9
19745,-0.631469281888983,FALSE,425,425
19746,0.157760450337453,FALSE,536,536
19747,1.5289166483625,FALSE,284,284
19748,-0.188915864266423,FALSE,685,685
19749,1.99456006765751,FALSE,168,168
19750,0.199621086261815,TRUE,758,952
19751,0.262966338242537,FALSE,991,991
19752,1.54545619399634,FALSE,517,517
19753,0.0352336337757492,FALSE,46,46
19754,-1.05442367992179,FALSE,969,969
19755,-1.64262508896298,FALSE,888,888
19756,-0.485761776041573,FALSE,490,490
19757,-0.806535321754019,TRUE,541,549
19758,-0.716023865868542,FALSE,629,629
19759,1.15771992984564,FALSE,248,248
19760,1.05364282103589,TRUE,613,958
19761,0.357272901470585,FALSE,479,479
19762,0.310991044540057,FALSE,470,470
19763,-1.39185136191177,FALSE,501,501
19764,1.5552581703766,TRUE,646,466
19765,0.125296423220187,FALSE,651,651
19766,-1.16729789738305,FALSE,90,90
19767,1.38909372396462,FALSE,905,905
19768,1.5992896085002,TRUE,932,934
19769,1.29848790348496,FALSE,490,490
19770,0.46240503129664,TRUE,188,592
19771,-1.00613426524062,FALSE,435,435
19772,-1.38311748152293,FALSE,182,182
19773,1.55144796631578,FALSE,888,888
19774,0.392615012151593,FALSE,831,831
19775,-0.351234717224533,FALSE,679,679
19776,-0.697185099926799,FALSE,131,131
19777,1.01811247005436,TRUE,16,55
19778,-0.91899371247669,TRUE,90,644
19779,1.03103893952608,FALSE,618,618
19780,1.08496416022016,FALSE,434,434
19781,-0.209001577770218,FALSE,986,986
19782,0.485649336244518,FALSE,401,401
19783,1.19250531066178,FALSE,853,853
19784,0.468134196511789,FALSE,400,400
19785,0.0936527709744713,TRUE,775,969
19786,-1.32261548225877,FALSE,758,758
19787,-0.538564167770964,FALSE,880,880
19788,0.633402249852794,FALSE,443,443
19789,-0.720559948108365,FALSE,756,756
19790,1.44992309898647,FALSE,222,222
19791,1.91087169375866,TRUE,787,304
19792,-0.266137025928971,FALSE,45,45
19793,0.389674729610284,FALSE,798,798
19794,0.375652711679743,FALSE,705,705
19795,-0.101027217234015,FALSE,542,542
19796,0.163706811858847,FALSE,479,479
19797,-0.284277908211069,FALSE,301,301
19798,-1.07942341158254,FALSE,693,693
19799,1.25192221437014,TRUE,266,624
19800,0.54715011674019,FALSE,226,226
19801,-0.660468085683002,FALSE,634,634
19802,0.0722189869772253,FALSE,562,562
19803,0.532985709807915,FALSE,868,868
19804,-1.74634213600207,TRUE,41,233
19805,0.10919116310833,FALSE,800,800
19806,-1.23872886851774,TRUE,556,271
19807,-0.449224876542088,FALSE,140,140
19808,-1.59595898744679,FALSE,381,381
19809,-1.62967252205238,FALSE,414,414
19810,-2.15757118531447,FALSE,389,389
19811,0.647532725702859,FALSE,950,950
19812,1.92006350722329,FALSE,855,855
19813,1.16666521154542,FALSE,972,972
19814,-0.932649240225382,TRUE,320,193
19815,-0.698781923971159,FALSE,553,553
19816,1.22588332047021,FALSE,658,658
19817,-2.01077480616201,FALSE,760,760
19818,-0.573460586053364,TRUE,460,374
19819,-0.227659815421489,FALSE,749,749
19820,-1.67380120704606,FALSE,850,850
19821,1.54057307350419,FALSE,649,649
19822,0.422006561735044,FALSE,93,93
19823,1.18960680866279,FALSE,490,490
19824,-0.342310230519705,FALSE,429,429
19825,0.10471245903184,FALSE,987,987
19826,0.27136477006043,TRUE,341,218
19827,1.47346956193994,TRUE,773,52
19828,1.5778800326641,FALSE,576,576
19829,-0.622534558775796,FALSE,8,8
19830,1.10047250149806,TRUE,593,890
19831,0.480839181969161,FALSE,983,983
19832,0.847068380848914,FALSE,730,730
19833,-1.40707947060469,FALSE,538,538
19834,-0.269401412004307,FALSE,673,673
19835,1.36693808851585,FALSE,683,683
19836,0.13783886222566,FALSE,933,933
19837,0.0870716496628306,TRUE,89,955
19838,-0.619216669482507,TRUE,418,405
19839,1.08310060331861,FALSE,706,706
19840,0.0531519523527887,FALSE,938,938
19841,0.164638103261571,FALSE,179,179
19842,-0.742804840372127,FALSE,405,405
19843,1.18101240135903,TRUE,302,198
19844,0.0351556417235332,FALSE,113,113
19845,1.15914650698783,TRUE,960,578
19846,-0.0801565358795469,FALSE,102,102
19847,0.0628122757664095,FALSE,219,219
19848,0.185187882534924,TRUE,527,825
19849,-0.468821071438791,FALSE,685,685
19850,-1.93510029050412,FALSE,861,861
19851,-0.76144881421734,TRUE,89,308
19852,-0.85577820418935,TRUE,759,279
19853,-0.276054219367387,TRUE,994,798
19854,-0.936200424745822,FALSE,751,751
19855,-0.167418068648702,FALSE,726,726
19856,-0.0809104133508526,FALSE,123,123
19857,1.61250224076318,FALSE,479,479
19858,-0.204335201190658,TRUE,58,610
19859,1.91634973785414,FALSE,351,351
19860,0.0827379485958507,FALSE,560,560
19861,0.0850122417266892,FALSE,651,651
19862,0.459521454661177,FALSE,167,167
19863,0.0984347678692107,FALSE,533,533
19864,-0.917485110531603,FALSE,948,948
19865,0.413721805978585,FALSE,350,350
19866,1.05437535386762,FALSE,595,595
19867,0.523020289232299,FALSE,874,874
19868,0.0732804207632757,FALSE,917,917
19869,-0.799869427409152,FALSE,98,98
19870,0.996598472223582,FALSE,108,108
19871,0.409109106920342,FALSE,872,872
19872,-0.369069715547791,FALSE,401,401
19873,-0.612995331082767,TRUE,162,569
19874,-0.223977303613398,TRUE,7,974
19875,0.747261503023605,FALSE,884,884
19876,-0.426650934059323,FALSE,530,530
19877,0.849456311929488,FALSE,658,658
19878,-1.23914999352231,FALSE,676,676
19879,0.879122353971491,TRUE,839,37
19880,-0.0816815572014355,FALSE,794,794
19881,1.36600921814605,FALSE,119,119
19882,0.442158534648399,TRUE,319,905
19883,0.632689547091955,FALSE,687,687
19884,-1.5760649538176,FALSE,838,838
19885,-0.209161459549629,TRUE,880,754
19886,-0.059861756066313,FALSE,747,747
19887,-1.65788909971917,FALSE,714,714
19888,-1.371239475917,FALSE,384,384
19889,0.0855610547091277,TRUE,423,976
19890,-1.24994939294997,FALSE,362,362
19891,-0.654620528137396,FALSE,653,653
19892,0.721254782135801,FALSE,43,43
19893,0.781600058515818,FALSE,841,841
19894,-0.397489258531635,TRUE,692,820
19895,-0.0422243164426844,TRUE,921,556
19896,0.901642854968626,FALSE,718,718
19897,-0.811672760692722,FALSE,799,799
19898,-0.394121757712143,FALSE,461,461
19899,1.23201554838702,FALSE,627,627
19900,0.0932166762773001,FALSE,242,242
19901,-1.40051084972192,FALSE,77,77
19902,-0.317415442679097,TRUE,625,133
19903,-1.51026741290331,FALSE,987,987
19904,-0.724131693365474,TRUE,852,238
19905,-1.27431294634475,TRUE,896,986
19906,-0.965759445213083,TRUE,219,717
19907,-0.849469475810346,FALSE,599,599
19908,-0.478084799256305,FALSE,360,360
19909,1.69426580396853,FALSE,553,553
19910,0.0885924845964127,FALSE,448,448
19911,-1.7750236877247,FALSE,718,718
19912,-1.97561716693619,TRUE,58,636
19913,-0.891025089573815,FALSE,339,339
19914,1.52089840852589,TRUE,898,931
19915,1.66928362823584,FALSE,859,859
19916,-0.948549636139579,FALSE,388,388
19917,0.812602631123141,FALSE,263,263
19918,1.23051174833148,TRUE,155,145
19919,-1.15223984566089,FALSE,511,511
19920,-1.81912894666728,FALSE,643,643
19921,-0.997300780890451,FALSE,885,885
19922,-0.72274628911312,FALSE,289,289
19923,-0.496393278419523,FALSE,674,674
19924,1.89672758119428,TRUE,93,995
19925,0.00170473797533004,FALSE,810,810
19926,0.152447006701587,TRUE,636,433
19927,-0.110288107481486,TRUE,501,502
19928,-0.822532617050902,FALSE,78,78
19929,-0.991043147047666,FALSE,436,436
19930,1.49825047724148,FALSE,105,105
19931,-0.301730053270258,FALSE,864,864
19932,0.377920733108173,FALSE,13,13
19933,-1.22334357791836,TRUE,842,929
19934,0.842865417108421,FALSE,778,778
19935,-0.520054370374639,FALSE,38,38
19936,0.230745766740978,FALSE,31,31
19937,-0.133199691453753,FALSE,196,196
19938,-2.05878663926963,TRUE,310,898
19939,1.29740894120121,FALSE,575,575
19940,1.0294966356091,FALSE,248,248
19941,-0.821583823882274,FALSE,903,903
19942,0.155313775450545,TRUE,330,647
19943,-1.05082833362905,FALSE,17,17
19944,0.835385093408276,FALSE,834,834
19945,0.671516523372523,TRUE,589,119
19946,-2.28706078059331,TRUE,481,570
19947,-1.51888545732957,FALSE,724,724
19948,-0.854837107185012,FALSE,702,702
19949,0.0801321109154066,FALSE,717,717
19950,-1.1835416140222,FALSE,914,914
19951,0.663154681588583,FALSE,997,997
19952,-0.122711173647371,FALSE,306,306
19953,0.0436426467652791,FALSE,489,489
19954,-0.91094768165186,FALSE,189,189
19955,0.599916787343406,FALSE,99,99
19956,0.175063639136462,FALSE,180,180
19957,0.011538211887321,FALSE,570,570
19958,-0.132290244404098,FALSE,387,387
19959,-0.653136728216544,FALSE,915,915
19960,-1.22221919630729,FALSE,223,223
19961,-0.967354439998752,FALSE,674,674
19962,-2.19035744860933,TRUE,146,346
19963,0.377651380382171,TRUE,17,310
19964,0.795204328529723,FALSE,75,75
19965,-1.12555108269024,FALSE,676,676
19966,0.681499525899561,TRUE,741,608
19967,-0.806079026652355,FALSE,164,164
19968,-0.310792413950709,FALSE,561,561
19969,-0.454525850828596,FALSE,628,628
19970,-2.62443555590096,TRUE,36,168
19971,0.470468402023488,FALSE,107,107
19972,-0.119894485877334,FALSE,8,8
19973,0.319728903612742,FALSE,350,350
19974,2.43601553464876,FALSE,328,328
19975,0.149004222886116,FALSE,356,356
19976,2.04307515987192,FALSE,106,106
19977,0.434393064658374,FALSE,672,672
19978,0.889222457876923,FALSE,377,377
19979,-0.856820214267842,FALSE,408,408
19980,0.53655708645003,TRUE,362,831
19981,-0.71419041169676,FALSE,339,339
19982,-0.642808560425985,FALSE,243,243
19983,-0.458159642694063,FALSE,939,939
19984,0.14799486479172,FALSE,902,902
19985,-0.576368884921374,FALSE,350,350
19986,-0.633065233087233,FALSE,769,769
19987,1.3389219320571,FALSE,986,986
19988,-0.298682701684226,FALSE,478,478
19989,-1.38809621729679,FALSE,330,330
19990,-1.22149962359598,FALSE,641,641
19991,-1.17315508201684,FALSE,764,764
19992,0.556035784084864,FALSE,536,536
19993,0.238471841729009,FALSE,685,685
19994,-1.26769807498637,FALSE,227,227
19995,-0.387322744610592,TRUE,498,657
19996,-0.0677093723033786,FALSE,88,88
19997,0.905056060570561,FALSE,682,682
19998,1.88073465603748,FALSE,603,603
19999,0.929562053868984,FALSE,88,88
